# callgrind format
version: 1
creator: callgrind-3.18.1
pid: 3014
cmd:  ./seis_for_anidados
part: 1


desc: I1 cache: 32768 B, 64 B, 8-way associative
desc: D1 cache: 49152 B, 64 B, 12-way associative
desc: LL cache: 25165824 B, 64 B, 12-way associative

desc: Timerange: Basic block 0 - 63642491
desc: Trigger: Program termination

positions: line
events: Ir Dr Dw I1mr D1mr D1mw ILmr DLmr DLmw
summary: 1200453210 484537941 105221595 3880 2674149 80700 2589 7764 9970


ob=(3) /usr/lib/x86_64-linux-gnu/libc.so.6
fl=(222) ./stdlib/./stdlib/random.c
fn=(1542) random
288 788000 0 0 2 0 0 1
+3 394000
-3 1182000 394000 394000 2 0 0 1
+3 788000 0 394000 0 0 20 0 0 1
+2 1182000 0 394000
cfi=(223) ./stdlib/./stdlib/random_r.c
cfn=(1544) random_r
calls=394000 +61 
* 12557164 3152000 1182000 4 80 0 2 2
+2 1576000 394000 394000
+2 394000 394000
+1 1970000 1182000 0 2 0 0 1

fl=(243) ./stdlib/../sysdeps/x86_64/rshift.S
fn=(1882) __mpn_rshift
28 38 0 0 2 0 0 1
+1 38
+1 38
+1 38
+13 38 0 0 2 0 0 1
+1 38
+16 38 0 0 3 0 0 1
+1 38 38
+1 38 38
+1 38
+1 38
+1 38
+1 38
+5 38
+1 38 0 38
+1 38
+1 38 0 38
+1 38 38

fl=(233) ./string/../sysdeps/x86_64/multiarch/strchr-avx2.S
fn=(1864) __strchrnul_avx2
51 80 0 0 3 0 0 1
+2 80
+1 80
+1 80
+1 80
+1 80
+3 80
+1 80
+4 80 80
+1 80
+1 80
+1 80
+1 80
+1 80
+1 80
+1 80 0 0 3 0 0 1
+6 80
+1 160 80

fn=(1748) __strchr_avx2
51 3 0 0 3 0 0 1
+2 3
+1 3
+1 3
+1 3
+1 3
+3 3
+1 3
+4 3 3
+1 3
+1 3
+1 3
+1 3
+1 3
+1 3 0 0 3 0 0 1
+1 3
+3 3 3
+1 3
+23 3
+1 6 3

fl=(105) ./string/../sysdeps/x86_64/multiarch/strcasecmp.c
fn=(346) strcasecmp
31 1
fi=(263) ./string/../sysdeps/x86_64/multiarch/ifunc-strcasecmp.h
+1 5 2 0 1 0 0 1
fe=(105)
-1 1 1

fl=(192) ./iconv/./iconv/gconv_simple.c
fn=(992) __gconv_btwoc_ascii
49 128 0 0 1 0 0 1
+2 512 0 0 1 0 0 1
+3 128 128

fl=(235) ./libio/./libio/strops.c
fn=(1858) _IO_str_init_static_internal
36 560 0 240 6 0 0 2
+4 80
+6 200 0 40 0 0 1
cfi=(212) ./libio/./libio/genops.c
cfn=(1484) _IO_setb
calls=40 329 
* 960 200 160
+5 120 0 0 3 0 0 1
-1 160 40
+14 40 0 40
-14 240 0 120
+15 280 240
-23 40 0 0 3 0 0 1
+1 200

fl=(234) ./libio/./libio/vsnprintf.c
fn=(1854) vsnprintf
123 40 0 0 4 0 0 1
+1 80
cfn=(1856) __vsnprintf_internal
calls=40 -29 
* 76900 15462 11018 430 46 37 147 15

fn=(1856)
95 560 40 280 7 0 1 2
+4 40 0 40 0 0 1
+5 120
+9 80 0 0 5 0 0 1
-3 320 0 80 0 0 1
cfi=(212)
cfn=(1726) _IO_no_init
calls=40 563 
* 1840 320 720 3 0 3 1
+3 120
-2 40
+2 40
-2 40 0 40 2 0 1 1
+1 40 0 40
+1 40 0 40
cfi=(235)
cfn=(1858)
calls=40 -77 
* 2880 480 600 12 0 1 4
+1 200 0 40
cfi=(236) ./stdio-common/./stdio-common/vfprintf-internal.c
cfn=(1860) __vfprintf_internal
calls=40 1180 
* 69900 14142 9098 397 46 29 137 15
+2 120 80
+1 80 40 40
+2 440 360 0 4 0 0 1

fl=(147) ./time/../sysdeps/unix/sysv/linux/time.c
fn=(484) time
38 1 0 0 1 0 0 1
fi=(264) ./time/../sysdeps/unix/sysv/linux/dl-vdso.h
+2 2 2 0 0 1
+1 2
fe=(147)
-3 2 1 0 1 0 0 1

fl=(175) ./stdlib/../sysdeps/unix/sysv/linux/getrandom.c
fn=(658) getrandom
28 1 0 0 1 0 0 1
+1 7 1 0 1 0 0 1
+1 1 1

fl=(214) ./libio/./libio/filedoalloc.c
fn=(1474) _IO_file_doallocate
78 9 1 4 1 0 0 1
+6 4 2 0 1 0 0 1
fi=(217) ./libio/./libio/libioP.h
940 3
+2 2
+1 2
fe=(214)
84 3 1 1 0 1
cfi=(213) ./libio/./libio/fileops.c
cfn=(1476) _IO_file_stat
calls=1 1146 
* 18 2 0 4 0 0 4
* 2
+2 4 1 0 1 0 0 1
+11 4 1
+4 2 0 1
cob=(2) ???
cfi=(51) ???
cfn=(1482) 0x0000000004ba9380
calls=1 0 
* 194 35 28 4 3 1 1 0 1
* 1
+1 2
+2 4 0 1
cfi=(212)
cfn=(1484)
calls=1 329 
* 24 5 4 2 0 0 2
+1 1 0 0 1 0 0 1
+1 8 6
-15 1 1 0 1 0 0 1
fi=(265) ./libio/../include/sys/sysmacros.h
-44 6
fe=(214)
+44 1
-2 2
+5 2 0 1

fl=(87) ./wcsmbs/../sysdeps/x86_64/multiarch/wcsnlen.c
fn=(302) wcsnlen
29 1 0 0 1 0 0 1
fi=(88) ./wcsmbs/../sysdeps/x86_64/multiarch/ifunc-wcslen.h
+5 4 2
-1 2
+2 3 1 0 1 0 0 1
+2 2
+4 3
+3 3
fe=(87)
-15 1 1

fl=(99) ./wcsmbs/../sysdeps/x86_64/multiarch/wcscmp.c
fn=(332) wcscmp
30 1
fi=(95) ./wcsmbs/../sysdeps/x86_64/multiarch/ifunc-avx2.h
+3 5 2 0 1 0 0 1
-1 2
+2 3 1
+2 2
+4 3
+3 4 0 0 1 0 0 1
fe=(99)
-13 1 1

fl=(156) ./ctype/./ctype/ctype-info.c
fn=(514) __ctype_init
29 1 0 0 1 0 0 1
+2 7 5 1 0 4
+2 4 2 1 0 1
+2 4 2 1 1 0 0 1
+1 1 1

fl=(198) ./setjmp/../sysdeps/x86_64/setjmp.S
fn=(1344) __sigsetjmp
30 1 0 0 1 0 0 1
+2 1 0 1
+9 1
+1 2 1
+1 1 0 1
+4 1 0 1
+1 1 0 1
+1 1 0 1
+1 1 0 1
+1 1
+2 2 1 0 1 0 0 1
+2 1 0 1
+1 1 1
+1 1
+2 2 1
+2 1 0 1
+5 1 1 0 0 1
+1 1
+17 1 0 0 1 0 0 1
cfi=(199) ./setjmp/./setjmp/sigjmp.c
cfn=(1346) __sigjmp_save
calls=1 -56 
* 9 2 2

fl=(258) ./nptl/./nptl/pthread_mutex_unlock.c
fn=(2072) pthread_mutex_unlock@@GLIBC_2.2.5
367 1 0 0 1 0 0 1
51 3 1
+1 2 0 0 1 0 0 1
367 1
57 2
+8 1 0 1
-3 1 0 1
-23 1 1
+1 2
+30 1
369 2 1
40 3 1
+1 2 0 1
+33 2 0 0 1 0 0 1
+6 4 1 0 1 0 0 1
+4 3 2
+3 3 0 1 1 0 0 1

fl=(219) ./libio/./libio/iofflush.c
fn=(1506) fflush
32 14 0 0 3 0 0 1
+1 28
-1 42 0 42 3 0 0 1
+7 196 70 42 3 4 0 1 1
+1 14 14 0 0 2
fi=(217)
940 42
+2 28
+1 28
fe=(219)
40 28 14 14 0 1
cfi=(213)
cfn=(1508) _IO_file_sync@@GLIBC_2.2.5
calls=14 792 
* 252 98 42 9 1 0 3 1
* 28
fi=(217)
883 28 14
+1 126 42 42 3 0 0 1
fe=(219)
44 70 56

fl=(250) ./libio/./libio/iofclose.c
fn=(1968) fclose@@GLIBC_2.2.5
34 15 0 9 3 0 0 1
+14 9 3 0 3 0 0 1
fi=(217)
883 6
+1 9 3 3
fe=(250)
57 3 3
fi=(217)
940 9 0 0 3 0 0 1
+2 6
+1 6
fe=(250)
57 9 3 3 0 2
cfi=(213)
cfn=(1984) _IO_file_finish@@GLIBC_2.2.5
calls=3 168 
* 87 27 9 14 0 0 5
+1 9 3
+13 6 3
fi=(217)
855 12 6
+1 12 3 0 0 2
+6 6 0 3
cob=(2)
cfi=(51)
cfn=(1988) 0x0000000004ba9370
calls=3 0 
* 420 126 54 2 2
fe=(250)
76 15 12
-27 3 0 3 2 0 0 1
cfi=(212)
cfn=(1970) _IO_un_link
calls=3 +4 
* 324 93 93 27 0 0 8
+2 36 15 3 2 0 0 1
+1 3 3
-1 6 0 6
fi=(217)
883 6
fe=(250)
52 6 0 0 1 0 0 1
+1 6 0 3
cfi=(213)
cfn=(1974) _IO_file_close_it@@GLIBC_2.2.5
calls=3 +75 
* 300 69 54 22 2 0 9
fi=(217)
883 3 3
fe=(250)
53 3
fi=(217)
883 6
+1 12 3 6
fe=(250)

fl=(178) ./misc/../sysdeps/unix/sysv/linux/brk.c
fn=(674) brk
35 56 0 0 3 0 0 1
+1 224 56 56
+1 112
+6 56
+1 56 56

fl=(191) ./elf/./elf/dl-profstub.c
fn=(990) _dl_mcount_wrapper_check
36 128 0 0 1 0 0 1
+1 128 128
-1 128
+1 256 128
+2 128 128

fl=(225) ./time/../sysdeps/unix/sysv/linux/clock_gettime.c
fn=(1550) clock_gettime@@GLIBC_2.17
30 40 0 0 2 0 0 1
+8 80 80 0 0 68
+2 80
+28 80 0 0 2 0 0 1
+1 80
-25 40
+42 40 40

fl=(128) ./string/../sysdeps/x86_64/multiarch/rawmemchr.c
fn=(408) rawmemchr
31 1 0 0 1 0 0 1
fi=(124) ./string/../sysdeps/x86_64/multiarch/ifunc-evex.h
+4 5 2
-1 2
+2 3 1
+5 2 0 0 1 0 0 1
-3 2
+9 3
+3 4
fe=(128)
-19 1 1

fl=(221) ./stdlib/./stdlib/rand.c
fn=(1540) rand
26 788000 0 0 2 0 0 1
+1 394000 0 394000
cfi=(222)
cfn=(1542)
calls=394000 288 
* 20831164 5516000 2758000 10 80 20 5 2 1
+1 788000 394000

fl=(231) ./io/../sysdeps/unix/sysv/linux/open64.c
fn=(1742) open
30 6 0 3 3 0 0 1
+3 3
-3 24 3 9 3 0 0 1
+3 6
+8 30 3
+2 21 15
-7 6 0 3 2 0 0 1
+1 3 3
-1 9 0 6 2 0 0 1
+2 3

fl=(118) ./string/../sysdeps/x86_64/multiarch/strlen.c
fn=(380) strlen
29 3 0 0 2 0 0 1
fi=(84) ./string/../sysdeps/x86_64/multiarch/ifunc-avx2.h
+4 15 6 0 0 3
-1 6 0 0 2 0 0 1
+2 9 3 0 0 1
+2 6
+4 9
+3 12
fe=(118)
-14 3 3 0 1

fl=(213)
fn=(1530) _IO_file_xsputn@@GLIBC_2.2.5
1197 10 0 8 2 0 0 1
+7 2
-7 6 0 4
+6 8
+9 4 2
-2 8 2
+23 2 0 0 2 0 0 1
+2 2
+2 4
-2 2
+1 2
+1 2
-2 2 0 2
cob=(2)
cfi=(51)
cfn=(1532) 0x0000000004ba93e0
calls=2 0 
* 30 8 4 2 1 0 2
* 2 0 2
+4 4
+28 18 14
-55 2 2 0 2 0 0 1
+4 2
-4 2
+1 4
+5 117 39
-2 86 0 0 4 0 0 2

fn=(1490) _IO_file_write@@GLIBC_2.2.5
1173 28 0 16 2 0 0 1
+2 24
+5 4 0 4
cfi=(218) ./io/../sysdeps/unix/sysv/linux/write.c
cfn=(1492) write
calls=4 25 
* 36 8 0 2 0 0 2
+1 8
+5 4
+1 4
-12 8
+4 12 4 0 2 0 0 1
+1 8 4
+10 12 4 0 0 2
+3 24 20
-4 12 0 0 1 0 0 1

fn=(2208) _IO_file_setbuf@@GLIBC_2.2.5
381 3 0 1
+1 1 0 1
cfi=(212)
cfn=(2210) _IO_default_setbuf
calls=1 +70 
* 69 16 14 4 0 0 4
* 2
+3 1 1
+4 2
-2 3 0 3 1 0 0 1
+3 2 2

fn=(1476)
1146 1 0 0 1 0 0 1
+1 2 1
cfi=(215) ./io/../sysdeps/unix/sysv/linux/fstat64.c
cfn=(1478) fstat
calls=1 29 
* 15 1 0 3 0 0 3

fn=(1486) _IO_do_write@@GLIBC_2.2.5
423 4 0 0 2 0 0 1
+2 12
-2 4 0 4 1 0 0 1
fi=(217)
940 4
fe=(213)
423 8 0 8
fi=(217)
940 4
fe=(213)
423 4 0 4
fi=(217)
940 8
fe=(213)
423 20 0 8
+20 4 4
-10 8 4
+7 16 8 0 2 0 0 1
fi=(217)
942 8 0 0 2 0 0 1
+1 8
fe=(213)
448 16 4 4 0 1
cfn=(1490)
calls=4 1173 
* 184 40 20 7 2 0 5
* 4
+1 20 4
+2 4 4
+4 8 4 0 2 0 0 1
-3 8 0 4
-1 8 0 8
+4 8
-2 4 0 4
-28 16
+1 32 28
+28 8 4 0 2 0 0 1

fn=(1470) _IO_file_overflow@@GLIBC_2.2.5
731 20 0 12 2 0 0 1
+1 16 4
+7 18 4
+37 3 3
-2 6
+3 8 4
+3 12 0 8 1 0 1
+1 12 4
+1 16
+4 4
+1 16 16
-45 2 0 0 1 0 0 1
+12 2 0 0 1 0 0 1
+9 3 1
+5 3 1 2
+2 2
-3 2 0 1
+3 1 0 1
+1 1 1
-6 1 0 1
+1 1 0 1
+5 4 0 0 1 0 0 1
+1 1 0 1
+2 2
+10 8 8 0 1
-1 4
+1 4
-1 4 0 4 2 0 0 1
cfn=(1486)
calls=4 423 
* 432 104 64 18 3 0 11
* 8
-39 2 0 1 1 0 0 1
cfi=(212)
cfn=(1472) _IO_doallocbuf
calls=1 343 
* 325 63 44 18 5 1 15 0 1
+1 1 1
+9 1 1
-9 5 0 2

fn=(1508)
792 75 0 30 3 0 0 1
+5 60 30 0 3 1 0 1 1
+2 15 15
+1 30 15
+11 30 0 15 3 0 0 1
+4 60 45

fn=(1730) _IO_new_file_init_internal
106 3 0 0 2 0 0 1
+5 3 0 3
-5 6 0 3
+4 3 0 3
+3 3 0 3
cfi=(212)
cfn=(1732) _IO_link_in
calls=3 -26 
* 312 93 99 21 8 0 9
+1 3 0 3
+1 6 6

fn=(1984)
168 15 0 6 3 0 0 1
+1 6 3 0 3 0 0 1
+7 3 0 0 3 0 0 1
-1 6
+1 6 6
-1 3
cfi=(212)
cfn=(1986) _IO_default_finish
calls=3 601 
* 48 18 3 5 0 0 2

fn=(1738) _IO_file_fopen@@GLIBC_2.2.5
213 33 3 21 3 0 0 1
+9 6 3
+2 24 3 0 3 2 0 1 1
356 36 27
224 9 0 0 3 0 0 1
+23 18 3
+33 12 0 3 3 0 0 1
cfn=(1740) _IO_file_open
calls=3 -98 
* 282 72 60 19 0 0 7
* 3
+3 6
+3 9 0 3
cfi=(232) ./string/../string/strstr.c
cfn=(1744) __GI_strstr
calls=3 77 
* 171 45 24 18 4 1 6 1
* 3
+1 6
-40 6 0 0 3 0 0 1

fn=(1740)
182 6 0 3 3 0 0 1
+3 3
-3 21 0 6
+2 6 3
+4 3 0 3
cfi=(231)
cfn=(1742)
calls=3 30 
* 111 24 21 10 0 0 4
* 3
+1 6 0 0 3 0 0 1
+3 6 3
+3 3
-4 3 0 3
+1 12 0 3
+3 6
+10 6 0 3 3 0 0 1
cfi=(212)
cfn=(1732)
calls=3 87 
* 72 30 18
+1 3
+1 12 12

fn=(1974)
128 12 0 9 3 0 0 1
+2 9 3
+4 6 3
+3 3
-3 3
-1 6
+6 3
+3 3 0 0 3 0 0 1
-3 3 0 3
cfi=(212)
cfn=(1976) _IO_unsave_markers
calls=3 960 
* 30 12 3 5 0 0 2
+3 9 6
fi=(217)
940 9
+2 6
+1 6
fe=(213)
142 6 3 3 0 2
cfn=(1978) _IO_file_close
calls=3 1164 
* 27 6 0 5 0 0 2
* 3 0 0 2 0 0 1
+3 9 3
+8 15 0 3 2 0 0 1
cfi=(212)
cfn=(1484)
calls=3 329 
* 72 15 12
+1 3
+3 3
-3 9 0 9
+3 3 0 3
cfi=(212)
cfn=(1970)
calls=3 53 
* 12 6
+5 3
-4 3 0 3
+1 3 0 3
+3 3 0 0 2 0 0 1
-2 3 0 3
+3 15 12

fn=(1978)
1164 3 0 0 3 0 0 1
+3 6 3
cfi=(251) ./io/../sysdeps/unix/sysv/linux/close_nocancel.c
cfn=(1980) __close_nocancel
calls=3 25 
* 18 3 0 2 0 0 1

fl=(100) ./string/../sysdeps/x86_64/multiarch/stpncpy.c
fn=(336) stpncpy
31 1 0 0 1 0 0 1
fi=(101) ./string/../sysdeps/x86_64/multiarch/ifunc-strcpy.h
+5 2 2
+1 1 1
-1 2
+1 2 0 0 1 0 0 1
+2 2
+4 3
+3 3 0 0 1 0 0 1
fe=(100)
-15 1 1

fl=(241) ./stdlib/./stdlib/mul.c
fn=(1878) __mpn_mul
48 204 12 108 7 0 2 2
+6 24
+12 24
+76 132 108
-71 12 12 0 0 2 0 0 1
+1 24 0 0 3 0 0 1
+9 12 0 12 3 0 2 1
cfi=(242) ./stdlib/../sysdeps/x86_64/mul_1.S
cfn=(1880) __mpn_mul_1
calls=12 -50 
* 396 48 36 15 0 0 4
+2 36 12 12
+1 12 0 0 3 0 0 1
+4 24

fl=(127) ./string/../sysdeps/x86_64/multiarch/strncase.c
fn=(406) strncasecmp
31 1 0 0 1 0 0 1
fi=(263)
+1 5 2
fe=(127)
-1 1 1

fl=(185) ./locale/./locale/newlocale.c
fn=(898) newlocale
43 17 1 8 2 0 0 2
+12 2
+8 2
+3 3
+6 2 0 0 1 0 0 1
277 12 9 0 1 0 0 1
73 1 1 0 1 0 0 1
+2 1
-2 4 1
-17 2 0 1 1 0 0 1
+17 2 1 0 1 0 0 1

fl=(102) ./wcsmbs/../sysdeps/x86_64/multiarch/wmemchr.c
fn=(340) wmemchr
31 2 0 0 1 0 0 1
fi=(103) ./wcsmbs/../sysdeps/x86_64/multiarch/ifunc-evex.h
+4 10 4 0 1 0 0 1
-1 4
+2 6 2
+5 4
-3 4
+9 6 0 0 1 0 0 1
+3 8
fe=(102)
-19 2 2

fl=(166) ./misc/./misc/init-misc.c
fn=(570) __init_misc
30 1 0 0 1 0 0 1
+1 2
-1 4 0 2 1 0 0 1
+1 3 1
+2 3 0 1
cob=(2)
cfi=(51)
cfn=(572) 0x0000000004ba95f0
calls=1 -33 
* 30 3 0 5 1 0 5
+4 5 1 1 0 0 1
+1 3 2 1
+2 4 3

fl=(253) ./stdlib/./stdlib/exit.c
fn=(2030) __run_exit_handlers
40 11 0 7 1 0 0 1
+5 2
+3 5 0 1 1 0 1 1
+50 1
-42 1 1 0 0 1
+2 3
+8 27 3 0 0 1
+2 11
+3 11
-3 11 0 11
+3 84 11 0 1 2 0 1
+34 2 0 0 1 0 0 1
+1 2 2
+1 2 2
-2 2 0 2
+7 2
-3 4 2 0 1 0 0 1
+3 6 2 2
+1 6 0 2
cob=(1) /usr/lib/x86_64-linux-gnu/ld-linux-x86-64.so.2
cfi=(256) ./elf/./elf/dl-fini.c
cfn=(2068) _dl_fini
calls=1 -82 
* 2854 801 422 91 69 7 54 1 1
cob=(7) /usr/lib/x86_64-linux-gnu/libstdc++.so.6.0.30
cfi=(171) ???
cfn=(2034) std::ios_base::Init::~Init()
calls=1 0 
* 5748 1859 895 81 153 1 24 10
+1 8 0 2
+10 2 1 1 1 0 0 1
+1 2
-63 1 0 1
+69 4 1 1
+2 2 1
+1 6 1 1 1 1 0 1
cfi=(212)
cfn=(2200) _IO_cleanup
calls=1 863 
* 365 97 85 25 5 0 24 1
* 3
+2 2 0 1
cfi=(262) ./posix/../sysdeps/unix/sysv/linux/_exit.c
cfn=(2212) _Exit
calls=1 27 
* 7 1 0 1 0 0 1
-90 1 0 1
cfi=(254) ./stdlib/./stdlib/cxa_thread_atexit_impl.c
cfn=(2032) __call_tls_dtors
calls=1 149 
* 12 5 2 2 0 0 2
* 1

fn=(2028) exit
142 3 1 1 1 0 0 1
+1 3 0 0 1 0 0 1
-1 1
+1 1 0 1
cfn=(2030)
calls=1 40 
* 9211 2790 1437 207 232 9 112 12 1

fl=(91) ./wcsmbs/../sysdeps/x86_64/multiarch/wcslen.c
fn=(310) wcslen
29 1 0 0 1 0 0 1
fi=(88)
+5 4 2
-1 2
+2 3 1 0 1 0 0 1
+2 2
+4 3
+3 3
fe=(91)
-15 1 1

fl=(106) ./string/../sysdeps/x86_64/multiarch/strcspn.c
fn=(348) strcspn
29 1 0 0 1 0 0 1
fi=(266) ./string/../sysdeps/x86_64/multiarch/ifunc-sse4_2.h
+1 5 2 0 1 0 0 1
fe=(106)
-1 1 1

fl=(125) ./string/../sysdeps/x86_64/multiarch/strspn.c
fn=(400) strspn
29 1 0 0 1 0 0 1
fi=(266)
+1 5 2
fe=(125)
-1 1 1

fl=(165) ./csu/./csu/init-first.c
fn=(568) _init_first
46 4 0 1 1 0 0 1
+5 2 1 0 1 0 0 1
+4 5 4 0 0 2
+8 1 1 0 0 1
-2 1 0 1 0 0 1
+10 1
-9 1 0 1
+1 1 0 1 0 0 1 0 0 1
+9 2 1
-1 1
cfi=(166)
cfn=(570)
calls=1 -41 
* 55 10 5 7 1 1 7

fl=(155) ./elf/./elf/libc_early_init.c
fn=(512) __libc_early_init
33 7 1 2 2 0 0 2
+2 1 0 1
cfi=(156)
cfn=(514)
calls=1 -6 
* 17 10 3 2 5 0 2
+3 1 1 0 0 1
fi=(158) ./elf/../sysdeps/nptl/pthread_early_init.h
-5 2
fe=(155)
+8 1 0 1 0 0 1 0 0 1
-3 1 0 1 0 0 1 0 0 1
fi=(158)
-5 1 0 1
cfi=(157) ./resource/../sysdeps/unix/sysv/linux/getrlimit64.c
cfn=(516) getrlimit
calls=1 +5 
* 10 1 0 1 0 0 1
* 3
+1 6 1 0 1 0 0 1
+11 1 1 0 0 1
fi=(267) ./elf/../nptl/nptl-stack.h
+13 3 2 0 0 1
fi=(158)
-13 1 1
fi=(267)
+13 2
fi=(158)
-4 1 0 1 0 0 1 0 0 1
fi=(267)
+4 2
fi=(158)
-6 1
fi=(267)
+6 1 0 0 1 0 0 1
fi=(158)
-12 1
+6 6 0 1
+1 1 0 1
+4 1 0 1
cfi=(159) ./nptl/./nptl/pthread_mutex_conf.c
cfn=(520) __pthread_tunables_init
calls=1 -7 
* 1016 328 150 16 13 13 16 0 2
fe=(155)
-10 3 2
+2 2 1 0 1 0 0 1
-2 1
cfi=(162) ./nptl/../sysdeps/unix/sysv/linux/x86/elision-conf.c
cfn=(534) __lll_elision_init
calls=1 +49 
* 147 31 13 3 10 1 3 5 1

fl=(173) ./malloc/./malloc/malloc.c
fn=(1572) _int_free
4421 46288 0 34716 1 0 1 1
+10 5786 5786
-10 17358 5786 5786 1 0 10 1
+10 11572
+6 28930
+1 11572
+4 23144
+8 28930 11572 0 1 0 0 1
-1 11572
+1 11572 5786 0 0 20
+29 4151 4151
-20 4151 4151 0 0 16
-6 4151
+6 8302 4151 0 0 809
+20 16604 4151 0 1 16 0 1
+14 11308 5654 0 0 20
4702 63646 52074 0 2 0 0 2
4569 11308 5654
+3 5654 5654
+3 16962 0 5654
+7 5654 5654 0 0 20
-4 5654 0 0 2 0 0 1
+4 11308
+3 11308 5654 0 0 20
+5 16962 5654 0 0 64
+3 11308
+1 11308
+1 11308 5654 0 2 20 0 1
2012 16962 5654 0 0 4
4601 11308 5654
+1 5547 5547
+2 5547
-1 5547
+2 22188 5547
+2 11094 0 5547
cfn=(1574) unlink_chunk.constprop.0
calls=5547 1626 
* 138489 49861 11094 3 0 0 3
+3 11308 5654 0 1 0 0 1
+5 11222 5611 0 0 3753
+4 5566 0 5566
+9 5566 5566
-1 5566
+1 16698
+1 11132 5566
-1 45 45
-1 45
+1 135
+1 90 45
+2 5611 0 5611 0 0 4
+2 11222 0 0 1 0 0 1
+5 5611 0 5611
+1 5611 0 5611
+2 16833 0 5611
+1 5611 0 5611
+30 11308 0 0 1
+20 16962 5654
3181 132 132 0 1 0 0 1
+4 132
-4 132 0 132
+2 528 132 132 0 18
+1 132 0 132
+1 132 0 132
4482 132
4635 16527 0 5509 1 0 5 1
+38 4728 1576 0 4 0 0 1
+3 3152
+2 1576 1576
-2 1576 0 0 4 0 0 1
-23 43 0 0 4 0 0 1
+1 129 0 43
+1 86 0 43
-39 45 0 0 2 0 0 1
+1 45
-1 45 0 45
cfn=(1574)
calls=45 1626 
* 1062 384 90 0 27
+1 45
-30 16962 5654 0 1 3 0 1
-2 11308
+93 6304 3152 0 4 20 0 1
+2 100 50 50 4 0 0 1
cfn=(1576) systrim.constprop.0
calls=50 2986 
* 4598 1341 663 9 80 31 2
* 50

fn=(1568) free
3352 5786 0 0 1 0 0 1
+4 11572
-4 5786 0 5786
+14 5786
-14 11572 0 5786
+12 5786 5786 0 0 20
+4 5786 5786 0 4 140 0 1
-4 5786 5786 0 0 20
+4 11572
+17 17358 11572 0 0 40
fi=(174) ./malloc/./malloc/arena.c
162 17358
fe=(173)
3391 11572 0 5786 5 0 0 1
cfn=(1572)
calls=5786 4421 
* 860296 251587 103389 50 4910 51 24
+3 5786 0 5786
+1 23144 17358

fn=(662) tcache_init.part.0
3235 3 0 2 1 0 0 1
+9 8 2 1
+1 3 0 1 1 0 0 1
cfn=(664) _int_malloc
calls=1 1343 
* 367 77 58 46 2 3 46 1 2
* 1
+1 2
+8 4 1 1
+7 2
+2 1 1
+1 2
-1 1 0 1
+1 86 0 81 1 0 9 1 0 9
+3 4 3

fn=(666) sysmalloc
2548 252 0 168 3 0 23 1
+20 112 84 28 0 24
+11 56 0 0 3 0 0 1
+1 84 28 28 0 13 23 0 1
+26 28 28
+1 84 28
+1 28
+9 220 0 0 2
+6 84 0 0 1 0 0 1
+3 84
2941 56 28 0 3 0 0 1
+1 10 0 10
+5 20 10
+3 20
-3 36 18
+3 36
+5 56
-2 28
+2 28
-1 28 0 28
+1 28
-3 28
+3 28
+1 28
-1 84 0 28 3 0 0 1
+1 28 0 28 0 0 23 0 0 5
+2 56
+6 308 252 0 3 0 0 1
2687 56 28 0 3 0 0 1
+9 112 28
+13 84 28 0 0 12
+8 140 0 28
+8 56 0 0 3 0 0 1
+39 56 28 0 3 1 0 1
+2 84 28 28
+6 110 0 0 3 0 0 1
+1 27
2946 27 27
2773 81 0 27
+2 2 1 0 1 0 0 1
2896 1
-1 1 0 1
+1 3 0 1 0 0 1 0 0 1
+1 1 0 1
+11 2 0 0 1 0 0 1
fi=(174)
565 28 0 28 3 0 0 1
fe=(173)
2727 28 0 28 0 0 1
cfi=(176) ./malloc/./malloc/morecore.c
cfn=(670) __glibc_morecore
calls=28 25 
* 1218 311 170 16 36 22 6
+1 56 28
-1 28 0 0 3 0 0 1
+1 28
2028 28 28
2729 28 28
2028 28
2729 28
2028 56
2730 28
+3 56
+33 56 28
2610 56 0 0 3 0 0 1
2775 2 0 0 1 0 0 1
+40 3 0 0 1 0 0 1
+22 1
+1 1
-1 1
+1 6
+2 2 0 0 1 0 0 1
+1 3 0 2
cfi=(176)
cfn=(670)
calls=1 25 
* 28 10 4
+12 2 1
-12 1
+12 1
2028 4 1
2897 4 2 0 1 0 0 1
2765 2 0 1 1 0 0 1
-52 3 0 1 1 0 0 1

fn=(652) malloc
3287 34728 0 17364 3 0 0 1
+7 11576 5788 0 0 20 0 0 1
1343 11574 0 0 5
+19 23152 0 0 1 0 0 1
3306 23152 11576 0 0 37
+3 11574 5787 0 0 19
+10 17166 5722 0 3 0 0 1
+28 28610 22888
1362 5788 0 0 3 0 0 1
3304 17364 0 0 3 0 0 1
-63 4 2 1
cfn=(662)
calls=1 -6 
* 484 84 145 49 2 12 49 1 11
+68 2 1
+2 12456 4152 0 3 23 0 1
3193 132 66 0 0 6
+1 132
+2 66
+1 66
-1 198 66 66 0 59
+1 66 0 66
+1 66 0 66
3347 330 264 0 1
-26 22888 0 5722 2 0 0 1
cfn=(664)
calls=5722 1343 
* 801013 130183 139014 121 304 5052 24 0 729
+1 28610 5722
fi=(174)
162 11444 0 0 2 0 0 1
315 1 0 1 1 0 0 1
cfn=(656) ptmalloc_init.part.0
calls=1 -2 
* 1128 71 160 11 18 35 11 5 34
fe=(173)
1343 2

fn=(664)
1343 11446 0 0 3 0 0 1
3771 5723 0 5723
1362 5723
3771 45784 0 28615 3 0 18 1
1362 11446
3904 4086 0 0 4 0 0 1
+2 4086 4086 0 0 36
-2 4086
+2 8172
+2 1 1
+1 2 1 0 0 1
+6 1
-4 1 0 1 0 0 1
+1 1 0 1
+1 1 0 1
+2 2 0 0 1 0 0 1
+7 4 2
-1 2
+1 2 1
3181 1 1
3927 1 1
3183 1 0 0 1 0 0 1
3927 1 1
3181 1 0 1
3927 18
+1 12
+4 5 5
+1 5 0 5 0 0 5
+1 10
3181 5 5
3936 5 0 5
3185 5
3937 5 0 5 0 0 4
3181 5 0 5
+2 25 5 10
-6 5 5
+9 5
-9 5 0 5
+8 5 0 5
+1 5
1362 11446 0 0 4 0 0 1
3811 11446 0 0 2 0 0 1
4397 11446
3838 11446 5723 0 0 19
+63 11426
+62 52399 0 16375 5 0 4 3
+1 4911 1637 0 1 4
3853 30 0 0 2 0 0 1
-10 10 10 0 0 1
+2 50 0 0 2 0 0 1
4399 8170 0 0 2 0 0 1
3903 4085 0 4085 0 0 17
4399 53105 0 36765 4 0 0 2
3983 4085
+1 4085 4085
-1 8170
-1 8170 0 4085 0 0 19
+2 8170 4085
-1 1637
+1 1637 1637
-1 3274
-1 3274 0 1637 0 0 4
+2 3274 1637
-2 17163 5721 5721
+12 5721
-6 5721 0 5721
+73 22884 0 11442 3
-67 17164 5721 0 0 18
-6 1 0 1
+73 4 0 2 1 0 0 1
-67 3 1
4158 51 51
-91 51 51
+91 102 0 51
-91 51 51
-74 51
3181 51
4067 51 0 51 3 0 0 1
3181 102 51 51
4025 102 0 51
3183 102 0 51
3997 204 51
+1 51
+2 102 0 0 2 0 0 1
-3 84 21
+1 21
+2 42
+1 216 72
+2 72 72
+1 288
+2 288 72
-10 72 72
+12 144 72 0 1 0 0 1
+1 144 72
+2 144
+11 284
+31 68 0 68
+1 68 0 68
+4 136
+29 136 0 0 3 0 0 1
+2 136
+1 204
+1 68 68 0 0 45
-1 68
+57 68
+2 136
-2 136
+2 68
+7 68 0 68
-9 204 0 68 4 0 16 1
+9 68 68
-7 68 0 68
+1 68 0 68 0 0 2
+1 68 0 68
+6 136
4413 51507 40061 0 6 0 0 2
2005 1 1
3944 1
2005 2
4166 204 0 0 2
3994 204 68
4183 11436 0 0 2 0 0 1
+2 4911 1637
+3 1637 1637 0 0 11
-3 1637
+3 3274
+68 11436 5718 0 3 0 0 1
+1 5718
+1 5718
-1 5718
+1 5718
+1 11436 5718 0 0 24
+1 17154
+5 11607 0 0 2 0 0 1
+16 497
+2 994
-4 1118
+8 62 62 0 0 7
+3 124
+2 29
+1 29
+1 29
-2 116 0 29 2 0 0 1
-27 29
3963 4 0 1 1 0 0 1
+60 98 49 0 2 0 0 1
+1 66 33
+5 4
-1 8 4
+3 4
-1 4 0 4
+1 8 0 4
+1 4 0 4 0 0 4
+1 8
+6 4 0 0 2 0 0 1
+6 4
-6 28 0 4
+2 12 0 4
+1 4 0 4
2005 12 4 0 2 0 0 1
4269 17076 0 0 3 0 0 1
+3 22752 5688
-3 17043
+3 16192 4048 0 2 0 0 1
-3 8096
+3 882 294
+97 5685 5685 0 1
+1 11370 5685 0 0 6
+2 11370 5685 0 0 19
+3 17111 0 56 3 0 0 1
+17 84 28 0 0 8
3904 12228 0 0 3 0 0 1
4299 99 66 0 3 10 0 1
+3 66
+2 33
+3 66 0 33
-3 33
+3 66 0 66 0 0 1
cfn=(1574)
calls=33 1626 
* 726 264 66 1 11
+3 132 66
+15 60 30 0 3 0 0 1
-5 30
+5 60
+1 60 30
+3 30 0 30 0 0 28
+1 30 0 30
+1 30 0 30
+3 60
+1 30 0 30
+1 60
+5 240 0 30 2 0 0 1
+2 90 0 30 0 0 10
+1 30 0 30
2005 30 30
4347 30
2005 63 3 0 1 0 0 1
4347 3
2005 6
4272 7
+2 28
+1 14
+38 3 0 0 2 0 0 1
-1 3 0 3
+1 6
+67 5657 0 0 2 0 0 1
-2 11314 5657 0 1 0 0 1
+2 5657
-1 5657 0 5657
+6 5657
-5 5657
-3 5657
+3 5657
+2 5657
-2 22628 0 5657
2005 5657 5657
4382 5657 0 5657 0 0 4829 0 0 725
2005 11314
4407 112 28 28 2 0 0 1
cfn=(666)
calls=28 2548 
* 4595 1081 638 63 86 93 27 1 6
* 28
+1 56
2005 84 28

fn=(1574)
1626 5625 0 0 2 0 0 1
+2 28125 11250 0 0 10
+3 11250 11250 0 0 7
+1 5625 5625
-1 16875 0 0 1 0 0 1
+3 22500 11250 0 0 21
+3 5625 0 5625
+1 5625 0 5625
+1 27777 5509
+24 11250 5625 0 1 0 0 1

fn=(1576)
2986 50 50 0 3
-9 150 0 150 0 0 17
+9 100 50 0 4 0 0 1
+2 50
+1 100
+5 50 50 0 0 18
+1 50
-1 100
+4 250 100 0 0 17
+2 100
-10 23
+50 200 200
-33 54 0 27 2 0 0 1
cfi=(176)
cfn=(670)
calls=27 25 
* 756 270 108 0 45
* 27
+1 108 27
+12 81 0 27
cfi=(176)
cfn=(670)
calls=27 25 
* 1215 297 162 0 0 14
+1 54 0 27
cfi=(176)
cfn=(670)
calls=27 25 
* 756 270 108
+2 27
+2 54
+4 54
+4 54 27
-1 27 0 27
+1 54 0 27
+2 54

fl=(259) ./stdlib/./stdlib/cxa_finalize.c
fn=(2082) __cxa_finalize
30 10 0 5 1 0 0 1
+3 10
-3 35 0 25
+3 20 0 5 1 0 0 1
+3 15 5
+4 148 5
+1 108 54 0 1 3 0 1
+2 9 9
+36 9 9
-3 9 0 9
+6 9
-37 9 9
+34 18 9 0 1 0 0 1
+3 27 9 9
+1 27 0 9
cob=(7)
cfi=(171)
cfn=(2152) 0x00000000000ac0b0
calls=1 -83 
* 8 2 1 1 0 0 1
cob=(7)
cfi=(171)
cfn=(2144) 0x00000000000ac070
calls=1 -83 
* 818 249 132 6 10 0 1
cob=(7)
cfi=(171)
cfn=(2142) 0x00000000000d9870
calls=1 -83 
* 2 1 0 1 0 0 1
cob=(7)
cfi=(171)
cfn=(2140) 0x00000000000dbf00
calls=1 -83 
* 2 1
cob=(7)
cfi=(171)
cfn=(2138) 0x00000000000dbf10
calls=1 -83 
* 2 1 0 1 0 0 1
cob=(7)
cfi=(171)
cfn=(2136) 0x00000000000e28b0
calls=1 -83 
* 2 1 0 1 0 0 1
cob=(7)
cfi=(171)
cfn=(2134) 0x000000000018d800
calls=1 -83 
* 2 1
cob=(7)
cfi=(171)
cfn=(2132) 0x000000000018d810
calls=1 -83 
* 2 1
cob=(7)
cfi=(171)
cfn=(2130) 0x000000000018d820
calls=1 -83 
* 2 1 0 1 0 0 1
+1 36 0 9
+4 18 9
-48 28
-4 15 5 0 1 0 0 1
+58 20 5 0 0 1
+4 30 5 0 0 1 0 0 1
-4 15 5 0 1 0 0 1
+11 10
+1 10 0 5
cfi=(260) ./posix/./posix/register-atfork.c
cfn=(2084) __unregister_atfork
calls=5 -30 
* 80 20 15 2 0 1 2 0 1
+1 20 5 5
+1 40 35 0 1 0 0 1

fl=(119) ./string/../sysdeps/x86_64/multiarch/strncpy.c
fn=(384) strncpy
29 1 0 0 1 0 0 1
fi=(101)
+7 2 2
+1 1 1
-1 2
+1 2
+2 2 0 0 1 0 0 1
+4 3
+3 3
fe=(119)
-17 1 1

fl=(262)
fn=(2212)
27 2 1 0 1 0 0 1
+3 1
+1 2

fl=(251)
fn=(1980)
25 3 0 0 2 0 0 1
+1 12
+1 3 3

fl=(85) ./string/../sysdeps/x86_64/multiarch/strpbrk.c
fn=(298) strpbrk
29 1 0 0 1 0 0 1
fi=(266)
+1 5 2 0 1 1 0 1
fe=(85)
-1 1 1

fl=(107) ./wcsmbs/../sysdeps/x86_64/multiarch/wcscpy.c
fn=(350) wcscpy
43 1
-6 5 2 0 1 0 0 1
+6 1 1

fl=(176)
fn=(670)
25 110 0 0 3 0 0 1
+1 220 110
-1 110 0 0 2 0 0 1
+4 110 0 110
cfi=(177) ./misc/./misc/sbrk.c
cfn=(672) sbrk
calls=110 +8 
* 2983 938 442 11 81 36 4
+1 220
+4 220 110

fl=(218)
fn=(1492)
25 7 0 0 2 0 0 1
+1 49 7 0 2 0 0 1
+1 7 7

fl=(167) ./string/../sysdeps/x86_64/multiarch/strrchr-avx2.S
fn=(574) __strrchr_avx2
46 1 0 0 1 0 0 1
+1 1
+1 1
+2 1
+1 1
+3 1
+1 1
+1 1
+2 1 1 0 0 1
+1 1
+1 1
+1 1
+1 1
+1 1 0 0 1 0 0 1
+2 1
+1 1
+12 1
+1 1
219 1 0 0 1 0 0 1
+1 1
+1 1
+1 1
+1 1
+2 1
+1 1
+1 1
+1 2 1 0 1 0 0 1

fl=(224) ./time/../sysdeps/unix/sysv/linux/clock.c
fn=(1548) clock
25 80 0 0 2 0 0 1
+6 40
-6 120 40 40 2 10 0 1
+6 80 0 40
cfi=(225)
cfn=(1550)
calls=40 -1 
* 440 120 0 4 68 0 2
* 80
+4 40 40
-1 40 40
+1 280 0 0 2 0 0 1
+1 200 120

fl=(220) ./libio/./libio/iofwrite.c
fn=(1528) fwrite
31 10 0 8 2 0 0 1
+1 2
-1 2 0 2
+1 2
-1 4 0 2
+4 4 0 0 2 0 0 1
+2 34 10 6 2 0 0 1
+1 6 2
+1 2 2
fi=(217)
940 6
+2 4 0 0 2 0 0 1
+1 4
fe=(220)
39 8 2 2
cfi=(213)
cfn=(1530)
calls=2 1197 
* 321 67 20 12 1 0 7
+6 2
-6 2
+6 2
fi=(217)
883 4 2
+1 16 4 6
fe=(220)
45 4
+1 2
+3 18 14
-11 4 0 0 2 0 0 1

fl=(254)
fn=(2032)
149 4 0 2 1 0 0 1
+1 4 2
+18 4 3 0 1 0 0 1

fl=(120) ./wcsmbs/../sysdeps/x86_64/multiarch/wmemcmp.c
fn=(388) wmemcmp
29 1 0 0 1 0 0 1
fi=(121) ./wcsmbs/../sysdeps/x86_64/multiarch/ifunc-memcmp.h
+5 2 2
+1 1 1
-1 2
+1 2
+1 2 0 0 1 0 0 1
+1 3 1
+2 2
+4 3
+3 3 0 0 1 0 0 1
fe=(120)
-17 1 1

fl=(184) ./nptl/./nptl/cleanup_compat.c
fn=(900) _pthread_cleanup_pop@@GLIBC_2.34
40 1 0 0 1 0 0 1
+3 2 1 1
+4 2
+2 1 1

fn=(884) _pthread_cleanup_push@@GLIBC_2.34
25 1 0 0 1 0 0 1
+3 1 0 1
+1 1 0 1
+1 2 1 1 0 1
+2 1 0 1
+1 1 1

fl=(187) ./locale/./locale/uselocale.c
fn=(974) uselocale
30 82 0 0 4 0 0 1
+1 246 164 0 0 2
+2 164
+3 164
+1 82 0 82
+28 246 164 82 0 8
+1 246 164 82 4 0 0 1
+2 246 164 82 0 1
+4 246
+1 82 82

fl=(162)
fn=(534)
96 2 0 1 1 0 0 1
+5 1
-5 1
+5 1
-5 3 1 1
+5 3 0 1 1 0 0 1
cob=(2)
cfi=(51)
cfn=(522) 0x0000000004ba9650
calls=1 0 
* 22 5 1 0 2 0 0 1
+2 4 0 1
cob=(2)
cfi=(51)
cfn=(522)
calls=1 0 
* 22 5 1 0 2 0 0 1
+2 4 0 1
cob=(2)
cfi=(51)
cfn=(522)
calls=1 0 
* 22 5 1 0 2 0 0 1
+2 4 0 1
cob=(2)
cfi=(51)
cfn=(522)
calls=1 0 
* 22 5 1 0 1
+2 4 0 1 1 0 0 1
cob=(2)
cfi=(51)
cfn=(522)
calls=1 0 
* 22 5 1 0 2 0 0 1
+4 3 1 0 0 1 0 0 1
+1 1 0 1 0 0 1 0 0 1
+1 6 4

fl=(183) ./nptl/./nptl/pthread_once.c
fn=(880) pthread_once@@GLIBC_2.34
136 54 0 0 5 0 0 1
+3 54 54 0 0 3 0 0 1
+1 108
+4 106 53
-1 1
cfn=(882) __pthread_once_slow
calls=1 -75 
* 2094 605 304 21 23 1 21 6

fn=(882)
68 1 0 1 1 0 0 1
fi=(186) ./nptl/../sysdeps/nptl/futex-internal.h
+78 1
+1 1
fe=(183)
-79 8 1 3
+8 1 1
+4 2
+52 9 6
-44 2 1 0 1 1 0 1 1
+4 2 0 1
+9 2
+13 13 0 7 2 0 0 2
cfi=(184)
cfn=(884)
calls=1 -89 
* 7 2 4 1 1 0 1
+2 1 0 1
cob=(7)
cfi=(171)
cfn=(886) 0x00000000000c0250
calls=1 0 
* 2026 592 284 14 21 1 14 5
+2 3 0 1
cfi=(184)
cfn=(900)
calls=1 -78 
* 6 2 1 1 0 0 1
fi=(186)
+91 3
fe=(183)
-85 1 0 1 1 0 0 1
fi=(186)
+85 5
fe=(183)

fl=(199)
fn=(1346)
28 3 0 1
+2 2
-1 1 0 1
+5 3 2

fl=(94) ./wcsmbs/../sysdeps/x86_64/multiarch/wcschr.c
fn=(318) wcschr
31 2 0 0 1 0 0 1
fi=(95)
+2 10 4 0 1 0 0 1
-1 4
+2 6 2
+2 4
+4 6
+3 8 0 0 1 0 0 1
fe=(94)
-12 2 2

fl=(159)
fn=(520)
50 2 0 1 1 0 0 1
+1 2
-1 4 1 1 1 0 0 1
+1 3 0 1
cob=(2)
cfi=(51)
cfn=(522)
calls=1 -51 
* 972 318 145 14 12 13 14 0 2
+2 4 0 1
cob=(2)
cfi=(51)
cfn=(522)
calls=1 -53 
* 23 5 1 0 1
+2 6 4

fl=(180) ./csu/../csu/libc-start.c
fn=(814) __libc_start_main@@GLIBC_2.34
242 12 0 6 1 0 0 1
343 3
+1 3 0 1
cfi=(172) ./stdlib/./stdlib/cxa_atexit.c
cfn=(626) __cxa_atexit
calls=1 69 
* 75 14 15 0 0 1 0 0 1
+25 6 2 1 1 0 0 1
+6 2 2
-3 2
+10 2 1 1 0 1
cob=(2)
cfi=(51)
cfn=(1334) 0x0000000004ba96d0
calls=1 0 
* 968 315 144 8 37 0 3 4
+2 2
+8 4 0 1
cfi=(196) ./csu/../sysdeps/nptl/libc_start_call_main.h
cfn=(1340) (below main)
calls=1 29 
* 1198134462 483984139 105015935 2115 2661932 78185 856 156 8227
128 2 2 0 1 0 0 1
+6 3 1 0 0 1
+1 6 2 2 0 1
cob=(2)
cfi=(51)
cfn=(816) 0x000000000010a000
calls=1 0 
* 7 2 0 1 0 0 1
* 1 1
+3 1 1 0 0 1
+1 2
+3 2 2 0 1 1 0 1
+1 2 2
-1 1
+2 9 1 1
+1 4 1 2
cob=(8) /mnt/d/TRABAJOS 2025B/COMPUTACION PARALELA/Implementacion_memoria_cache/seis_for_anidados
cfi=(181) /mnt/d/TRABAJOS 2025B/COMPUTACION PARALELA/Implementacion_memoria_cache/seis_for_anidados.cpp
cfn=(826) _GLOBAL__sub_I_main
calls=1 309 
* 103259 28115 13478 449 568 147 432 122 119
* 4 1 2 0 1
cob=(8)
cfi=(179) ???
cfn=(820) 0x00000000000027a0
calls=1 0 
* 12 1 0 3 0 0 3
-1 7 2 0 3 0 0 1

fl=(194) ./string/../sysdeps/x86_64/multiarch/strlen-avx2.S
fn=(1008) __strlen_avx2
50 224
+13 224
+1 224
+1 224
+3 224
+2 224
+1 224
+3 224 224 0 4 18 0 1 12
+1 224
+8 224
+1 224
+1 222
+5 444 222
+26 2
+13 2
+1 2
+1 2
+6 4 2
+82 2 0 0 2 0 0 1
+15 2 2
+6 2
+1 2
+1 2

fl=(89) ./string/../sysdeps/x86_64/multiarch/memset.c
fn=(306) memset
29 1 0 0 1 0 0 1
fi=(90) ./string/../sysdeps/x86_64/multiarch/ifunc-memset.h
+21 5 2
+3 3 1
+7 2 0 0 1 0 0 1
+9 2
+2 2
+10 2
+8 2
+2 5 1
fe=(89)

fl=(97) ./string/../sysdeps/x86_64/multiarch/strrchr.c
fn=(324) rindex
28 1 0 0 1 0 0 1
fi=(84)
+5 5 2
-1 2 0 0 1 0 0 1
+2 3 1
+2 2
+4 3
+3 4
fe=(97)
-15 1 1

fl=(244) ./nptl/./nptl/alloca_cutoff.c
fn=(1884) __libc_alloca_cutoff
27 40 0 0 3 0 0 1
+1 360 40 0 3 2 0 1
+7 40 40

fl=(110) ./string/../sysdeps/x86_64/multiarch/memcmp.c
fn=(358) bcmp
29 2 0 0 2 0 0 1
fi=(111) ./string/../sysdeps/x86_64/multiarch/ifunc-memcmp.h
+5 4 4
+1 2 2 0 0 1
-1 4
+1 4
+1 4 0 0 2 0 0 1
+1 6 2
+2 4
+4 6
+3 6 0 0 2 0 0 1
fe=(110)
-17 2 2

fl=(122) ./string/../sysdeps/x86_64/multiarch/stpcpy.c
fn=(392) stpcpy
33 1 0 0 1 0 0 1
fi=(101)
+3 2 2
+1 1 1
-1 2
+1 2
+2 2 0 0 1 0 0 1
+4 3
+3 3
fe=(122)
-13 1 1

fl=(236)
fn=(1860)
1180 480 0 360 6 0 6 2
+30 200 120 80 0 0 1
+8 120 40 0 3 0 0 1
+4 200 80
+11 80
+11 40 40
fi=(268) ./stdio-common/./stdio-common/printf-parse.h
111 80 40
fe=(236)
1244 200 80 120 3 0 1 1
fi=(268)
111 40 0 40
cob=(2)
cfi=(51)
cfn=(1862) 0x0000000004ba94d0
calls=40 0 
* 840 120 0 9 2 0 3
fe=(236)
1259 40 0 40 0 0 1
fi=(268)
111 40 0 40
fe=(236)
1259 120 0 40
239 40 40 0 3 0 0 1
fi=(269) ./stdio-common/../libio/libioP.h
940 40
fe=(236)
1263 40 40
fi=(269)
942 40
-2 40 40 0 0 2
fe=(236)
1263 40 40
fi=(269)
940 80 0 40
+2 80
+1 80
fe=(236)
239 160 80 40 2 2 0 1
cfi=(212)
cfn=(1866) _IO_default_xsputn
calls=40 371 
* 200 40 0 4 0 0 2
* 80
127 360
1263 80
+4 120 80 0 3 0 0 1
+4 320 120 40 3 4 0 1 1
1532 40 40
1214 40 0 40
+34 40 0 40
-8 40 0 40
1532 120 0 40
+23 40
-39 40
+39 40
-39 40 0 40
+39 80 0 40 3 0 0 1
1313 600 120 0 2 4 0 1 2
+39 40 40
-51 40
-1 40
-1 40
-1 40
+5 40
1501 40
fi=(268)
88 40
fe=(236)
1352 40 40
-46 40 0 40 2 0 0 1
-4 40 0 40
+50 40 0 40
1501 40
1295 40 0 40
-1 40 0 40
-1 40 0 40
-1 40 0 40
-1 40 0 40
+16 80 0 40 3 0 0 1
1608 80 40 0 3 0 0 1
+1 80 40
+3 480 360
1499 80 0 0 4 0 0 1
+33 80 40
+3 1360 320 240 9 0 0 2
+20 80
1218 80 0 0 4 0 0 1
1555 440 160 80 4 0 0 2
+9 80 0 0 3 0 0 1
-48 40 0 0 3 0 0 1
-94 40 40
-1 40 0 0 3 0 0 1
+1 80
+41 480 80 0 2 4 0 1 2
1589 40 0 0 2 0 0 1
fi=(268)
111 40
fe=(236)
1583 40 0 40
fi=(268)
111 80 0 40
cob=(2)
cfi=(51)
cfn=(1862)
calls=40 0 
* 840 120
fe=(236)
239 40 40
fi=(269)
942 40
fe=(236)
1593 40
fi=(268)
111 40
fi=(269)
942 40
fe=(236)
1593 40
fi=(269)
942 40
+1 80 40
fe=(236)
239 160 40 40 4 0 0 1
cfi=(212)
cfn=(1866)
calls=40 371 
* 200 40
* 80
127 520 0 0 3 0 0 1
1593 80
+2 120 40
-39 40 0 0 1 0 0 1
351 40
+1 40
1556 40 0 40
352 80
-1 80
1559 80
127 280
354 40 0 40 2 0 0 1
cfi=(237) ./stdio-common/./stdio-common/printf_fp.c
cfn=(1868) __printf_fp
calls=40 1278 
* 55940 11222 7058 295 28 20 101 10
* 40
1427 40 40 0 3 0 0 1
-1 80 0 40
+1 120
+15 160 80
+3 80 40 0 3 0 0 1
+18 240 80
-21 200 40 40 3 0 0 1

fl=(240) ./stdlib/../sysdeps/x86_64/lshift.S
fn=(1876) __mpn_lshift
28 40 0 0 2 0 0 1
+1 40
+1 40
+2 40
+1 40
+1 40
+12 40 0 0 2 0 0 1
+1 40
+1 40 40
+1 40
+1 40
+1 40
+1 40
+6 40
+1 40 0 40
+1 40 40

fl=(96) ./string/../sysdeps/x86_64/multiarch/strchr.c
fn=(322) index
61 1 0 0 1 0 0 1
-20 2 2
+1 1 1
-1 2
-1 2 0 0 1 0 0 1
+2 2
+2 2
+4 3
+3 3
+10 1 1

fl=(116) ./string/../sysdeps/x86_64/multiarch/strcpy.c
fn=(374) strcpy
29 1 0 0 1 0 0 1
fi=(101)
+7 2 2
+1 1 1
-1 2
+1 2
+2 2 0 0 1 0 0 1
+4 3
+3 3
fe=(116)
-17 1 1

fl=(216) ./io/../sysdeps/unix/sysv/linux/fstatat64.c
fn=(1480) fstatat
153 2 0 0 1 0 0 1
-55 2
+70 3 0 0 1 0 0 1
+1 1 1

fl=(123) ./string/../sysdeps/x86_64/multiarch/memchr.c
fn=(396) memchr
29 2 0 0 2 0 0 1
fi=(124)
+6 10 4 0 2 0 0 1
-1 4
+2 6 2
+5 4
-3 4
+9 6 0 0 2 0 0 1
+3 8
fe=(123)
-21 2 2

fl=(174)
fn=(656)
313 1 0 1 1 0 0 1
fi=(173)
3162 3 0 0 1 0 0 1
fe=(174)
313 5 1 2
+5 1 0 1
fi=(173)
3162 2 0 1
cfi=(175)
cfn=(658)
calls=1 28 
* 9 2 0 2 0 0 2
* 2
fe=(174)
343 2 1 0 2 0 0 2
+4 3 1 1 0 1
fi=(173)
1966 4
+3 1
-3 1
+3 2 0 1 0 0 1 0 0 1
-3 2 0 0 1 0 0 1
+3 126
-3 126
+3 252 0 126 0 0 32 0 0 31
-3 252
fe=(174)
352 3
fi=(173)
1977 1 0 1 0 0 1 0 0 1
+1 1 0 1 0 0 1 0 0 1
+2 1 0 1
fe=(174)
352 1 0 1
cob=(2)
cfi=(51)
cfn=(522)
calls=1 0 
* 23 5 1 0 1
+1 4 0 1 1 0 0 1
cob=(2)
cfi=(51)
cfn=(522)
calls=1 0 
* 22 5 1 0 1
+1 4 0 1
cob=(2)
cfi=(51)
cfn=(522)
calls=1 0 
* 23 5 1 0 1
+1 4 0 1
cob=(2)
cfi=(51)
cfn=(522)
calls=1 0 
* 23 5 1 0 1
+1 4 0 1 1 0 0 1
cob=(2)
cfi=(51)
cfn=(522)
calls=1 0 
* 22 5 1 0 2 0 0 1
+1 4 0 1
cob=(2)
cfi=(51)
cfn=(522)
calls=1 0 
* 23 5 1 0 1
+1 4 0 1
cob=(2)
cfi=(51)
cfn=(522)
calls=1 0 
* 23 5 1 0 1
+2 4 0 1 1 0 0 1
cob=(2)
cfi=(51)
cfn=(522)
calls=1 0 
* 23 5 1 0 2 0 0 1
+1 4 0 1
cob=(2)
cfi=(51)
cfn=(522)
calls=1 0 
* 23 5 1 0 2 0 0 1
+1 4 0 1
cob=(2)
cfi=(51)
cfn=(522)
calls=1 0 
* 23 5 1 0 1
+3 4 0 1
cob=(2)
cfi=(51)
cfn=(522)
calls=1 0 
* 23 5 1 0 1
+1 4 0 1 1 0 0 1
cob=(2)
cfi=(51)
cfn=(522)
calls=1 0 
* 23 5 1 0 2 0 0 1
+1 2 1 0 0 1 0 0 1
+63 7 5

fl=(193) ./wctype/./wctype/wctype_l.c
fn=(1004) wctype_l
26 70 0 50 1 0 0 1
+7 10
-7 30 0 10
+3 10 0 10
cob=(2)
cfi=(51)
cfn=(1006) 0x0000000004ba9490
calls=10 -29 
* 160 30 0 2 3 0 2 2
+3 10 10
-3 10
+3 10 10 0 0 1
+1 10
+7 48
+1 96 48
-8 48
+2 96 0 48
cob=(2)
cfi=(51)
cfn=(1006)
calls=48 -35 
* 768 144 0 0 1 0 0 1
* 20 0 10 1 0 0 1
cob=(2)
cfi=(51)
cfn=(1006)
calls=10 -35 
* 160 30 0 0 1 0 0 1
* 58
+2 312 0 49
cob=(2)
cfi=(51)
cfn=(1010) 0x0000000004ba9520
calls=49 -37 
* 1146 274 0 5 1 0 5
* 98
+8 10 10 0 0 1
+1 10 10 0 0 2
+1 80 70

fl=(215)
fn=(1478)
29 2 0 0 1 0 0 1
+1 2
+5 3
cfi=(216)
cfn=(1480)
calls=1 153 
* 8 1 0 2 0 0 2

fl=(230) ./nptl/./nptl/libc-cleanup.c
fn=(1734) __libc_cleanup_push_defer
24 8 0 0 6 0 0 1
+3 16 8 8 0 2
+3 32 8 8 0 2
+1 8 0 8
+2 8 0 8
+1 8 8

fn=(1736) __libc_cleanup_pop_restore
39 8 0 0 4 0 0 1
+3 16 8 8
+2 16 8 8
+1 16
+2 8 8

fl=(196)
fn=(1340)
29 4 0 2 1 0 0 1
+15 1
-15 5 1 3
+15 1 0 1 1 0 0 1
cfi=(197) ./setjmp/../sysdeps/x86_64/bsd-_setjmp.S
cfn=(1342) _setjmp
calls=1 -16 
* 34 7 10 4 1 0 4
* 1
+2 2
+5 2 1 1 0 1
+1 2 1 1 0 1
+3 2 0 1
+3 6 5 1 1 2 0 1
cob=(8)
cfi=(181)
cfn=(1348) main
calls=1 -39 
* 1198125181 483981333 105014475 1898 2661695 78176 735 144 8226
* 1 0 0 1
+16 1 0 1
cfi=(253)
cfn=(2028)
calls=1 +68 
* 9219 2791 1439 209 232 9 114 12 1

fl=(172)
fn=(626)
69 99 0 44 2 0 0 1
-28 22
+2 66 0 11 0 0 2
+1 22 0 11 2 0 0 1
cfn=(628) __new_exitfn
calls=11 +38 
* 392 77 56 7 4 1 4
+2 22
+10 11 11
+2 11 0 11
-5 33 11
+3 11 0 11 0 0 5 0 0 2
-1 11 0 11
+4 22 11 11
+1 11
-1 22 0 0 2 0 0 1
+12 66 44

fn=(628)
82 11 0 0 2 0 0 1
+6 22 11
-6 44 0 22
+11 44 11 0 0 2
-10 22
+12 22 11 0 2 1 0 1
+1 50 10 0 0 1
-1 22
-2 1 1
+10 1 0 1
-10 3
+13 20 0 0 1
+25 10
+1 20 0 10
-1 20
+7 10 0 10 0 0 1
+5 10
-4 10 0 10
+4 40 30
-5 1 0 1 1 0 0 1
+5 1
-4 1 0 1
+4 4 3
-18 1 0 1 1 0 0 1
-1 1
+1 1

fl=(98) ./string/../sysdeps/x86_64/multiarch/memmove.c
fn=(328) memmove
29 2 0 0 1 0 0 1
fi=(93) ./string/../sysdeps/x86_64/multiarch/ifunc-memmove.h
+24 6 4
-1 4
+4 6 2 0 1 0 0 1
+14 4
+2 4
+8 4
+8 4 0 0 1 0 0 1
+2 10 2 0 1 0 0 1
fe=(98)

fl=(223)
fn=(1544)
354 394000 0 0 2 0 0 1
+3 1576000
+5 394000 394000 0 0 20
-2 394000 394000
+2 788000
+8 394000 394000
+1 394000 394000
+1 394000 394000 0 2 20 0 1
+3 788000 788000 0 0 40 0 0 2
+3 394000
+4 394000
-7 394000 0 394000
+2 788000 0 394000
+2 788000
+8 762582
-27 12709
+27 12709
+3 25418
+3 12709
-3 12709
+8 12709
-8 12709 0 12709
+8 12709 12709
-8 762582
+3 381291
-3 381291
+8 381291
-8 381291 0 381291
+8 1118455 381291

fl=(83) ./string/../sysdeps/x86_64/multiarch/strnlen.c
fn=(294) strnlen
31 2 0 0 1 0 0 1
fi=(84)
+2 10 4 0 0 1
-1 4 0 0 1 0 0 1
+2 6 2
+2 4
+4 6
+3 8
fe=(83)
-12 2 2 0 1 0 0 1

fl=(112) ./wcsmbs/../sysdeps/x86_64/multiarch/wmemset.c
fn=(362) wmemset
31 2 0 0 1 0 0 1
fi=(113) ./wcsmbs/../sysdeps/x86_64/multiarch/ifunc-wmemset.h
+2 10 4
+1 6 2
+2 4
+8 6
+3 8 0 0 1 0 0 1
fe=(112)
-16 2 2

fl=(117) ./string/../sysdeps/x86_64/multiarch/strcasecmp_l.c
fn=(378) strcasecmp_l
31 1 0 0 1 0 0 1
fi=(263)
+1 5 2
fe=(117)
-1 1 1

fl=(232)
fn=(1744)
77 24 0 18 3 0 0 1
+5 3 3 0 0 2 0 0 1
-5 9 3 3
+5 6
+2 12 0 3 0 0 1
cob=(2)
cfi=(51)
cfn=(1746) 0x0000000004ba9600
calls=3 -84 
* 69 12 0 9 2 0 3
* 3 0 0 3 0 0 1
+1 6
+44 3 0 0 3 0 0 1
+32 36 27

fl=(157)
fn=(516)
38 2 0 0 1 0 0 1
+1 7
+1 1 1

fl=(195) ./string/../sysdeps/x86_64/multiarch/memcmp-avx2-movbe.S
fn=(1012) __memcmp_avx2_movbe
71 50 0 0 1 0 0 1
+7 50
+1 50
+3 1 1
+1 1 1
+1 1
+4 1
+1 1
+2 1
+1 1
+3 1 1
+1 1 1
+1 1
+3 1
+1 1 0 0 1 0 0 1
+3 1
+1 1
+3 1 1
+1 1 1
+1 1
+1 1
+1 1
+1 1 1
+1 1 1
+1 1
+1 1
+1 1
+3 1 0 0 1 0 0 1
+1 1
+6 1 1
+1 1 1
+1 1
+1 1
+4 1 1
+1 1 1
+2 1 1
+1 1 1
+1 1 1
+1 1 1
+3 1
+1 1
+1 1
+1 1
+1 1
+1 1
+2 2 1
+4 39 0 0 1 0 0 1
+10 39 39
+1 39 39
+1 39
+3 78 39
399 49 0 0 1 0 0 1
+1 49
+5 49
+1 49
+1 49
+1 49
+1 49
+3 49 49
+1 49 49
+1 49 0 0 1 0 0 1
+1 49
+3 49
+1 49
+1 10
+1 20 10

fl=(257) ./nptl/./nptl/pthread_mutex_lock.c
fn=(2070) pthread_mutex_lock@@GLIBC_2.2.5
77 1 0 0 1 0 0 1
+3 3 1
+2 1
+2 2 0 0 1 0 0 1
-7 2 0 1
+11 2
+79 1 1 0 1 0 0 1
+3 1 0 1
+2 1 0 1
+3 1
+2 1
+1 3 2
-81 2 0 0 1 0 0 1
+11 4 1 0 1 0 0 1
+4 1 1
+3 2 1
-71 1 1 0 1 0 0 1
+1 8 2
+1 1 0 1
+84 3 1
+1 2 0 1 1 0 0 1

fl=(92) ./string/../sysdeps/x86_64/multiarch/memcpy.c
fn=(314) memcpy@@GLIBC_2.14
29 2 0 0 2 0 0 1
fi=(93)
+24 6 4 0 0 1
-1 4
+4 6 2 0 0 1
+14 4
+2 4 0 0 2 0 0 1
+8 4
+8 4
+2 10 2 0 2 0 0 1
fe=(92)

fl=(260)
fn=(2084)
76 10 0 5 1 0 0 1
+1 5
-1 5
+1 15 0 5 0 0 1 0 0 1
fi=(261) ./posix/../malloc/dynarray-skeleton.c
243 5 5
fe=(260)
65 10
+38 20 5 5 1 0 0 1
+1 10 10

fl=(104) ./string/../sysdeps/x86_64/multiarch/strncmp.c
fn=(344) strncmp
66 1 0 0 1 0 0 1
-25 4 2 0 1 0 0 1
+1 3 1
+2 2
+5 3
+3 3
+14 1 1 0 1 0 0 1

fl=(212)
fn=(1728) _IO_old_init
531 43 0 0 2 0 0 1
+3 43 43 0 0 2 0 0 1
-2 43
+2 43
+5 43
-7 43 0 43
+2 43
+10 43 0 43 2 0 0 1
-10 43
+16 43
-11 43 0 43 0 0 2
-5 43
+16 43 0 43
-16 43 0 43
+21 43 43
-16 215 0 215 0 0 1
+16 86
+1 6 0 6 0 0 2
+2 43 43

fn=(2202) _IO_flush_all_lockp
686 12 1 7 2 0 0 2
+5 6 0 3
cfi=(230)
cfn=(1734)
calls=1 24 
* 10 3 4 1
+1 9 3 2 1 0 0 1
+3 1 1
-8 1
+5 2 0 1
+3 2
fi=(217)
940 4 0 0 1 0 0 1
fe=(212)
709 6 0 0 1 0 0 1
+2 3 0 3
-16 9 3 0 0 2
+2 3 0 3 1 0 0 1
+1 6
+3 21 9 0 2 2 0 2 1
+14 9 2 3
+1 2 0 1 1 0 0 1
cfi=(230)
cfn=(1736)
calls=1 39 
* 8 3 2
+4 12 9

fn=(1976)
960 6 0 3 3 0 0 1
+2 3 3
-2 3
+2 3
+5 9 3 0 2 0 0 1
+2 6 6

fn=(1484)
329 396 0 88 1 0 0 1
+1 176 88 0 1 0 0 1
+5 88
-3 44 0 44
+3 176 0 44
+3 176 132

fn=(1866)
371 80 0 0 2 0 0 1
+3 160
+19 80 0 0 2 0 0 1
+11 80 80

fn=(2210)
452 2 0 1 1 0 0 1
fi=(217)
940 1
fe=(212)
452 2 0 1 1 0 0 1
fi=(217)
940 1
fe=(212)
452 1 0 1
fi=(217)
940 1
fe=(212)
452 4 0 1
+1 1 1
fi=(217)
942 2
+1 2
fe=(212)
453 2 1 1
cfi=(213)
cfn=(1508)
calls=1 792 
* 18 7 3
* 2
+4 1 1
330 1 1 0 1 0 0 1
462 1
-7 2
332 2
+5 1
-5 1
+5 1 0 1
467 1
332 1 0 1
466 4 0 3
+2 6 5
-11 1 0 0 1 0 0 1
+1 2
-1 1 0 1
330 4

fn=(1472)
343 1 0 0 1 0 0 1
+1 2 1
-1 3 0 3
+3 4 1
+1 1 1
fi=(217)
940 3 0 0 1 0 0 1
+2 2
+1 2
fe=(212)
347 2 1 1 0 1
cfi=(214)
cfn=(1474)
calls=1 78 
* 299 55 40 15 4 1 12 0 1
* 2
+3 4 4 0 1 0 0 1

fn=(1970)
53 6 0 0 2 0 0 1
+1 12 6
+28 6 3
cfn=(1972) __GI__IO_un_link.part.0
calls=3 -30 
* 312 90 93 25 0 0 7

fn=(1972)
52 6 0 6 3 0 0 1
+7 3
-7 21 3 9 3 0 0 1
+6 18 0 9
cfi=(230)
cfn=(1734)
calls=3 -34 
* 30 9 12 3
+1 27 9 6 3 0 0 1
+2 3 3
-1 3 0 3
-1 6 0 3
+2 30 9 3 3 0 0 1
+13 3 3
-13 3 3
+2 3 3
+13 3 0 0 2 0 0 1
-15 6 0 6
+15 3
-13 6
+3 3 3
-1 6
+1 3 0 3
+8 6 0 3
+2 33 9 9 3 0 0 1
+2 6 3
-1 3 0 3
+1 21 3 9 3 0 0 1
+1 6 0 3
cfi=(230)
cfn=(1736)
calls=3 -40 
* 24 9 6 2
+3 27 21

fn=(1986)
601 9 0 3 3 0 0 1
+2 9 3 0 2 0 0 1
+6 9 3
+3 9 3
54 6 3
624 6 6

fn=(2200)
863 2 0 1 1 0 0 1
+3 1
-3 9 1 6
-77 1
+80 1 0 1
cfn=(2202)
calls=1 686 
* 126 34 29 10 4 0 9 1
-80 2 0 1 1 0 0 1
+80 1
-80 3 0 2
cfi=(230)
cfn=(1734)
calls=1 24 
* 10 3 4
+1 9 3 2 1 0 0 1
+3 1 1
-3 2 0 1
+3 2
fi=(217)
940 4
fe=(212)
838 3 0 3
-48 9 3
+9 9 3 0 1 1 0 1
+2 6 2
+6 13 4 3 1 0 0 1
+8 5 2 0 1 0 0 1
+9 1 1
fi=(217)
942 2
+1 2
fe=(212)
824 4 1 1
cfi=(213)
cfn=(2208)
calls=1 381 
* 83 19 19 5 0 0 5
+2 3 1
+4 5 1 0 1 0 0 1
+1 8 2 3
+11 9 2 3 1 0 0 1
+1 2 0 1
cfi=(230)
cfn=(1736)
calls=1 39 
* 8 3 2
+35 12 9
-59 1 1 0 1 0 0 1
-2 1
+3 1 0 1
-3 1 0 1
+2 3 1 1 1 0 0 1

fn=(1732)
87 42 0 30 2 0 0 1
+1 6 6
-1 18 6 6
+1 18
+18 60 48
-16 3 0 0 3 0 0 1
+2 9
-2 3 0 3
+2 3
+1 3
-1 9 0 9 2 0 0 1
cfi=(230)
cfn=(1734)
calls=3 -68 
* 30 9 12 2 4 0 1
+1 27 9 6 2 2 0 1
+2 3 3
-1 3 0 3
-1 6 0 3
+2 30 12 3 2 0 0 1
+5 3 3
-3 3 3 0 0 2
-2 6 0 6
+3 3 0 3
-1 3 0 3
+3 36 12 9 3 0 0 1
+1 3 0 3 3 0 0 1
+1 21 3 9
+1 6 0 3
cfi=(230)
cfn=(1736)
calls=3 -64 
* 24 9 6 2 0 0 1
+3 3

fn=(1468) __overflow
199 12 0 4 2 0 0 1
+2 12 4 0 0 1
+1 1 0 1
+1 1 1
fi=(217)
940 3
+2 2
+1 2
fe=(212)
203 3 3
fi=(217)
940 9
+2 6
+1 6
fe=(212)
203 4 4 0 2 1 0 1
+1 8 4
-1 4
cfi=(213)
cfn=(1470)
calls=4 731 
* 950 215 142 46 8 2 32 0 1

fn=(1726)
563 430 0 172 2 0 1 1
+1 43 0 43
cfn=(1728)
calls=43 -33 
* 995 129 436 4 2 5 2 1
+1 43 0 43 0 0 3
+1 86
+2 3 0 3 2 0 0 1
+4 3
+7 3 0 3 0 0 2
+2 3 0 3 0 0 1
-9 15 0 15
+15 3 0 3
+1 18 15
-1 40 0 40
+1 240 200
-2 80 0 40 3 0 0 1

fl=(114) ./string/../sysdeps/x86_64/multiarch/memrchr.c
fn=(366) memrchr
29 1 0 0 1 0 0 1
fi=(84)
+4 5 2 0 1 0 0 1
-1 2
+2 3 1
+2 2
+4 3
+3 4 0 0 1 0 0 1
fe=(114)
-14 1 1

fl=(126) ./string/../sysdeps/x86_64/multiarch/mempcpy.c
fn=(402) mempcpy
33 1 0 0 1 0 0 1
fi=(93)
+20 3 2
-1 2
+4 3 1
+14 2
+2 2 0 0 1 0 0 1
+8 2
+8 2
+2 5 1 0 1 0 0 1
fe=(126)

fl=(211) ./libio/./libio/putc.c
fn=(1466) putc
25 28 0 12 2 0 0 1
+3 8 4 0 0 2
+1 16 8 0 2 2 0 1 1
+5 4 0 0 2 0 0 1
-5 8
+5 12 12
-5 4
cfi=(212)
cfn=(1468)
calls=4 199 
* 1023 231 147 50 10 2 34 0 1

fl=(249) ./libio/./libio/fileno.c
fn=(1944) fileno
32 3 0 0 3 0 0 1
+3 15 6
+7 3 3

fl=(207) ./string/../sysdeps/x86_64/multiarch/memmove-vec-unaligned-erms.S
fn=(1534) __mempcpy_avx_unaligned_erms
294 42 0 0 1 0 0 1
+1 42
+1 42
+1 42
+17 42
+1 42
+42 42
+1 42
+2 40
+1 40
+2 40
+4 40
+1 40
+1 40
+1 40 40
+1 40
+4 40 0 40
+2 40 40
+17 2 2
+1 2 2
+1 2 0 2
+1 2 0 2
+2 2 2

fn=(1414) __memcpy_avx_unaligned_erms
307 249 0 0 1 0 0 1
+1 249
+6 249
+1 249
+2 4 4
+1 4
+1 4
+3 4 4
+1 4 0 4
+1 4 0 4
+3 8 4
+30 245
+1 245
+2 210
+1 210
+2 125
+4 125
+1 111
+1 111
+1 111 111
+1 111
+1 48 48
+1 48 0 48
+2 48 0 48
+2 48 48
-2 63 0 63 0 0 1
+2 63 63
+6 14 14
+1 14 14
+1 14 0 14
+1 14 0 14
+1 14 14
+7 35 35 0 1 2 0 1
+1 35 35 0 0 1
+1 35 0 35 0 0 2
+1 35 0 35
+2 35 35
+17 85 85 0 2 0 0 1
+1 85 85
+1 85 0 85
+1 85 0 85 0 0 1
+1 85 85

fl=(242)
fn=(1880)
31 320 0 0 3 0 0 1
+1 320 0 320
+3 320
+1 320 320
+1 320
+1 320
+1 320
+2 320
+1 320
+2 320
+1 320
+1 320 0 0 5 0 0 1
+1 320
+1 280
+2 280
+1 280
+1 280 0 280
+1 280
+26 40 0 0 4 0 0 1
+1 40
+1 40
+1 40
+1 40
+1 40
+1 40 40
+1 40
+1 40
+26 40 0 0 3 0 0 1
+1 40
+1 40
+2 40 0 40
+1 40
+1 40
+1 40 0 40
+1 40
+1 40
+2 40 40
+3 40 40
-5 280
+2 280 280
+3 280 280

fl=(115) ./string/../sysdeps/x86_64/multiarch/strchrnul.c
fn=(370) strchrnul
31 1 0 0 1 0 0 1
fi=(84)
+2 5 2
-1 2
+2 3 1 0 1 0 0 1
+2 2
+4 3
+3 4
fe=(115)
-12 1 1

fl=(197)
fn=(1342)
28 1 0 0 1 0 0 1
+2 1
+2 1
cfi=(198)
cfn=(1344)
calls=1 -2 
* 31 7 10 3 1 0 3

fl=(248) ./string/../sysdeps/x86_64/multiarch/memchr-avx2.S
fn=(1904) __memchr_avx2
60 40 0 0 3 0 0 1
+7 40
+2 40
+3 40
+1 40
+2 40
+1 40
+1 40
+1 40
+3 40 40
+1 40
+3 40
+1 40
+12 40 0 0 3 0 0 1
+5 40
+1 40
+1 40
+1 40
+1 80 40

fl=(86) ./string/../sysdeps/x86_64/multiarch/strcmp.c
fn=(300) strcmp
65 1 0 0 1 0 0 1
-24 2 2
+1 1 1
-1 2
+1 2 0 0 1 0 0 1
+2 2
+5 3
+3 3 0 0 1 0 0 1
+13 1 1

fl=(108) ./string/../sysdeps/x86_64/multiarch/strcat.c
fn=(352) strcat
29 1 0 0 1 0 0 1
fi=(101)
+7 2 2
+1 1 1
-1 2
+1 2
+2 2 0 0 1 0 0 1
+4 3
+3 3
fe=(108)
-17 1 1

fl=(168) ./libio/./libio/vtables.c
fn=(576) check_stdfiles_vtables
83 1 0 0 1 0 0 1
+1 4 2 0 0 1
+1 3 2 0 1 1 0 1
+1 3 2 0 0 2
+2 1 1

fl=(229) ./libio/./libio/iofopen.c
fn=(1724) fopen@@GLIBC_2.2.5
85 18 0 9 3 0 0 1
-20 3 0 0 2 0 0 1
+20 6 0 3
-20 3 0 3
cob=(2)
cfi=(51)
cfn=(1482)
calls=3 -65 
* 740 154 117 18 12 2 1
+2 9
+3 3
+2 6
-2 3 0 3 0 0 2
+2 15 0 3 2 0 0 1
cfi=(212)
cfn=(1726)
calls=3 563 
* 165 24 81 8 2 9 4 1
+1 3
+1 3
-1 3 0 3
+1 3 0 3
cfi=(213)
cfn=(1730)
calls=3 +32 
* 339 99 114 23 8 0 10
+1 15 0 3
cfi=(213)
cfn=(1738)
calls=3 213 
* 624 156 111 52 6 1 18 2
* 6
-38 6 3
+50 21 15 0 2 0 0 1

fl=(81) ./string/../sysdeps/x86/cacheinfo.c
fn=(290) __x86_cacheinfo
86 1 0 0 1 0 0 1
fi=(82) ./string/../sysdeps/x86/cacheinfo.h
-25 1 1
+3 3 1 0 0 1
+2 1
+1 1 0 1 1 0 1 1 0 1
-1 2 0 1
+7 3 1
+2 1
+1 1 0 1
-1 2 0 1
+5 2 1 1 1 0 1 1 0 1
+2 2 1 1 0 0 1 0 0 1
+1 2 1 1 0 1
+1 2 1 1
+2 2 1
fe=(81)
* 2 1

fl=(189) ./wcsmbs/./wcsmbs/btowc.c
fn=(986) btowc
32 512 0 256 1 0 0 1
+5 256
-5 3072 256 1024 1 0 0 1
+5 1536 0 0 1 0 0 1
+5 512
+4 384 384 0 0 1
fi=(190) ./wcsmbs/./wcsmbsload.h
+23 384 128 0 0 1
fe=(189)
-22 128 128 0 0 1
+2 128 128 0 0 1
-2 128 128 0 0 1
+2 128
+5 512 128
+3 256 0 128
cfi=(191)
cfn=(990)
calls=128 -21 
* 768 384 0 1 0 0 1
* 384 128 128
cfi=(192)
cfn=(992)
calls=128 -8 
* 768 128 0 2 0 0 2
+41 2304 1792 0 1 0 0 1
fi=(190)
-27 128 0 0 1 0 0 1
+1 128
-1 256
fe=(189)

fl=(237)
fn=(1868)
1278 40 0 0 4 0 0 1
+1 40 40
-1 80
+1 120 40
cfn=(1870) __printf_fp_l
calls=40 216 
* 55660 11142 7058 291 28 20 100 10

fn=(1888) hack_digit
170 1160 0 580 4 0 0 1
+3 1422 566
+2 280 280
+2 560 560
-2 560
+2 280 0 0 2 0 0 1
+1 840
-1 280 280
+1 280 0 280
cfi=(242)
cfn=(1880)
calls=280 31 
* 5880 840 560
* 280 0 280
+31 280
+1 1400 840
-37 1656 276 276 3 0 0 1
+37 50 30

fn=(1870)
216 640 40 360 4 0 6 2
+50 40 40
-9 40 0 40
+17 40 0 40 3 0 2 1
-8 120
+32 40 40
-21 40
-11 80 0 40
+11 80
fi=(238) ./stdio-common/../include/../locale/localeinfo.h
+38 120 80 40 0 4
fe=(237)
-35 80 40 40
+18 80 0 0 3 0 0 1
+8 40 0 40
-72 40 0 40
-1 40 0 40
388 40 40
-1 80
+5 80 0 0 2 0 0 1
+4 280 120 0 6 4 0 2 2
1272 480 360 0 3 0 0 1
396 240 0 40 6 0 2 2
cfi=(239) ./stdlib/../sysdeps/ieee754/dbl-64/dbl2mpn.c
cfn=(1874) __mpn_extract_double
calls=40 33 
* 880 40 160 8 0 0 2
* 160
+36 40 40
+5 40
-49 40 0 40
+44 160
+1 40
+1 80
+3 480 0 0 6 0 0 2
+1 40
-1 40
+1 120
-1 40
+1 80
-1 40 0 40
+1 320 0 40 3 0 2 1
+1 40
-1 80 0 40
+1 520 0 40 3 0 2 1
+6 40 0 40
-6 80 0 40 3 0 0 1
+7 80
831 40 40 0 2 0 0 1
+10 40 40
-10 40 40
+10 40 40
+6 40 40
-16 40 0 40
+10 80 40
+6 40 0 40
-6 80 40 40 0 2 0 0 1
+2 80 0 0 2 0 0 1
+10 80 40
+20 240 0 80
+1 40 40
-13 40 40
+13 80 0 0 3 0 0 1
+1 76
+13 114 38 76
+7 38 38
-8 38 0 38
+8 76 0 38
+3 228 114 38 4 0 0 1
+3 76 38
-6 2 2
-8 2 0 2
+8 4 0 2
+3 12 6 2
+3 4 2
+15 40 40 0 4 0 0 1
-1 160 40 40 4 0 0 1
+7 40
fi=(245) ./stdio-common/../sysdeps/pthread/allocalim.h
27 80 0 40
cfi=(244)
cfn=(1884)
calls=40 * 
* 440 80 0 6 2 0 2
+2 120 40
fe=(237)
932 720 0 160 8 0 0 2
+4 40 40
-3 40
+3 156 38
+3 10 4 0 2 0 0 1
-6 8
+9 6 0 2
cfn=(1888)
calls=2 170 
* 92 22 12
* 2 0 2
-3 4
+3 8 2 2
+4 12 6
+2 4 2
-4 2
+4 2 0 2
+14 2 2
-2 6 0 2
+1 8 0 4
+1 4 2
+1 4
-1 38 38 0 3 0 0 1
-2 114 0 38
+1 152 0 76
+1 76 38
+1 76
-1 20 10
+1 1092 536 0 2 0 0 1
+3 248
-1 248
+2 248
-1 248 0 248
cfn=(1888)
calls=248 170 
* 12972 3134 1686 9 0 0 3
* 248 0 248
+3 592
-7 714 238
+1 476
437 80 0 40 3 0 0 1
963 120 40 0 3 0 0 1
+15 120 80
+1 160 0 120 3 0 0 1
cfn=(1888)
calls=40 170 
* 2144 516 278
+2 120 80
-2 40
+2 200
+2 78 26
+3 52 26 0 3 0 0 1
-3 26 26
+8 208 52
-9 26
fi=(246) ./stdio-common/../sysdeps/generic/get-rounding-mode.h
94 26 0 26
+1 104 26 0 3 0 0 1
-1 14 0 14
+1 176 14
fi=(247) ./stdio-common/../include/rounding-mode.h
-43 112
+6 8
fe=(237)
1097 48
+3 14
-1 14
-2 136 54 0 1 0 0 1
+7 80
+3 120 40 0 3 0 0 1
+13 120 40 0 2 0 0 1
+46 80 80 0 3 0 0 1
+2 80 0 0 3 0 0 1
-2 200 40
+2 200 40 40
+2 320 80 0 2 0 0 1
+10 200 80 0 1 0 0 1
+8 40 40 0 2 0 0 1
+7 40 40
-7 80
+7 80 40
+5 120 40 80 2 0 0 1
cob=(2)
cfi=(51)
cfn=(1006)
calls=40 0 
* 640 120 0 4 2 0 0 1
+2 80 80
-2 40
+2 80
+5 120 40 0 2 0 0 1
+2 40 40
-2 40 0 40
+2 80
+11 640 0 80 3 0 0 1
+7 480 120 120 3 0 0 1
+3 548
+3 548 0 274
-6 822
+1 942 314 0 2 0 0 1
+1 80 40
-2 40
+2 40 0 40
cob=(2)
cfi=(51)
cfn=(1532)
calls=40 0 
* 800 120 40 3 2
* 40
-2 80
+10 240 200 0 2 0 0 1
+17 200
+3 120 40 0 4 0 0 1
+11 120 80
972 10 10 0 3 0 0 1
-1 10 0 10
+1 20 0 0 3 0 0 1
+36 16 16 0 3 0 0 1
-5 48 16
+5 16
-1 16
+1 32 16
+2 6 0 6
-2 12 6
+3 6
-3 56 0 0 4 0 0 1
+5 62 26
+4 32 0 16 3 0 0 1
+11 32 16
+69 32
649 80 0 0 3 0 0 1
825 8 0 2
cfi=(240)
cfn=(1876)
calls=2 28 
* 32 4 2
* 2
+1 10 4 4 2 0 0 1
+1 4 0 2
+13 80 0 40 2 0 0 1
1175 120
874 4 2
+15 2 2
-1 4 0 2
+1 6 0 2
665 114 0 0 9 0 0 2
+5 38
-5 38 0 38 0 0 2
cfi=(240)
cfn=(1876)
calls=38 28 
* 608 76 38 4 0 0 2
+5 38 38
-18 38 0 38
+10 38
+3 38
+1 38 38
+24 38 0 38
-20 38
-4 152 38 76 4 0 0 1
+3 38 0 38
+1 76 0 38
+23 36 24 0 5 0 0 1
+1 24
+3 24 12
+1 12
-1 24 12
+1 12
+8 12 12
-7 24
+7 12
-9 12
+2 12
-2 12
+2 12
+7 24
+22 24
+61 456 0 0 3 0 0 1
-2 456
+2 1748
675 456 0 0 3 0 0 1
+2 912 456 0 0 10 0 0 5
+7 12 12
+1 24 12
-1 12 12
+4 12 12
-4 12
+2 12 12
-2 24
+6 48 0 12 3 0 0 1
cfi=(241)
cfn=(1878)
calls=12 48 
* 900 192 168 31 2 4 9 1
* 12
+5 36 0 12
+42 20
-1 10
+1 20 0 10
+5 30 0 0 3 0 0 1
-6 10 0 10
+6 10
+3 30 10
-37 8 0 0 2 0 0 1
+4 8
-2 4 0 4
+2 16 0 4
+16 12 0 0 2 0 0 1
+2 8 4
+1 2
1177 80 0 0 3 0 0 1
+77 4556 942 628 3 0 0 2
883 80 0 0 1 0 0 1
260 80 0 0 3 0 0 1
947 10 4 0 2 0 0 1
+9 76 38 0 3 0 0 1
-1 76 0 38 3 0 0 1
-1 38 0 38
+2 38 0 38
835 76 0 38
-44 114 38 0 6 0 0 2
+4 140 84 28
cfi=(242)
cfn=(1880)
calls=28 31 
* 924 112 84
+4 56 28
+1 28
-4 28 28
+4 56 28
-4 28 0 28
+3 28 28 0 2 0 0 1
+1 112
+9 28 28
+1 28 0 28
-1 28 0 28
+4 154 38 38 1 0 0 1
1203 80
779 20 0 10 2 0 0 1
cfi=(243)
cfn=(1882)
calls=10 28 
* 180 30 20 7 0 0 3
+3 10 10
+7 10 10
-7 30 0 10
+26 84 28 28 4 0 0 1
cfi=(243)
cfn=(1882)
calls=28 28 
* 504 84 56
* 28
-62 20 0 0 3 0 0 1
+10 10
-3 10
+3 50 10
+13 30

fl=(239)
fn=(1874)
33 120 0 0 4 0 0 1
+4 80
-2 40
+2 40 0 40
+1 200 0 40
+9 80
+9 40 0 0 4 0 0 1
-9 40 0 40
+9 80
+47 40
+4 40
-4 40 0 40
+4 40 40

fl=(109) ./string/../sysdeps/x86_64/multiarch/strncase_l.c
fn=(356) strncasecmp_l
31 1 0 0 1 0 0 1
fi=(263)
+1 5 2
fe=(109)
-1 1 1 0 1 0 0 1

fl=(177)
fn=(672)
37 220 0 110 3 0 0 1
+6 110 110 0 0 27
-6 110 0 110
+3 110 110 0 0 27
-3 220 0 110
+3 110 110 0 0 27
+3 110
+20 55 55
+15 550 440
-20 220 0 0 3 0 0 1
+1 2 0 1
cfi=(178)
cfn=(674)
calls=1 -24 
* 9 2 1 1 0 0 1
* 2
+4 1 1
-1 220
+4 139 0 0 2 0 0 1
+2 54
-2 81
+8 27 0 27 0 0 14
cfi=(178)
cfn=(674)
calls=27 -39 
* 243 54 27
* 28 0 28 0 0 22
cfi=(178)
cfn=(674)
calls=28 -39 
* 252 56 28 2
* 110

fl=(188) ./wcsmbs/./wcsmbs/wctob.c
fn=(980) wctob
30 1664 128 512 2 0 0 2
+9 384
+6 128
-1 256
+37 1024 768 0 1 0 0 1

ob=(2)
fl=(51)
fn=(622) 0x00000000048ed4b0
0 18 9 0 1 1 0 1
cob=(3)
cfi=(172)
cfn=(626)
calls=9 69 
0 671 126 136 7 2 5 7 0 1
cob=(1)
cfi=(160) ./elf/../sysdeps/x86_64/dl-trampoline.h
cfn=(528) _dl_runtime_resolve_xsave
calls=1 67 
0 957 307 144 0 12 0 0 1
0 5 2 2 1 0 0 1

fn=(888) 0x00000000048ed3a0
0 2 1 0 1 1 0 1
cob=(7)
cfi=(171)
cfn=(892) std::locale::facet::_S_create_c_locale(__locale_struct*&, char const*, __locale_struct*)
calls=1 0 
0 919 305 153 11 13 1 11 3
cob=(1)
cfi=(160)
cfn=(528)
calls=1 67 
0 1095 284 129 0 7 0 0 2
0 5 2 2 1 0 0 1

fn=(928) 0x00000000048edd00
0 2 1 0 1 1 0 1
cob=(7)
cfi=(171)
cfn=(932) std::__cxx11::moneypunct<char, false>::_M_initialize_moneypunct(__locale_struct*, char const*)
calls=1 0 
0 113 38 31 4 1 0 4 1
cob=(1)
cfi=(160)
cfn=(528)
calls=1 67 
0 1215 299 129 0 9 0 0 1
0 5 2 2 1 0 0 1

fn=(934) 0x00000000048ef410
0 2 1 0 1 1 0 1
cob=(7)
cfi=(171)
cfn=(938) std::__cxx11::moneypunct<char, true>::_M_initialize_moneypunct(__locale_struct*, char const*)
calls=1 0 
0 113 38 31 5 0 0 5
cob=(1)
cfi=(160)
cfn=(528)
calls=1 67 
0 1223 300 129 0 8 0 0 1
0 5 2 2 1 0 0 1

fn=(940) 0x00000000048ee8c0
0 2 1 0 1 1 0 1
cob=(7)
cfi=(171)
cfn=(944) std::__timepunct<char>::__timepunct(std::__timepunct_cache<char>*, unsigned long)
calls=1 0 
0 1290 304 170 18 9 1 18 2 1
cob=(1)
cfi=(160)
cfn=(528)
calls=1 67 
0 974 270 129 1 8 0 0 1
0 5 2 2 1 0 0 1

fn=(958) 0x00000000048eca60
0 2 1 0 1 1 0 1
cob=(7)
cfi=(171)
cfn=(962) std::ctype<wchar_t>::ctype(unsigned long)
calls=1 0 
0 28289 7374 3882 50 79 21 45 19 21
cob=(1)
cfi=(160)
cfn=(528)
calls=1 67 
0 719 237 129 0 6 0 0 1
0 5 2 2 1 0 0 1

fn=(964) 0x00000000048ed950
0 2 1 0 1 1 0 1
cob=(7)
cfi=(171)
cfn=(968) std::ctype<wchar_t>::_M_initialize_ctype()
calls=1 0 
0 27380 7107 3743 46 71 20 41 18 20
cob=(1)
cfi=(160)
cfn=(528)
calls=1 67 
0 863 255 129 0 7 0 0 1
0 5 2 2 1 0 0 1

fn=(1204) 0x00000000048ec690
0 2 1
cob=(7)
cfi=(171)
cfn=(1208) std::locale::locale(std::locale::_Impl*)
calls=1 0 
0 3 1 1 1 0 0 1
cob=(1)
cfi=(160)
cfn=(528)
calls=1 67 
0 775 244 129 0 8 0 0 2
0 5 2 2

fn=(1230) 0x00000000048ee880
0 28 14 0 2 3 0 1
cob=(7)
cfi=(171)
cfn=(1234) std::locale::operator=(std::locale const&)
calls=14 0 
0 280 98 42 8 0 0 3
cob=(1)
cfi=(160)
cfn=(528)
calls=1 67 
0 727 238 129 0 7 0 0 1
0 5 2 2 1 0 0 1

fn=(1236) 0x00000000048eed50
0 40 20 0 0 2
cob=(7)
cfi=(171)
cfn=(1240) std::locale::~locale()
calls=20 0 
0 160 80 20 1 0 0 1
cob=(1)
cfi=(160)
cfn=(528)
calls=1 67 
0 735 239 129 0 6
0 5 2 2

fn=(1354) 0x00000000048ecba0
0 11566 5783 0 0 38
cob=(7)
cfi=(171)
cfn=(1358) operator new(unsigned long)
calls=5783 0 
0 1141999 209347 173688 121 494 5048 20 0 727
cob=(1)
cfi=(160)
cfn=(528)
calls=1 67 
0 644 235 134 0 6 0 0 1
0 5 2 2

fn=(1482)
0 8 4 0 2 3 0 1
cob=(3)
cfi=(173)
cfn=(652)
calls=4 3287 
0 926 185 145 20 12 3 1 0 1

fn=(1632) 0x000000000010a3e0
0 16 8 0 1
cob=(7)
cfi=(171)
cfn=(1634) std::__cxx11::basic_string<char, std::char_traits<char>, std::allocator<char> >::get_allocator() const
calls=8 0 
0 24 8 0 3 0 0 1

fn=(1676) 0x00000000048edbb0
0 212 106 0 1 2 0 1
cob=(3)
cfi=(194)
cfn=(1008)
calls=106 50 
0 1500 214 0 2 8 0 1 4
cob=(1)
cfi=(160)
cfn=(528)
calls=1 67 
0 818 287 141 3 34
0 5 2 2 1 0 0 1

fn=(1800) 0x00000000048eeae0
0 68 34 0 1
cob=(7)
cfi=(171)
cfn=(1804) std::ostreambuf_iterator<char, std::char_traits<char> > std::num_put<char, std::ostreambuf_iterator<char, std::char_traits<char> > >::_M_insert_int<long>(std::ostreambuf_iterator<char, std::char_traits<char> >, std::ios_base&, char, long) const
calls=34 0 
0 9186 2055 1409 21 6 0 11
cob=(1)
cfi=(160)
cfn=(528)
calls=1 67 
0 1382 321 129 0 8
0 5 2 2

fn=(1820) 0x000000000010a680
0 80 40 0 1
cob=(7)
cfi=(171)
cfn=(1822) std::ostream::operator<<(double)
calls=40 0 
0 105053 23289 15855 563 122 46 187 28

fn=(1928) 0x00000000048eda70
0 6 3 0 3 2 0 1
cob=(7)
cfi=(171)
cfn=(1932) std::__basic_file<char>::xsputn(char const*, long)
calls=3 0 
0 2600 873 436 25 30 0 4 10
cob=(1)
cfi=(160)
cfn=(528)
calls=1 67 
0 855 254 129 0 9 0 0 3
0 5 2 2 1 0 0 1

fn=(1988)
0 6 3 0 2
cob=(3)
cfi=(173)
cfn=(1568)
calls=3 3352 
0 414 123 54 0 2

fn=(2000) 0x00000000048ef020
0 6 3 0 3 0 0 1
cob=(7)
cfi=(171)
cfn=(2004) std::ios_base::~ios_base()
calls=3 0 
0 2033 585 298 21 16 0 9 2
cob=(1)
cfi=(160)
cfn=(528)
calls=1 67 
0 719 237 129 0 6 0 0 1
0 5 2 2 1 0 0 1

fn=(2100) 0x000000000483f334
0 3 0 1 2 0 0 1
cob=(5) /usr/libexec/valgrind/vgpreload_core-amd64-linux.so
cfi=(164) ???
cfn=(2102) 0x00000000000010e0
calls=1 0 
0 152 37 18 5 2 0 2
0 2 1

fn=(2188) 0x0000000004b64340
0 2 1 0 1 0 0 1
cob=(3)
cfi=(259)
cfn=(2082)
calls=1 30 
0 119 27 12

fn=(832) 0x000000000010a5f0
0 2 1 0 1 1 0 1
cob=(7)
cfi=(171)
cfn=(834) std::ios_base::Init::Init()
calls=1 0 
0 103149 28092 13456 438 562 145 427 122 119

fn=(858) 0x00000000048ed290
0 14 7 0 1 1 0 1
cob=(7)
cfi=(171)
cfn=(862) std::locale::facet::_S_get_c_name()
calls=7 0 
0 21 7 0 1 0 0 1
cob=(1)
cfi=(160)
cfn=(528)
calls=1 67 
0 877 254 129 0 11 0 0 2
0 5 2 2 1 0 0 1

fn=(870) 0x00000000048ef2c0
0 108 54 0 4 3 0 1
cob=(7)
cfi=(171)
cfn=(874) std::locale::facet::_S_get_c_locale()
calls=54 0 
0 3982 1197 511 35 44 1 25 15
cob=(1)
cfi=(160)
cfn=(528)
calls=1 67 
0 895 259 129 0 7 0 0 1
0 5 2 2 1 0 0 1

fn=(894) 0x00000000048ee370
0 2 1 0 1 1 0 1
cob=(3)
cfi=(185)
cfn=(898)
calls=1 43 
0 48 13 9 7 0 0 7
cob=(1)
cfi=(160)
cfn=(528)
calls=1 67 
0 854 287 139 0 12 1 0 3
0 5 2 2 1 0 0 1

fn=(982) 0x00000000048efa60
0 512 256 0 1 1 0 1
cob=(3)
cfi=(189)
cfn=(986)
calls=256 32 
0 12672 3712 1536 8 5 0 8
cob=(1)
cfi=(160)
cfn=(528)
calls=1 67 
0 777 282 139 0 10 0 0 3
0 5 2 2 1 0 0 1

fn=(1058) 0x00000000048ed5e0
0 2 1 0 1 0 0 1
cob=(7)
cfi=(171)
cfn=(1062) std::numpunct<char>::_M_initialize_numpunct(__locale_struct*)
calls=1 0 
0 414 137 75 5 0 0 5
cob=(1)
cfi=(160)
cfn=(528)
calls=1 67 
0 1047 278 129 0 8 0 0 1
0 5 2 2 1 0 0 1

fn=(1076) 0x00000000048ec930
0 2 1 0 1 1 0 1
cob=(7)
cfi=(171)
cfn=(1080) std::moneypunct<char, false>::_M_initialize_moneypunct(__locale_struct*, char const*)
calls=1 0 
0 113 38 31 4 0 0 4
cob=(1)
cfi=(160)
cfn=(528)
calls=1 67 
0 1143 290 129 0 8 0 0 3
0 5 2 2 1 0 0 1

fn=(1142) 0x00000000048ee5e0
0 2 1 0 1 1 0 1
cob=(7)
cfi=(171)
cfn=(1146) std::moneypunct<wchar_t, false>::_M_initialize_moneypunct(__locale_struct*, char const*)
calls=1 0 
0 109 30 31 5 0 0 5
cob=(1)
cfi=(160)
cfn=(528)
calls=1 67 
0 1175 294 129 0 8 0 0 2
0 5 2 2 1 0 0 1

fn=(1212) 0x00000000048ed1b0
0 22 11 0 3 3 0 1
cob=(7)
cfi=(171)
cfn=(1216) std::ios_base::ios_base()
calls=11 0 
0 935 132 330 18 10 34 3 0 21
cob=(1)
cfi=(160)
cfn=(528)
calls=1 67 
0 711 236 129 0 6 0 0 1
0 5 2 2 1 0 0 1

fn=(1254) 0x00000000048ec550
0 100 50 0 1 2
cob=(7)
cfi=(171)
cfn=(1258) std::ctype<char> const& std::use_facet<std::ctype<char> >(std::locale const&)
calls=50 0 
0 950 450 100 10 10 0 2
cob=(1)
cfi=(160)
cfn=(528)
calls=1 67 
0 902 261 129 0 6 0 0 2
0 5 2 2 1

fn=(1266) 0x00000000048ec9b0
0 20 10 0 3 3 0 1
cob=(7)
cfi=(171)
cfn=(1270) std::num_put<char, std::ostreambuf_iterator<char, std::char_traits<char> > > const& std::use_facet<std::num_put<char, std::ostreambuf_iterator<char, std::char_traits<char> > > >(std::locale const&)
calls=10 0 
0 190 90 20 2 4 0 1
cob=(1)
cfi=(160)
cfn=(528)
calls=1 67 
0 1270 307 129 0 6 0 0 1
0 5 2 2 1 0 0 1

fn=(1350) 0x000000000010a390
0 11526 5763 0 1 37 0 1
cob=(7)
cfi=(171)
cfn=(1352) operator new[](unsigned long)
calls=5763 0 
0 1162851 214794 173380 100 515 5032 13 1 726

fn=(1360) 0x000000000010a660
0 4 2 0 1 1 0 1
cob=(7)
cfi=(171)
cfn=(1362) std::allocator<char>::allocator()
calls=2 0 
0 4 2 0 1 0 0 1

fn=(1392) 0x000000000010a4c0
0 4 2
cob=(7)
cfi=(171)
cfn=(1394) std::__cxx11::basic_string<char, std::char_traits<char>, std::allocator<char> >::_M_data(char*)
calls=2 0 
0 6 2 2 1 0 0 1

fn=(1396) 0x000000000010a6b0
0 4 2 0 1 0 0 1
cob=(7)
cfi=(171)
cfn=(1398) std::__cxx11::basic_string<char, std::char_traits<char>, std::allocator<char> >::_M_capacity(unsigned long)
calls=2 0 
0 6 2 2

fn=(1532)
0 84 42 0 4 3 0 1
cob=(3)
cfi=(207)
cfn=(1534)
calls=42 294 
0 746 86 44 1 0 0 1

fn=(1558) 0x00000000048ed2e0
0 11566 5783 0 1 20
cob=(7)
cfi=(171)
cfn=(1562) operator delete(void*)
calls=5783 0 
0 1028516 303834 126625 63 5185 51 30 1
cob=(1)
cfi=(160)
cfn=(528)
calls=1 67 
0 615 224 129 0 38 23 0 1
0 5 2 2 1 1

fn=(1624) 0x00000000048eefc0
0 6 3 0 3 2 0 1
cob=(7)
cfi=(171)
cfn=(1628) std::codecvt<char, char, __mbstate_t> const& std::use_facet<std::codecvt<char, char, __mbstate_t> >(std::locale const&)
calls=3 0 
0 366 129 69 5 0 0 2
cob=(1)
cfi=(160)
cfn=(528)
calls=1 67 
0 1030 277 129 0 8
0 5 2 2 1 0 0 1

fn=(1640) 0x000000000010a430
0 16 8
cob=(7)
cfi=(171)
cfn=(1642) std::allocator<char>::allocator(std::allocator<char> const&)
calls=8 0 
0 16 8 0 3

fn=(1750) 0x00000000048ecca0
0 6 3 0 3 2 0 1
cob=(7)
cfi=(171)
cfn=(1754) std::basic_filebuf<char, std::char_traits<char> >::_M_allocate_internal_buffer()
calls=3 0 
0 654 126 105 12 4 2 3
cob=(1)
cfi=(160)
cfn=(528)
calls=1 67 
0 1142 291 129 0 8 0 0 2
0 5 2 2 1 0 0 1

fn=(1994) 0x00000000048ed6c0
0 6 3 0 3 2 0 1
cob=(7)
cfi=(171)
cfn=(1998) std::__basic_file<char>::~__basic_file()
calls=3 0 
0 57 18 6 3 0 0 1
cob=(1)
cfi=(160)
cfn=(528)
calls=1 67 
0 775 244 129 0 7 0 0 1
0 5 2 2 1 0 0 1

fn=(578) 0x0000000004b64000
0 7 2 0 1 1 0 1

fn=(590) 0x0000000004a88000
0 7 2 0 1 1 0 1

fn=(600) 0x00000000048e8000
0 7 2 0 1 1 0 1

fn=(910) 0x00000000048ed6b0
0 448 224 0 3 3 0 1
cob=(7)
cfi=(171)
cfn=(914) std::locale::id::_M_id() const
calls=224 0 
0 1776 592 96 2 12 0 2 4
cob=(1)
cfi=(160)
cfn=(528)
calls=1 67 
0 759 242 129 0 4 0 0 1
0 5 2 2 1 0 0 1

fn=(1050) 0x00000000048ecb80
0 2 1 0 1 0 0 1
cob=(7)
cfi=(171)
cfn=(1054) std::__cxx11::messages<wchar_t>::messages(unsigned long)
calls=1 0 
0 44 12 9 1 0 0 1
cob=(1)
cfi=(160)
cfn=(528)
calls=1 67 
0 798 248 129 0 7
0 5 2 2 1 0 0 1

fn=(1112) 0x00000000048f0380
0 2 1 0 1 1 0 1
cob=(7)
cfi=(171)
cfn=(1116) std::messages<char>::messages(unsigned long)
calls=1 0 
0 44 12 9 2 1 1 2 0 1
cob=(1)
cfi=(160)
cfn=(528)
calls=1 67 
0 750 242 129 0 7 0 0 1
0 5 2 2 1 0 0 1

fn=(1124) 0x00000000048edf90
0 2 1 0 1 1
cob=(7)
cfi=(171)
cfn=(1128) std::numpunct<wchar_t>::_M_initialize_numpunct(__locale_struct*)
calls=1 0 
0 350 74 74 6 0 0 6
cob=(1)
cfi=(160)
cfn=(528)
calls=1 67 
0 1055 279 129 0 5
0 5 2 2 1

fn=(1224) 0x00000000048ef640
0 28 14 0 2 3 0 1
cob=(7)
cfi=(171)
cfn=(1228) std::ios_base::_M_init()
calls=14 0 
0 2662 915 514 17 21 1 9 2
cob=(1)
cfi=(160)
cfn=(528)
calls=1 67 
0 767 243 129 0 7 0 0 2
0 5 2 2 1 0 0 1

fn=(1242) 0x00000000048ef800
0 20 10 0 3 3 0 1
cob=(7)
cfi=(171)
cfn=(1246) std::basic_ios<char, std::char_traits<char> >::_M_cache_locale(std::locale const&)
calls=10 0 
0 7948 2145 956 43 68 0 16 13
cob=(1)
cfi=(160)
cfn=(528)
calls=1 67 
0 1110 287 129 0 7 0 0 3
0 5 2 2 1 0 0 1

fn=(1296) 0x00000000048ed230
0 8 4 0 1 1 0 1
cob=(7)
cfi=(171)
cfn=(1300) bool std::has_facet<std::ctype<wchar_t> >(std::locale const&)
calls=4 0 
0 12 4 0 1 0 0 1
cob=(1)
cfi=(160)
cfn=(528)
calls=1 67 
0 878 258 129 0 8 0 0 2
0 5 2 2 1 0 0 1

fn=(1314) 0x00000000048eeed0
0 8 4 0 1 1 0 1
cob=(7)
cfi=(171)
cfn=(1318) std::num_put<wchar_t, std::ostreambuf_iterator<wchar_t, std::char_traits<wchar_t> > > const& std::use_facet<std::num_put<wchar_t, std::ostreambuf_iterator<wchar_t, std::char_traits<wchar_t> > > >(std::locale const&)
calls=4 0 
0 76 36 8 1 0 0 1
cob=(1)
cfi=(160)
cfn=(528)
calls=1 67 
0 1286 309 129 0 6 0 0 3
0 5 2 2 1 0 0 1

fn=(1326) 0x00000000048efbd0
0 8 4 0 1 1 0 1
cob=(7)
cfi=(171)
cfn=(1330) std::num_get<wchar_t, std::istreambuf_iterator<wchar_t, std::char_traits<wchar_t> > > const& std::use_facet<std::num_get<wchar_t, std::istreambuf_iterator<wchar_t, std::char_traits<wchar_t> > > >(std::locale const&)
calls=4 0 
0 76 36 8 1 0 0 1
cob=(1)
cfi=(160)
cfn=(528)
calls=1 67 
0 1294 310 129 0 4 0 0 1
0 5 2 2 1 0 0 1

fn=(1366) 0x000000000010a4b0
0 4 2 0 1 0 0 1
cob=(7)
cfi=(171)
cfn=(1368) std::__cxx11::basic_string<char, std::char_traits<char>, std::allocator<char> >::_M_local_data()
calls=2 0 
0 6 2 0 1 0 0 1

fn=(1388) 0x000000000010a670
0 4 2
cob=(7)
cfi=(171)
cfn=(1390) std::__cxx11::basic_string<char, std::char_traits<char>, std::allocator<char> >::_M_create(unsigned long&, unsigned long)
calls=2 0 
0 430 80 60 2 0 1 2 0 1

fn=(1400) 0x000000000010a550
0 4 2 0 1 0 0 1
cob=(7)
cfi=(171)
cfn=(1402) std::__cxx11::basic_string<char, std::char_traits<char>, std::allocator<char> >::_M_data() const
calls=2 0 
0 6 4

fn=(1554) 0x000000000010a5a0
0 11526 5763 0 3 20 0 1
cob=(7)
cfi=(171)
cfn=(1556) operator delete[](void*)
calls=5763 0 
0 1050130 309183 126447 35 5242 72 31 2

fn=(1594) 0x000000000010a620
0 6 3 0 3 2 0 1
cob=(7)
cfi=(171)
cfn=(1596) std::basic_ofstream<char, std::char_traits<char> >::basic_ofstream()
calls=3 0 
0 7391 2173 1321 127 124 19 30 5

fn=(1768) 0x000000000010a380
0 6 3 0 0 2
cob=(7)
cfi=(171)
cfn=(1770) std::basic_ios<char, std::char_traits<char> >::fail() const
calls=3 0 
0 12 6 0 2 0 0 1

fn=(1792) 0x00000000048ed360
0 68 34 0 1 2 0 1
cob=(7)
cfi=(171)
cfn=(1796) std::ostream& std::ostream::_M_insert<long>(long)
calls=34 0 
0 13567 3512 2022 42 22 0 18
cob=(1)
cfi=(160)
cfn=(528)
calls=1 67 
0 758 243 129 0 9
0 5 2 2 1 0 0 1

fn=(1832) 0x00000000048ee440
0 80 40 0 5 2 0 1
cob=(7)
cfi=(171)
cfn=(1836) std::ostreambuf_iterator<char, std::char_traits<char> > std::num_put<char, std::ostreambuf_iterator<char, std::char_traits<char> > >::_M_insert_float<double>(std::ostreambuf_iterator<char, std::char_traits<char> >, std::ios_base&, char, char, double) const
calls=40 0 
0 99191 21357 15033 538 102 46 176 26
cob=(1)
cfi=(160)
cfn=(528)
calls=1 67 
0 1406 324 129 0 7 0 0 1
0 5 2 2 1 0 0 1

fn=(1916) 0x00000000048edaf0
0 6 3 0 3 0 0 1
cob=(7)
cfi=(171)
cfn=(1920) std::basic_filebuf<char, std::char_traits<char> >::_M_terminate_output()
calls=3 0 
0 5011 1564 779 58 50 0 16 16
cob=(1)
cfi=(160)
cfn=(528)
calls=1 67 
0 1086 284 129 0 8 0 0 2
0 5 2 2 1 0 0 1

fn=(1950) 0x00000000048edd40
0 6 3 0 2 2 0 1
cob=(7)
cfi=(171)
cfn=(1954) std::basic_filebuf<char, std::char_traits<char> >::_M_destroy_internal_buffer()
calls=3 0 
0 555 168 75 32 2 0 2
cob=(1)
cfi=(160)
cfn=(528)
calls=1 67 
0 1158 293 129 0 5 0 0 2
0 5 2 2 1 0 0 1

fn=(1958) 0x00000000048ef900
0 12 6 0 3 2 0 1
cob=(7)
cfi=(171)
cfn=(1962) std::__basic_file<char>::close()
calls=6 0 
0 2279 701 408 86 21 0 29 6
cob=(1)
cfi=(160)
cfn=(528)
calls=1 67 
0 823 250 129 0 7 0 0 2
0 5 2 2 1 0 0 1

fn=(2024) 0x000000000010a3a0
0 2 1
cob=(7)
cfi=(171)
cfn=(2026) std::basic_ofstream<char, std::char_traits<char> >::open(char const*, std::_Ios_Openmode)
calls=1 0 
0 1041 230 217 47 0 0 1

fn=(2162) 0x00000000049f8fc4
0 4 1 0 1 0 0 1

fn=(612) 0x00000000048edfb0
0 4 2 0 1 1 0 1
cob=(7)
cfi=(171)
cfn=(618) std::error_category::error_category()
calls=2 0 
0 10 4 2 1 1 0 1
cob=(1)
cfi=(160)
cfn=(528)
calls=1 67 
0 789 243 129 0 13 7 0 0 1
0 5 2 2 1 1 0 1

fn=(916) 0x00000000048ed880
0 2 1 0 1 1 0 1
cob=(7)
cfi=(171)
cfn=(920) std::codecvt<char, char, __mbstate_t>::codecvt(unsigned long)
calls=1 0 
0 37 10 7 2 0 2 2 0 2
cob=(1)
cfi=(160)
cfn=(528)
calls=1 67 
0 847 253 129 0 4 0 0 1
0 5 2 2 1 0 0 1

fn=(970) 0x00000000048eeeb0
0 164 82 0 3 3 0 1
cob=(3)
cfi=(187)
cfn=(974)
calls=82 30 
0 1804 738 328 8 11 0 2
cob=(1)
cfi=(160)
cfn=(528)
calls=1 67 
0 834 288 139 0 13 0 0 4
0 5 2 2 1 0 0 1

fn=(976) 0x00000000048edf30
0 256 128 0 1 1 0 1
cob=(3)
cfi=(188)
cfn=(980)
calls=128 30 
0 3456 896 512 3 0 0 3
cob=(1)
cfi=(160)
cfn=(528)
calls=1 67 
0 848 293 144 2 12 0 0 3
0 5 2 2 1 0 0 1

fn=(1014) 0x00000000048ed440
0 2 1 0 1 0 0 1
cob=(7)
cfi=(171)
cfn=(1018) std::codecvt<wchar_t, char, __mbstate_t>::codecvt(unsigned long)
calls=1 0 
0 37 10 7 2 0 1 2 0 1
cob=(1)
cfi=(160)
cfn=(528)
calls=1 67 
0 847 253 129 0 6 0 0 2
0 5 2 2 1 0 0 1

fn=(1178) 0x00000000048eeb30
0 2 1 0 1 1 0 1
cob=(7)
cfi=(171)
cfn=(1182) std::messages<wchar_t>::messages(unsigned long)
calls=1 0 
0 44 12 9 2 0 0 2
cob=(1)
cfi=(160)
cfn=(528)
calls=1 67 
0 750 242 129 0 7 0 0 2
0 5 2 2 1 0 0 1

fn=(1218) 0x00000000048ef5a0
0 20 10 0 3 3 0 1
cob=(7)
cfi=(171)
cfn=(1222) std::basic_ios<char, std::char_traits<char> >::init(std::basic_streambuf<char, std::char_traits<char> >*)
calls=10 0 
0 12427 3520 1750 74 109 1 31 20
cob=(1)
cfi=(160)
cfn=(528)
calls=1 67 
0 1158 293 129 0 7
0 5 2 2 1 0 0 1

fn=(1272) 0x00000000048ec460
0 20 10 0 3 3 0 1
cob=(7)
cfi=(171)
cfn=(1276) bool std::has_facet<std::num_get<char, std::istreambuf_iterator<char, std::char_traits<char> > > >(std::locale const&)
calls=10 0 
0 30 10
cob=(1)
cfi=(160)
cfn=(528)
calls=1 67 
0 1246 304 129 0 6 0 0 2
0 5 2 2 1 0 0 1

fn=(1284) 0x00000000048eea20
0 8 4 0 1 1 0 1
cob=(7)
cfi=(171)
cfn=(1288) std::basic_ios<wchar_t, std::char_traits<wchar_t> >::init(std::basic_streambuf<wchar_t, std::char_traits<wchar_t> >*)
calls=4 0 
0 8889 2348 1097 24 52 0 24 15
cob=(1)
cfi=(160)
cfn=(528)
calls=1 67 
0 1118 288 129 0 4 0 0 2
0 5 2 2 1 0 0 1

fn=(1332) 0x000000000010a4d0
0 2 1 0 1 1 0 1
cob=(3)
cfi=(172)
cfn=(626)
calls=1 69 
0 75 14 15 6 2 2

fn=(1426) 0x000000000010a4a0
0 2 1
cob=(4) /usr/lib/x86_64-linux-gnu/libm.so.6
cfi=(209) ./math/./math/w_sqrt_compat.c
cfn=(1428) sqrt
calls=1 34 
0 8 1 0 2 0 0 2

fn=(1454) 0x00000000048f01f0
0 390 195 0 4 0 0 1
cob=(7)
cfi=(171)
cfn=(1458) std::ostream::sentry::sentry(std::ostream&)
calls=195 0 
0 4628 1615 999 6 1 0 3
cob=(1)
cfi=(160)
cfn=(528)
calls=1 67 
0 742 241 129 0 5 0 0 2
0 5 2 2 1 0 0 1

fn=(1455) 0x00000000048f01f0'2
0 2 1
cob=(7)
cfi=(171)
cfn=(1459) std::ostream::sentry::sentry(std::ostream&)'2
calls=1 0 
0 23 8 5

fn=(1578) 0x000000000010a400
0 6 3 0 2 2
cob=(7)
cfi=(171)
cfn=(1580) std::__cxx11::basic_string<char, std::char_traits<char>, std::allocator<char> >::basic_string(std::__cxx11::basic_string<char, std::char_traits<char>, std::allocator<char> > const&)
calls=3 0 
0 3201 747 359 29 72 24 10 3

fn=(1616) 0x00000000048ef1f0
0 12 6 0 3 2 0 1
cob=(7)
cfi=(171)
cfn=(1620) __dynamic_cast
calls=6 0 
0 552 180 120 22 8 1 8
cob=(1)
cfi=(160)
cfn=(528)
calls=1 67 
0 687 233 129 0 10
0 5 2 2 1 0 0 1

fn=(1644) 0x000000000010a630
0 16 8 0 0 2
cob=(7)
cfi=(171)
cfn=(1646) std::__cxx11::basic_string<char, std::char_traits<char>, std::allocator<char> >::basic_string(std::allocator<char> const&)
calls=8 0 
0 48 8 24 2 0 1 1

fn=(1660) 0x00000000048ee590
0 40 20 0 3 2 0 1
cob=(7)
cfi=(171)
cfn=(1664) std::__cxx11::basic_string<char, std::char_traits<char>, std::allocator<char> >::_M_append(char const*, unsigned long)
calls=20 0 
0 3412 860 513 29 14 12 11 2
cob=(1)
cfi=(160)
cfn=(528)
calls=1 67 
0 1150 292 129 0 9 0 0 1
0 5 2 2 1 0 0 1

fn=(1708) 0x00000000048ed0f0
0 6 3
cob=(7)
cfi=(171)
cfn=(1712) std::__basic_file<char>::open(char const*, std::_Ios_Openmode, int)
calls=3 0 
0 2916 766 618 118 44 14 42 7
cob=(1)
cfi=(160)
cfn=(528)
calls=1 67 
0 967 268 129 0 10 0 0 2
0 5 2 2 1

fn=(1758) 0x00000000048efd10
0 6 3 0 2 2 0 1
cob=(7)
cfi=(171)
cfn=(1762) std::basic_ios<char, std::char_traits<char> >::clear(std::_Ios_Iostate)
calls=3 0 
0 21 9 3 3 0 0 1
cob=(1)
cfi=(160)
cfn=(528)
calls=1 67 
0 1046 279 129 0 6 0 0 2
0 5 2 2 1 0 0 1

fn=(1824) 0x00000000048f0240
0 80 40 0 2 2 0 1
cob=(7)
cfi=(171)
cfn=(1828) std::ostream& std::ostream::_M_insert<double>(double)
calls=40 0 
0 104122 23003 15724 557 113 46 184 27
cob=(1)
cfi=(160)
cfn=(528)
calls=1 67 
0 766 244 129 0 7 0 0 1
0 5 2 2 1 0 0 1

fn=(1862)
0 160 80 0 3 2 0 1
cob=(3)
cfi=(233)
cfn=(1864)
calls=80 51 
0 1520 160 0 6 0 0 2

fn=(1910) 0x00000000048ef9d0
0 12 6 0 3 2 0 1
cob=(7)
cfi=(171)
cfn=(1914) std::basic_filebuf<char, std::char_traits<char> >::close()
calls=6 0 
0 11158 3326 1718 202 97 0 58 28
cob=(1)
cfi=(160)
cfn=(528)
calls=1 67 
0 1006 274 129 5 5 0 0 1
0 5 2 2 1 0 0 1

fn=(2146) 0x00000000048ee210
0 4 2
cob=(7)
cfi=(171)
cfn=(2150) std::error_category::~error_category()
calls=2 0 
0 4 2
cob=(1)
cfi=(160)
cfn=(528)
calls=1 67 
0 805 245 129 4 10
0 5 2 2

fn=(550) 0x000000000483f000
0 6 1 1 1 1 0 1
cob=(5)
cfi=(164)
cfn=(554) 0x0000000000001170
calls=1 0 
0 12 1 0 3 0 0 3
0 1 0 1
cob=(5)
cfi=(164)
cfn=(562) 0x00000000000012f0
calls=1 0 
0 5 2 0 2 0 0 2
0 2 1

ob=(4)
fl=(209)
fn=(1428)
34 1 0 0 1 0 0 1
+1 3
+3 1
cfi=(210) ./math/../sysdeps/ieee754/dbl-64/e_sqrt.c
cfn=(1430) __sqrt_finite@GLIBC_2.15
calls=1 +14 
* 3 1 0 1 0 0 1

fl=(141) ./math/../sysdeps/x86_64/fpu/multiarch/e_log.c
fn=(450) __log_finite@GLIBC_2.15
27 1 0 0 1 0 0 1
fi=(132) ./math/../sysdeps/x86_64/fpu/multiarch/ifunc-avx-fma4.h
+5 5 2
+1 2 1
fe=(141)
-6 1 1 0 1 0 0 1

fl=(210)
fn=(1430)
52 1 0 0 1 0 0 1
+2 1
+92 1 1

fl=(134) ./math/../sysdeps/x86_64/fpu/multiarch/s_sin.c
fn=(426) cos
34 1 0 0 1 0 0 1
fi=(132)
-2 5 2 0 1 0 0 1
+1 2 1
fe=(134)
+1 1 1

fn=(476) sin
27 1 0 0 1 0 0 1
fi=(132)
+5 5 2
+1 2 1
fe=(134)
-6 1 1

fl=(170) ???
fn=(2174) 0x000000000000e3b0
0 5 1 0 2 0 0 1

fn=(594) 0x000000000000e460
0 12 1 0 3 0 0 3

fn=(2164) 0x000000000000e420
0 9 3 2 2 2
cob=(2)
cfi=(51)
cfn=(2170) 0x0000000004a881e0
calls=1 0 
0 121 28 12 1 0 0 1
0 1 0 1
cfn=(2174)
calls=1 0 
0 5 1 0 2 0 0 1
0 3 2 1

fl=(133) ./math/../sysdeps/x86_64/fpu/multiarch/e_expf.c
fn=(422) expf@@GLIBC_2.27
27 1 0 0 1 0 0 1
fi=(130) ./math/../sysdeps/x86_64/fpu/multiarch/ifunc-fma.h
+2 4 2 0 1 0 0 1
+1 3 1
fe=(133)
-3 1 1

fl=(144) ./math/../sysdeps/x86_64/fpu/multiarch/s_fma.c
fn=(462) fma
49 6 3 0 1 0 0 1

fl=(131) ./math/../sysdeps/x86_64/fpu/multiarch/e_exp.c
fn=(418) __exp_finite@GLIBC_2.15
27 1 0 0 1 0 0 1
fi=(132)
+5 5 2
+1 2 1
fe=(131)
-6 1 1 0 1 0 0 1

fl=(146) ./math/../sysdeps/x86_64/fpu/multiarch/e_atan2.c
fn=(472) __atan2_finite@GLIBC_2.15
26 1 0 0 1 0 0 1
fi=(132)
+6 5 2 0 1 0 0 1
+1 2 1
fe=(146)
-7 1 1

fl=(140) ./math/../sysdeps/x86_64/fpu/multiarch/e_log2f.c
fn=(446) log2f@@GLIBC_2.27
27 1 0 0 1 0 0 1
fi=(130)
+2 4 2
+1 3 1 0 1 0 0 1
fe=(140)
-3 1 1

fl=(143) ./math/../sysdeps/x86_64/fpu/multiarch/s_sinf.c
fn=(458) sinf
26 1 0 0 1 0 0 1
fi=(130)
+3 4 2
+1 3 1
fe=(143)
-4 1 1

fl=(129) ./math/../sysdeps/x86_64/fpu/multiarch/s_cosf.c
fn=(414) cosf
26 1 0 0 1 0 0 1
fi=(130)
+3 4 2 0 1 0 0 1
+1 3 1
fe=(129)
-4 1 1

fl=(138) ./math/../sysdeps/x86_64/fpu/multiarch/e_pow.c
fn=(442) __pow_finite@GLIBC_2.15
27 1 0 0 1 0 0 1
fi=(139) ./math/../sysdeps/x86_64/fpu/multiarch/ifunc-fma4.h
+4 4 2
+1 2 1
fe=(138)
-5 1 1

fl=(136) ./math/../sysdeps/x86_64/fpu/multiarch/s_sincosf.c
fn=(434) sincosf
26 1 0 0 1 0 0 1
fi=(130)
+3 4 2 0 1 0 0 1
+1 3 1
fe=(136)
-4 1 1

fl=(142) ./math/../sysdeps/x86_64/fpu/multiarch/e_asin.c
fn=(464) __asin_finite@GLIBC_2.15
27 1 0 0 1 0 0 1
fi=(139)
+4 4 2
+1 2 1
fe=(142)

ob=(2)
fl=(51)
fn=(1006)
0 216 108 0 5 1 0 1
cob=(3)
cfi=(194)
cfn=(1008)
calls=108 50 
0 1512 216 0 1 6 0 1 5

fn=(1010)
0 98 49 0 1 1 0 1
cob=(3)
cfi=(195)
cfn=(1012)
calls=49 71 
0 1048 225 0 4 0 0 4

fn=(1154) 0x00000000048ef160
0 2 1 0 1 1 0 1
cob=(7)
cfi=(171)
cfn=(1158) std::moneypunct<wchar_t, true>::_M_initialize_moneypunct(__locale_struct*, char const*)
calls=1 0 
0 109 30 31 6 0 0 6
cob=(1)
cfi=(160)
cfn=(528)
calls=1 67 
0 1151 291 129 0 7
0 5 2 2 1 0 0 1

fn=(1334)
0 2 1 0 1 1 0 1
cob=(1)
cfi=(49) ./elf/./elf/dl-audit.c
cfn=(1338) _dl_audit_preinit
calls=1 117 
0 5 2 0 1 1 0 1
cob=(1)
cfi=(160)
cfn=(528)
calls=1 67 
0 956 310 142 4 34 0 0 4
0 5 2 2 2 1 0 1

fn=(1462) 0x00000000048eea30
0 8 4 0 1
cob=(3)
cfi=(211)
cfn=(1466)
calls=4 25 
0 1103 255 159 56 14 2 37 1 1
cob=(1)
cfi=(160)
cfn=(528)
calls=1 67 
0 761 280 139 0 11 0 0 4
0 5 2 2

fn=(1538) 0x000000000010a3d0
0 788000 394000 0 2 19 0 1
cob=(3)
cfi=(221)
cfn=(1540)
calls=394000 26 
0 22801164 5910000 3152000 12 80 20 6 2 1

fn=(1598) 0x00000000048efd80
0 6 3 0 2 2 0 1
cob=(7)
cfi=(171)
cfn=(1602) std::basic_filebuf<char, std::char_traits<char> >::basic_filebuf()
calls=3 0 
0 4711 1385 785 57 58 4 25 3
cob=(1)
cfi=(160)
cfn=(528)
calls=1 67 
0 950 267 129 0 10 10 0 2
0 5 2 2 1 0 0 1

fn=(1604) 0x00000000048efe20
0 6 3 0 2 2 0 1
cob=(7)
cfi=(171)
cfn=(1608) std::__basic_file<char>::__basic_file(pthread_mutex_t*)
calls=3 0 
0 12 3 6 1 0 0 1
cob=(1)
cfi=(160)
cfn=(528)
calls=1 67 
0 935 264 129 0 9 1 0 2
0 5 2 2 1 0 0 1

fn=(1652) 0x000000000010a600
0 16 8
cob=(7)
cfi=(171)
cfn=(1654) std::__cxx11::basic_string<char, std::char_traits<char>, std::allocator<char> >::reserve(unsigned long)
calls=8 0 
0 1253 286 194 20 5 1 6

fn=(1688) 0x000000000010a440
0 8 4 0 1
cob=(7)
cfi=(171)
cfn=(1690) std::__cxx11::basic_string<char, std::char_traits<char>, std::allocator<char> >::basic_string(std::__cxx11::basic_string<char, std::char_traits<char>, std::allocator<char> >&&)
calls=4 0 
0 68 16 28 2 0 0 1

fn=(1956) 0x00000000048ec170
0 6 3 0 2 2 0 1
cob=(7)
cfi=(171)
cfn=(1556)
calls=3 0 
0 489 150 54 27

fn=(1964) 0x00000000048ef670
0 6 3 0 1
cob=(3)
cfi=(250)
cfn=(1968)
calls=3 34 
0 1353 378 249 79 8 0 28
cob=(1)
cfi=(160)
cfn=(528)
calls=1 67 
0 804 282 139 2 13 0 0 6
0 5 2 2 1

fn=(2054) 0x00000000048ef860
0 6 3 0 1 1 0 1
cob=(7)
cfi=(171)
cfn=(2058) std::basic_ostream<wchar_t, std::char_traits<wchar_t> >::flush()
calls=3 0 
0 1686 529 241 9 22 0 9 2
cob=(1)
cfi=(160)
cfn=(528)
calls=1 67 
0 966 269 129 1 7 0 0 2
0 5 2 2 1 0 0 1

fn=(2055) 0x00000000048ef860'2
0 2 1
cob=(7)
cfi=(171)
cfn=(2059) std::basic_ostream<wchar_t, std::char_traits<wchar_t> >::flush()'2
calls=1 0 
0 134 52 23

fn=(2060) 0x00000000048ee230
0 6 3 0 1 1 0 1
cob=(7)
cfi=(171)
cfn=(2064) std::basic_ostream<wchar_t, std::char_traits<wchar_t> >::sentry::sentry(std::basic_ostream<wchar_t, std::char_traits<wchar_t> >&)
calls=3 0 
0 212 79 39 3 1 0 3
cob=(1)
cfi=(160)
cfn=(528)
calls=1 67 
0 1022 276 129 0 8 0 0 2
0 5 2 2 1 0 0 1

fn=(2061) 0x00000000048ee230'2
0 2 1
cob=(7)
cfi=(171)
cfn=(2065) std::basic_ostream<wchar_t, std::char_traits<wchar_t> >::sentry::sentry(std::basic_ostream<wchar_t, std::char_traits<wchar_t> >&)'2
calls=1 0 
0 23 8 5

fn=(2180) 0x0000000004b038c8
0 4 1 0 1 0 0 1

fn=(852) 0x00000000048ed2c0
0 2 1 0 1 1 0 1
cob=(7)
cfi=(171)
cfn=(856) std::locale::_Impl::_Impl(unsigned long)
calls=1 0 
0 76747 20895 9656 332 388 96 324 77 95
cob=(1)
cfi=(160)
cfn=(528)
calls=1 67 
0 743 240 129 0 4 0 0 1
0 5 2 2 1 0 0 1

fn=(922) 0x00000000048ef5c0
0 2 1 0 1 1 0 1
cob=(7)
cfi=(171)
cfn=(926) std::__cxx11::numpunct<char>::_M_initialize_numpunct(__locale_struct*)
calls=1 0 
0 414 137 75 7 4 0 7 2
cob=(1)
cfi=(160)
cfn=(528)
calls=1 67 
0 1135 289 129 0 9 0 0 2
0 5 2 2 1 0 0 1

fn=(952) 0x00000000048ec560
0 2 1 0 1 1 0 1
cob=(7)
cfi=(171)
cfn=(956) std::__cxx11::messages<char>::messages(unsigned long)
calls=1 0 
0 44 12 9 2 0 1 2 0 1
cob=(1)
cfi=(160)
cfn=(528)
calls=1 67 
0 798 248 129 0 5 0 0 1
0 5 2 2 1 0 0 1

fn=(994) 0x00000000048edde0
0 24 12 0 1 1 0 1
cob=(7)
cfi=(171)
cfn=(998) std::ctype<wchar_t>::_M_convert_to_wmask(unsigned short) const
calls=12 0 
0 4313 949 318 19 18 0 16 7
cob=(1)
cfi=(160)
cfn=(528)
calls=1 67 
0 887 258 129 0 6 0 0 1
0 5 2 2 1 0 0 1

fn=(1000) 0x00000000048ed420
0 20 10
cob=(3)
cfi=(193)
cfn=(1004)
calls=10 26 
0 3270 636 177 9 10 0 9 4
cob=(1)
cfi=(160)
cfn=(528)
calls=1 67 
0 872 289 139 3 8 0 0 3
0 5 2 2

fn=(1044) 0x00000000048ee1f0
0 2 1 0 1 1 0 1
cob=(7)
cfi=(171)
cfn=(1048) std::__timepunct<wchar_t>::_M_initialize_timepunct(__locale_struct*)
calls=1 0 
0 168 12 30 14 0 0 14
cob=(1)
cfi=(160)
cfn=(528)
calls=1 67 
0 1111 286 129 0 9 0 0 3
0 5 2 2 1 0 0 1

fn=(1248) 0x00000000048f0210
0 20 10 0 4 3 0 1
cob=(7)
cfi=(171)
cfn=(1252) bool std::has_facet<std::ctype<char> >(std::locale const&)
calls=10 0 
0 30 10 0 2 0 0 1
cob=(1)
cfi=(160)
cfn=(528)
calls=1 67 
0 894 260 129 0 7 0 0 2
0 5 2 2 1 0 0 1

fn=(1370) 0x000000000010a530
0 4 2 0 1 1 0 1
cob=(7)
cfi=(171)
cfn=(1372) std::__cxx11::basic_string<char, std::char_traits<char>, std::allocator<char> >::_Alloc_hider::_Alloc_hider(char*, std::allocator<char> const&)
calls=2 0 
0 6 2 2 1 0 0 1

fn=(1404) 0x000000000010a560
0 4 2
cob=(7)
cfi=(171)
cfn=(1406) std::__cxx11::basic_string<char, std::char_traits<char>, std::allocator<char> >::_S_copy_chars(char*, char const*, char const*)
calls=2 0 
0 1101 358 169 9 23 3 6 8

fn=(1416) 0x000000000010a470
0 4 2 0 1 1 0 1
cob=(7)
cfi=(171)
cfn=(1418) std::__cxx11::basic_string<char, std::char_traits<char>, std::allocator<char> >::_M_set_length(unsigned long)
calls=2 0 
0 10 4 4

fn=(1432) 0x000000000010a520
0 8 4
cob=(7)
cfi=(171)
cfn=(1434) std::ostream::operator<<(std::ostream& (*)(std::ostream&))
calls=4 0 
0 8181 2501 1295 128 98 7 84 26 1

fn=(1494) 0x00000000048ee770
0 14 7 0 3 3 0 1
cob=(7)
cfi=(171)
cfn=(1498) std::ostream::flush()
calls=7 0 
0 4380 1536 749 90 131 1 23 11
cob=(1)
cfi=(160)
cfn=(528)
calls=1 67 
0 702 236 129 0 7 0 0 1
0 5 2 2 1 0 0 1

fn=(1495) 0x00000000048ee770'2
0 2 1
cob=(7)
cfi=(171)
cfn=(1499) std::ostream::flush()'2
calls=1 0 
0 134 52 23

fn=(1502) 0x00000000048f0340
0 28 14 0 3 2 0 1
cob=(3)
cfi=(219)
cfn=(1506)
calls=14 32 
0 924 308 182 21 8 0 7 2
cob=(1)
cfi=(160)
cfn=(528)
calls=1 67 
0 785 283 139 0 10 0 0 4
0 5 2 2 1 0 0 1

fn=(1516) 0x00000000048ee9f0
0 220 110 0 1 2 0 1
cob=(7)
cfi=(171)
cfn=(1520) std::basic_ostream<char, std::char_traits<char> >& std::__ostream_insert<char, std::char_traits<char> >(std::basic_ostream<char, std::char_traits<char> >&, char const*, long)
calls=110 0 
0 22299 7212 3784 69 23 5 36 5
cob=(1)
cfi=(160)
cfn=(528)
calls=1 67 
0 1198 298 129 0 10 0 0 4
0 5 2 2 1 0 0 1

fn=(1546) 0x000000000010a460
0 80 40 0 0 40
cob=(3)
cfi=(224)
cfn=(1548)
calls=40 25 
0 1400 360 80 10 78 0 5

fn=(1648) 0x000000000010a480
0 16 8 0 4
cob=(7)
cfi=(171)
cfn=(1650) std::__cxx11::basic_string<char, std::char_traits<char>, std::allocator<char> >::size() const
calls=8 0 
0 24 16 0 2 0 0 1

fn=(1680) 0x00000000048effd0
0 8 4 0 3 2 0 1
cob=(7)
cfi=(171)
cfn=(1684) std::__cxx11::basic_string<char, std::char_traits<char>, std::allocator<char> >::_M_mutate(unsigned long, unsigned long, char const*, unsigned long)
calls=4 0 
0 1457 364 254 19 4 12 7
cob=(1)
cfi=(160)
cfn=(528)
calls=1 67 
0 1150 292 129 0 8 0 0 2
0 5 2 2 1 0 0 1

fn=(1692) 0x000000000010a420
0 4 2
cob=(7)
cfi=(171)
cfn=(1694) std::basic_ofstream<char, std::char_traits<char> >::open(std::__cxx11::basic_string<char, std::char_traits<char>, std::allocator<char> > const&, std::_Ios_Openmode)
calls=2 0 
0 7969 2133 1223 112 98 16 58 16

fn=(1696) 0x00000000048eeac0
0 6 3 0 2 2 0 1
cob=(7)
cfi=(171)
cfn=(1700) std::basic_filebuf<char, std::char_traits<char> >::open(char const*, std::_Ios_Openmode)
calls=3 0 
0 6767 1767 1169 147 78 16 52 12
cob=(1)
cfi=(160)
cfn=(528)
calls=1 67 
0 1110 287 129 0 8 0 0 2
0 5 2 2 1 0 0 1

fn=(1702) 0x00000000048ef3d0
0 42 21 0 2 2 0 1
cob=(7)
cfi=(171)
cfn=(1706) std::__basic_file<char>::is_open() const
calls=21 0 
0 84 42
cob=(1)
cfi=(160)
cfn=(528)
calls=1 67 
0 884 265 134 0 8 0 0 1
0 5 2 2 1 0 0 1

fn=(1900) 0x00000000048ecab0
0 80 40 0 1 2 0 1
cob=(3)
cfi=(248)
cfn=(1904)
calls=40 60 
0 800 80 0 6 0 0 2
cob=(1)
cfi=(160)
cfn=(528)
calls=1 67 
0 836 289 141 6 12 0 0 4
0 5 2 2 1 0 0 1

fn=(1990) 0x000000000010a5e0
0 6 3
cob=(7)
cfi=(171)
cfn=(1992) std::basic_ofstream<char, std::char_traits<char> >::~basic_ofstream()
calls=3 0 
0 3825 1157 611 43 33 0 18 4

fn=(2006) 0x00000000048ee3b0
0 6 3 0 2 2 0 1
cob=(7)
cfi=(171)
cfn=(2010) std::ios_base::_M_call_callbacks(std::ios_base::event)
calls=3 0 
0 33 15 9 4 0 0 2
cob=(1)
cfi=(160)
cfn=(528)
calls=1 67 
0 965 265 129 2 8 0 0 1
0 5 2 2 1 0 0 1

fn=(2012) 0x00000000048ec770
0 6 3 0 2 2 0 1
cob=(7)
cfi=(171)
cfn=(2016) std::ios_base::_M_dispose_callbacks()
calls=3 0 
0 39 15 12 3 0 0 1
cob=(1)
cfi=(160)
cfn=(528)
calls=1 67 
0 893 256 129 0 4 0 0 1
0 5 2 2 1 0 0 1

fn=(2048) 0x00000000048ee020
0 4 2 0 1 1 0 1
cob=(1)
cfi=(255) ./elf/../sysdeps/x86_64/tls_get_addr.S
cfn=(2052) __tls_get_addr
calls=2 29 
0 24 14 0 1 3 0 1
cob=(1)
cfi=(160)
cfn=(528)
calls=1 67 
0 894 306 142 0 40 0 0 2
0 5 2 2 1 0 0 1

fn=(2128) 0x00000000048ec1e0
0 2 1 0 1
cob=(3)
cfi=(259)
cfn=(2082)
calls=1 30 
0 1149 348 181 12 10 0 7

fn=(160) 0x0000000004002080
0 2 1 0 1 0 0 1
cob=(1)
cfi=(52) ./elf/./elf/dl-error-skeleton.c
cfn=(162) _dl_catch_error
calls=1 225 
0 2782 596 296 115 35 34 115 35 34

fn=(648) 0x00000000048ed0d0
0 11568 5784 0 6 40 0 1
cob=(3)
cfi=(173)
cfn=(652)
calls=5784 3287 
0 1062846 192187 162460 188 476 5096 92 7 773
cob=(1)
cfi=(160)
cfn=(528)
calls=1 67 
0 855 298 144 0 3 0 0 1
0 5 2 2 1 0 0 1

fn=(904) 0x00000000048edfc0
0 64 32 0 1 1 0 1
cob=(7)
cfi=(171)
cfn=(908) std::locale::_Impl::_M_install_facet(std::locale::id const*, std::locale::facet const*)
calls=32 0 
0 13436 3956 483 10 11 0 10 5
cob=(1)
cfi=(160)
cfn=(528)
calls=1 67 
0 1055 279 129 0 7 0 0 2
0 5 2 2 1 0 0 1

fn=(1026) 0x00000000048eec20
0 2 1 0 1 1 0 1
cob=(7)
cfi=(171)
cfn=(1030) std::__cxx11::moneypunct<wchar_t, false>::_M_initialize_moneypunct(__locale_struct*, char const*)
calls=1 0 
0 109 30 31 6 0 0 6
cob=(1)
cfi=(160)
cfn=(528)
calls=1 67 
0 1239 302 129 0 8 0 0 1
0 5 2 2 1 0 0 1

fn=(1032) 0x00000000048ecf10
0 2 1 0 1 1 0 1
cob=(7)
cfi=(171)
cfn=(1036) std::__cxx11::moneypunct<wchar_t, true>::_M_initialize_moneypunct(__locale_struct*, char const*)
calls=1 0 
0 109 30 31 6 0 0 6
cob=(1)
cfi=(160)
cfn=(528)
calls=1 67 
0 1207 298 129 0 8
0 5 2 2 1 0 0 1

fn=(1038) 0x00000000048ef2b0
0 2 1 0 1 1 0 1
cob=(7)
cfi=(171)
cfn=(1042) std::__timepunct<wchar_t>::__timepunct(std::__timepunct_cache<wchar_t>*, unsigned long)
calls=1 0 
0 1314 307 170 18 10 0 18 3
cob=(1)
cfi=(160)
cfn=(528)
calls=1 67 
0 982 271 129 0 5
0 5 2 2 1 0 0 1

fn=(1278) 0x00000000048ed890
0 20 10 0 1 2
cob=(7)
cfi=(171)
cfn=(1282) std::num_get<char, std::istreambuf_iterator<char, std::char_traits<char> > > const& std::use_facet<std::num_get<char, std::istreambuf_iterator<char, std::char_traits<char> > > >(std::locale const&)
calls=10 0 
0 190 90 20 2 2 0 1
cob=(1)
cfi=(160)
cfn=(528)
calls=1 67 
0 1270 307 129 0 7 0 0 3
0 5 2 2 1

fn=(1408) 0x00000000048f00f0
0 498 249 0 2 2 0 1
cob=(3)
cfi=(207)
cfn=(1414)
calls=249 307 
0 3620 684 435 4 3 4 3
cob=(1)
cfi=(160)
cfn=(528)
calls=1 67 
0 1056 348 163 4 23 3 1 8
0 5 2 2 1 0 0 1

fn=(1420) 0x000000000010a540
0 36 18 0 2
cob=(7)
cfi=(171)
cfn=(1422) std::allocator<char>::~allocator()
calls=18 0 
0 36 18

fn=(1444) 0x00000000048ef500
0 2 1 0 1 1 0 1
cob=(3)
cfi=(195)
cfn=(1012)
calls=1 71 
0 47 17 0 2 0 0 2
cob=(1)
cfi=(160)
cfn=(528)
calls=1 67 
0 819 288 141 3 12 2 0 6
0 5 2 2 1 0 0 1

fn=(1512) 0x000000000010a4e0
0 16 8 0 4
cob=(7)
cfi=(171)
cfn=(1514) std::basic_ostream<char, std::char_traits<char> >& std::operator<< <char, std::char_traits<char>, std::allocator<char> >(std::basic_ostream<char, std::char_traits<char> >&, std::__cxx11::basic_string<char, std::char_traits<char>, std::allocator<char> > const&)
calls=8 0 
0 3752 1142 544 38 20 0 22 9

fn=(1564) 0x00000000048edb30
0 11566 5783 0 1 20 0 1
cob=(3)
cfi=(173)
cfn=(1568)
calls=5783 3352 
0 1004532 297752 126479 60 5128 51 27
cob=(1)
cfi=(160)
cfn=(528)
calls=1 67 
0 847 297 144 0 37 0 0 1
0 5 2 2 1 0 0 1

fn=(1582) 0x00000000048ed280
0 6 3 0 2 2
cob=(7)
cfi=(171)
cfn=(1586) void std::__cxx11::basic_string<char, std::char_traits<char>, std::allocator<char> >::_M_construct<char*>(char*, char*, std::forward_iterator_tag)
calls=3 0 
0 1776 414 225 24 28 4 9
cob=(1)
cfi=(160)
cfn=(528)
calls=1 67 
0 1390 322 129 0 39 20 0 3
0 5 2 2 1 1

fn=(1588) 0x00000000048ee6e0
0 30 15 0 2 2 0 1
cob=(7)
cfi=(171)
cfn=(1390)
calls=15 0 
0 2092 402 299 23 21 13 8
cob=(1)
cfi=(160)
cfn=(528)
calls=1 67 
0 1110 287 129 0 8 3
0 5 2 2 1 0 0 1

fn=(1780) 0x00000000048ee8d0
0 364 182 0 1 2
cob=(7)
cfi=(171)
cfn=(1784) std::basic_streambuf<char, std::char_traits<char> >::xsputn(char const*, long)
calls=182 0 
0 10225 2360 1796 21 0 4 12
cob=(1)
cfi=(160)
cfn=(528)
calls=1 67 
0 1014 275 129 0 7 1
0 5 2 2 1

fn=(1788) 0x000000000010a640
0 68 34 0 2
cob=(7)
cfi=(171)
cfn=(1790) std::ostream::operator<<(int)
calls=34 0 
0 14772 3893 2153 46 33 0 21

fn=(2036) 0x00000000048ed820
0 4 2 0 1 1 0 1
cob=(7)
cfi=(171)
cfn=(2040) std::uncaught_exception()
calls=2 0 
0 1685 571 279 7 56 0 7 4
cob=(1)
cfi=(160)
cfn=(528)
calls=1 67 
0 767 243 129 42 38 1 0 1
0 5 2 2 2 1 0 1

fn=(2042) 0x00000000048eed30
0 4 2 0 1 1 0 1
cob=(7)
cfi=(171)
cfn=(2046) __cxa_get_globals
calls=2 0 
0 941 326 146 4 44 0 4 2
cob=(1)
cfi=(160)
cfn=(528)
calls=1 67 
0 719 237 129 0 10 0 0 2
0 5 2 2 1 0 0 1

fn=(2198) 0x0000000004b7a808
0 4 1 0 1 0 0 1

fn=(636) 0x00000000048ed400
0 2 1 0 1 1 0 1
cob=(7)
cfi=(171)
cfn=(640) std::future_category()
calls=1 0 
0 3 1 0 1 0 0 1
cob=(1)
cfi=(160)
cfn=(528)
calls=1 67 
0 781 242 129 0 9 0 0 1
0 5 2 2 1 0 0 1

fn=(836) 0x00000000048ed780
0 68 34 0 3 4 0 1
cob=(7)
cfi=(171)
cfn=(840) std::locale::locale()
calls=34 0 
0 79152 21728 10128 347 409 101 333 81 96
cob=(1)
cfi=(160)
cfn=(528)
calls=1 67 
0 703 235 129 0 7 1 0 2
0 5 2 2 1 0 0 1

fn=(864) 0x00000000048ec6b0
0 2 1 0 1 1 0 1
cob=(7)
cfi=(171)
cfn=(868) std::ctype<char>::ctype(unsigned short const*, bool, unsigned long)
calls=1 0 
0 4099 1202 668 31 49 10 31 16 9
cob=(1)
cfi=(160)
cfn=(528)
calls=1 67 
0 743 240 129 0 7 0 0 1
0 5 2 2 1 0 0 1

fn=(1260) 0x00000000048ef1b0
0 20 10 0 4 2 0 1
cob=(7)
cfi=(171)
cfn=(1264) bool std::has_facet<std::num_put<char, std::ostreambuf_iterator<char, std::char_traits<char> > > >(std::locale const&)
calls=10 0 
0 30 10 0 2 0 0 1
cob=(1)
cfi=(160)
cfn=(528)
calls=1 67 
0 1246 304 129 0 5 0 0 3
0 5 2 2 1 0 0 1

fn=(1302) 0x00000000048ec4c0
0 8 4 0 1 1 0 1
cob=(7)
cfi=(171)
cfn=(1306) std::ctype<wchar_t> const& std::use_facet<std::ctype<wchar_t> >(std::locale const&)
calls=4 0 
0 76 36 8 2 0 0 2
cob=(1)
cfi=(160)
cfn=(528)
calls=1 67 
0 902 261 129 0 7 0 0 3
0 5 2 2 1 0 0 1

fn=(1438) 0x00000000048edeb0
0 2 1 0 1 1 0 1
cob=(7)
cfi=(171)
cfn=(1442) std::ctype<char>::_M_widen_init() const
calls=1 0 
0 1605 344 181 18 19 5 14 9
cob=(1)
cfi=(160)
cfn=(528)
calls=1 67 
0 839 252 129 0 8 0 0 1
0 5 2 2 1 0 0 1

fn=(1448) 0x00000000048ecfa0
0 8 4 0 1 1 0 1
cob=(7)
cfi=(171)
cfn=(1452) std::ostream::put(char)
calls=4 0 
0 2920 900 475 71 34 2 47 7 1
cob=(1)
cfi=(160)
cfn=(528)
calls=1 67 
0 662 231 129 0 7 0 0 3
0 5 2 2 1 0 0 1

fn=(1610) 0x00000000048edc00
0 6 3 0 2 2 0 1
cob=(7)
cfi=(171)
cfn=(1614) bool std::has_facet<std::codecvt<char, char, __mbstate_t> >(std::locale const&)
calls=3 0 
0 1064 364 200 29 26 1 11
cob=(1)
cfi=(160)
cfn=(528)
calls=1 67 
0 1022 276 129 0 5 0 0 1
0 5 2 2 1 0 0 1

fn=(1720) 0x00000000048efb60
0 6 3 0 2 2 0 1
cob=(3)
cfi=(229)
cfn=(1724)
calls=3 85 
0 1994 451 453 110 28 14 37 3
cob=(1)
cfi=(160)
cfn=(528)
calls=1 67 
0 785 283 139 0 12 0 0 3
0 5 2 2 1 0 0 1

fn=(1746)
0 6 3 0 3 2 0 1
cob=(3)
cfi=(233)
cfn=(1748)
calls=3 51 
0 63 9 0 6 0 0 2

fn=(1756) 0x00000000048ec1d0
0 6 3 0 3 2 0 1
cob=(7)
cfi=(171)
cfn=(1352)
calls=3 0 
0 609 108 93 3 2 2

fn=(1764) 0x000000000010a450
0 34 17 0 3
cob=(7)
cfi=(171)
cfn=(1766) std::__cxx11::basic_string<char, std::char_traits<char>, std::allocator<char> >::~basic_string()
calls=17 0 
0 1350 411 195 13 1 1 2

fn=(1772) 0x000000000010a510
0 204 102 0 3 2
cob=(7)
cfi=(171)
cfn=(1774) std::basic_ostream<char, std::char_traits<char> >& std::operator<< <std::char_traits<char> >(std::basic_ostream<char, std::char_traits<char> >&, char const*)
calls=102 0 
0 23588 7110 3779 44 21 5 20 3

fn=(1838) 0x00000000048ee0b0
0 80 40 0 3 2 0 1
cob=(7)
cfi=(171)
cfn=(1842) std::__num_base::_S_format_float(std::ios_base const&, char*, char)
calls=40 0 
0 1240 120 160 7 2 0 3 1
cob=(1)
cfi=(160)
cfn=(528)
calls=1 67 
0 983 270 129 0 5 2 0 1
0 5 2 2 1 0 0 1

fn=(1850) 0x00000000048eeb50
0 80 40 0 2 2 0 1
cob=(3)
cfi=(234)
cfn=(1854)
calls=40 123 
0 77020 15462 11018 434 46 37 148 15
cob=(1)
cfi=(160)
cfn=(528)
calls=1 67 
0 873 290 139 6 15 5 0 5
0 5 2 2 1 0 0 1

fn=(1906) 0x000000000010a5c0
0 6 3 0 2
cob=(7)
cfi=(171)
cfn=(1908) std::basic_ofstream<char, std::char_traits<char> >::close()
calls=3 0 
0 12109 3581 1840 211 104 0 60 29

fn=(1922) 0x00000000048eff20
0 6 3 0 2 2 0 1
cob=(7)
cfi=(171)
cfn=(1926) std::basic_filebuf<char, std::char_traits<char> >::_M_convert_to_external(char*, long)
calls=3 0 
0 3592 1174 594 41 41 0 10 13
cob=(1)
cfi=(160)
cfn=(528)
calls=1 67 
0 1126 289 129 0 7 0 0 3
0 5 2 2 1 0 0 1

fn=(1934) 0x00000000048ecf80
0 6 3 0 2 2
cob=(7)
cfi=(171)
cfn=(1938) std::__basic_file<char>::fd()
calls=3 0 
0 852 300 141 8 13 0 1 4
cob=(1)
cfi=(160)
cfn=(528)
calls=1 67 
0 799 247 129 0 6 0 0 1
0 5 2 2 1

fn=(1940) 0x00000000048ec4e0
0 6 3 0 3 2
cob=(3)
cfi=(249)
cfn=(1944)
calls=3 32 
0 21 9 0 3 0 0 1
cob=(1)
cfi=(160)
cfn=(528)
calls=1 67 
0 811 283 139 1 11 0 0 4
0 5 2 2 1

fn=(2080) 0x000000000010a370
0 2 1 0 1 0 0 1
cob=(3)
cfi=(259)
cfn=(2082)
calls=1 30 
0 119 27 12 8 5 1 8 1 1

fn=(2096) 0x000000000010c7b4
0 4 1 0 1 0 0 1

fn=(2170)
0 2 1 0 1 0 0 1
cob=(3)
cfi=(259)
cfn=(2082)
calls=1 30 
0 119 27 12

fn=(164) 0x0000000004002050
0 26 13 0 1 0 0 1
cob=(1)
cfi=(52)
cfn=(166) _dl_catch_exception
calls=13 175 
0 30173 6213 2968 219 211 214 219 211 214

fn=(522)
0 38 19 0 1 1 0 1
cob=(1)
cfi=(10) ./elf/./elf/dl-tunables.c
cfn=(24) __tunable_get_val
calls=19 405 
0 391 76 19 0 27 0 0 8
cob=(1)
cfi=(160)
cfn=(528)
calls=1 67 
0 945 311 142 11 9 13 11 0 2
0 5 2 2 2 1 0 2

fn=(572)
0 2 1 0 1 0 0 1
cob=(3)
cfi=(167)
cfn=(574)
calls=1 46 
0 28 2 0 4 1 0 4

fn=(816)
0 7 2 0 1 0 0 1

fn=(876) 0x00000000048ed630
0 108 54 0 4 3 0 1
cob=(3)
cfi=(183)
cfn=(880)
calls=54 136 
0 2417 712 304 26 26 1 22 7
cob=(1)
cfi=(160)
cfn=(528)
calls=1 67 
0 966 321 151 0 15 0 0 8
0 5 2 2 1 0 0 1

fn=(946) 0x00000000048eed70
0 2 1 0 1 1 0 1
cob=(7)
cfi=(171)
cfn=(950) std::__timepunct<char>::_M_initialize_timepunct(__locale_struct*)
calls=1 0 
0 168 12 30 14 0 0 14
cob=(1)
cfi=(160)
cfn=(528)
calls=1 67 
0 1087 283 129 0 8 0 0 2
0 5 2 2 1 0 0 1

fn=(1020) 0x00000000048ecb40
0 2 1 0 1 1 0 1
cob=(7)
cfi=(171)
cfn=(1024) std::__cxx11::numpunct<wchar_t>::_M_initialize_numpunct(__locale_struct*)
calls=1 0 
0 350 74 74 5 1 3 5 1 3
cob=(1)
cfi=(160)
cfn=(528)
calls=1 67 
0 1111 286 129 0 8
0 5 2 2 1 0 0 1

fn=(1088) 0x00000000048efee0
0 2 1 0 1 1 0 1
cob=(7)
cfi=(171)
cfn=(1092) std::moneypunct<char, true>::_M_initialize_moneypunct(__locale_struct*, char const*)
calls=1 0 
0 113 38 31 5 0 0 5
cob=(1)
cfi=(160)
cfn=(528)
calls=1 67 
0 1159 292 129 0 6 0 0 2
0 5 2 2 1 0 0 1

fn=(1290) 0x00000000048f0100
0 8 4 0 1 1 0 1
cob=(7)
cfi=(171)
cfn=(1294) std::basic_ios<wchar_t, std::char_traits<wchar_t> >::_M_cache_locale(std::locale const&)
calls=4 0 
0 7334 1916 854 20 44 0 20 13
cob=(1)
cfi=(160)
cfn=(528)
calls=1 67 
0 1102 286 129 0 7 0 0 2
0 5 2 2 1 0 0 1

fn=(1308) 0x00000000048ecdd0
0 8 4 0 1 1 0 1
cob=(7)
cfi=(171)
cfn=(1312) bool std::has_facet<std::num_put<wchar_t, std::ostreambuf_iterator<wchar_t, std::char_traits<wchar_t> > > >(std::locale const&)
calls=4 0 
0 12 4 0 1 0 0 1
cob=(1)
cfi=(160)
cfn=(528)
calls=1 67 
0 1246 304 129 0 6 0 0 2
0 5 2 2 1 0 0 1

ob=(4)
fl=(142)
fn=(464)
27 1 1

fn=(454) __acos_finite@GLIBC_2.15
35 1 0 0 1 0 0 1
fi=(139)
-4 4 2
+1 2 1 0 1 0 0 1
+3 1 1
fe=(142)

fl=(135) ./math/../sysdeps/x86_64/fpu/multiarch/e_logf.c
fn=(430) logf@@GLIBC_2.27
27 1 0 0 1 0 0 1
fi=(130)
+2 4 2
+1 3 1
fe=(135)
-3 1 1

fl=(145) ./math/../sysdeps/x86_64/fpu/multiarch/e_exp2f.c
fn=(468) exp2f@@GLIBC_2.27
27 1 0 0 1 0 0 1
fi=(130)
+2 4 2
+1 3 1 0 1 0 0 1
fe=(145)
-3 1 1

ob=(2)
fl=(51)
fn=(1320) 0x00000000048ee820
0 8 4 0 1 1 0 1
cob=(7)
cfi=(171)
cfn=(1324) bool std::has_facet<std::num_get<wchar_t, std::istreambuf_iterator<wchar_t, std::char_traits<wchar_t> > > >(std::locale const&)
calls=4 0 
0 12 4
cob=(1)
cfi=(160)
cfn=(528)
calls=1 67 
0 1262 306 129 0 7 0 0 2
0 5 2 2 1 0 0 1

fn=(1376) 0x000000000010a410
0 20 10 0 3 1 0 1
cob=(3)
cfi=(194)
cfn=(1008)
calls=10 50 
0 140 20 0 3 4 0 0 3

fn=(1524) 0x00000000048efbf0
0 4 2 0 0 1
cob=(3)
cfi=(220)
cfn=(1528)
calls=2 31 
0 463 103 46 22 1 0 12
cob=(1)
cfi=(160)
cfn=(528)
calls=1 67 
0 785 283 139 0 8 0 0 5
0 5 2 2

ob=(4)
fl=(137) ./math/../sysdeps/x86_64/fpu/multiarch/e_powf.c
fn=(438) powf@@GLIBC_2.27
30 1 0 0 1 0 0 1
fi=(130)
-1 4 2
+1 4 2
fe=(137)

ob=(2)
fl=(51)
fn=(1656) 0x000000000010a3b0
0 16 8
cob=(7)
cfi=(171)
cfn=(1658) std::__cxx11::basic_string<char, std::char_traits<char>, std::allocator<char> >::append(char const*, unsigned long)
calls=8 0 
0 1551 392 183 13 11 0 6 1

fn=(1666) 0x000000000010a6a0
0 16 8 0 2
cob=(7)
cfi=(171)
cfn=(1668) std::__cxx11::basic_string<char, std::char_traits<char>, std::allocator<char> >::append(std::__cxx11::basic_string<char, std::char_traits<char>, std::allocator<char> > const&)
calls=8 0 
0 424 120 56 3 0 0 1

fn=(1672) 0x000000000010a690
0 8 4
cob=(7)
cfi=(171)
cfn=(1674) std::__cxx11::basic_string<char, std::char_traits<char>, std::allocator<char> >::append(char const*)
calls=4 0 
0 3707 1007 560 29 52 12 12 3

fn=(1946) 0x00000000048efed0
0 6 3 0 3
cob=(3)
cfi=(218)
cfn=(1492)
calls=3 25 
0 27 6 0 2
cob=(1)
cfi=(160)
cfn=(528)
calls=1 67 
0 822 295 144 0 9 0 0 5
0 5 2 2 1

fn=(2108) 0x000000000483f040
0 2 1 0 1 0 0 1
cob=(3)
cfi=(259)
cfn=(2082)
calls=1 30 
0 119 27 12

ob=(8)
fl=(179)
fn=(2074) 0x0000000000002760
0 9 3 2 2 3
cob=(2)
cfi=(51)
cfn=(2080)
calls=1 0 
0 121 28 12 9 5 1 9 1 1
0 1 0 1
cfn=(2090) 0x00000000000026f0
calls=1 0 
0 5 1 0 2
0 3 2 1

fn=(2090)
0 5 1 0 2

fn=(812) (below main)
0 12 2 3 1 1 0 1
cob=(3)
cfi=(180)
cfn=(814)
calls=1 242 
0 1198238863 484012607 105029589 2583 2662543 78333 1300 282 8347

fn=(820)
0 12 1 0 3 0 0 3

fl=(208) /usr/include/c++/11/cmath
fn=(1424) __gnu_cxx::__enable_if<std::__is_integer<int>::__value, double>::__type std::sqrt<int>(int)
475 5 0 2
+1 5 1 1
cob=(2)
cfi=(51)
cfn=(1426)
calls=1 0 
* 10 2 0 2 0 0 2
* 4 2 0 1 0 0 1

fl=(227) /usr/include/c++/11/bits/alloc_traits.h
fn=(1638) std::allocator_traits<std::allocator<char> >::select_on_container_copy_construction(std::allocator<char> const&)
562 48 0 24 1
+1 40 16 8
cob=(2)
cfi=(51)
cfn=(1640)
calls=8 0 
* 32 16 0 3
* 24 24

fl=(252) /usr/include/c++/11/bits/stl_algobase.h
fn=(2020) int const& std::min<int>(int const&, int const&)
230 55619550 0 33371730 1
+5 66743460 44495640
+2 11123910 11123910
+1 22247820 22247820

fl=(200) /usr/include/c++/11/bits/basic_string.h
fn=(1364) std::__cxx11::basic_string<char, std::char_traits<char>, std::allocator<char> >::basic_string<std::allocator<char> >(char const*, std::allocator<char> const&)
533 22 2 12 1 0 0 1
+1 8 4 2 1 0 0 1
cob=(2)
cfi=(51)
cfn=(1366)
calls=2 0 
* 10 4 0 2 0 0 2
* 12 2 2
cob=(2)
cfi=(51)
cfn=(1370)
calls=2 0 
* 10 4 2 2 1 0 2
+2 10 4 2
cfi=(201) /usr/include/c++/11/bits/char_traits.h
cfn=(1374) std::char_traits<char>::length(char const*)
calls=2 393 
* 64 14 8 3 2 0 2 1
* 8 2 2
+3 12 6 2 1 0 0 1
cfi=(202) /usr/include/c++/11/bits/basic_string.tcc
cfn=(1378) void std::__cxx11::basic_string<char, std::char_traits<char>, std::allocator<char> >::_M_construct<char const*>(char const*, char const*, std::forward_iterator_tag)
calls=2 206 
* 1791 526 291 24 24 4 21 8 1
+1 14 10 0 1 0 0 1

fn=(1670) std::__cxx11::basic_string<char, std::char_traits<char>, std::allocator<char> > std::operator+<char, std::char_traits<char>, std::allocator<char> >(std::__cxx11::basic_string<char, std::char_traits<char>, std::allocator<char> >&&, char const*)
6206 28 0 16
+2 20 8 4 2
cob=(2)
cfi=(51)
cfn=(1672)
calls=4 0 
* 3715 1011 560 29 52 12 12 3
* 8 0 4
cfi=(228) /usr/include/c++/11/bits/move.h
cfn=(1686) std::remove_reference<std::__cxx11::basic_string<char, std::char_traits<char>, std::allocator<char> >&>::type&& std::move<std::__cxx11::basic_string<char, std::char_traits<char>, std::allocator<char> >&>(std::__cxx11::basic_string<char, std::char_traits<char>, std::allocator<char> >&)
calls=4 104 
* 28 12 8
* 20 4 4
cob=(2)
cfi=(51)
cfn=(1688)
calls=4 0 
* 76 20 28 3 0 0 1
* 12 12

fl=(228)
fn=(1686)
104 16 0 8
+1 12 12

fl=(226) /usr/include/c++/11/ext/alloc_traits.h
fn=(1636) __gnu_cxx::__alloc_traits<std::allocator<char>, char>::_S_select_on_copy(std::allocator<char> const&)
97 72 8 32 5 0 0 1
+1 40 16 8
cfi=(227)
cfn=(1638)
calls=8 562 
* 144 56 32 4
* 48 40 0 2

fl=(205) /usr/include/c++/11/bits/stl_iterator_base_types.h
fn=(1384) std::iterator_traits<char const*>::iterator_category std::__iterator_category<char const*>(char const* const&)
238 8 0 4
+1 4 4

fl=(204) /usr/include/c++/11/bits/stl_iterator_base_funcs.h
fn=(1382) std::iterator_traits<char const*>::difference_type std::distance<char const*>(char const*, char const*)
138 12 0 6 1 0 0 1
+4 6 0 2
cfi=(205)
cfn=(1384)
calls=2 +96 
* 12 4 4
-1 10 4 2
cfn=(1386) std::iterator_traits<char const*>::difference_type std::__distance<char const*>(char const*, char const*, std::random_access_iterator_tag)
calls=2 -43 
* 18 8 6 1 0 0 1
+2 4 4

fn=(1386)
98 10 0 6
+6 4 4 0 1 0 0 1
+1 4 4

fl=(201)
fn=(1374)
393 70 10 30 2
290 10
396 20
+3 30 10 10 4 0 0 1
cob=(2)
cfi=(51)
cfn=(1376)
calls=10 0 
* 160 30 0 6 5 0 1 3
* 10
+1 20 20

fl=(203) /usr/include/c++/11/ext/type_traits.h
fn=(1380) bool __gnu_cxx::__is_null_pointer<char const>(char const*)
152 8 0 4 1 0 0 1
+1 8 6

fl=(181)
fn=(1552) primerMetodo(int, int, int, int, double**, double**, double**)
185 90 0 70 1 0 0 1
+3 20 0 10
+1 1900 0 950
+1 1182000 394000 98500 0 51 12024 0 0 6907
-1 396850 198900 98500
-1 3830 1920 950 1 0 0 1
+12 20 0 10 1 0 0 1
+1 1900 0 950
+2 197000 0 98500
+2 502550000 207575000 10925000 2 1327119 0 2
-2 43995500 22047000 10925000
-2 396850 198900 98500
-1 3830 1920 950 1 0 0 1
+13 40 20

fn=(2018) segundoMetodo(int, int, int, int, double**, double**, double**)
158 150 20 90 2 0 0 2
+2 20 0 10
+1 1900 0 950
+1 1182000 394000 98500 0 51 12020 0 0 14
-1 396850 198900 98500
-1 3830 1920 950 1 0 0 1
+7 20 0 10
+1 20 0 10
+1 20 0 10 1 0 0 1
+2 30 10 10
+1 2850 950 950
+1 197000 0 98500 0 0 7
+1 295500 98500 98500
+1 284050000 120175000 10925000 1 1314224 0 1
-1 109250000 21850000 32775000
cfi=(252)
cfn=(2020)
calls=10925000 +56 
* 152950000 76475000 32775000
* 886500 197000 197000 1 0 0 1
cfi=(252)
cfn=(2020)
calls=98500 +56 
* 1379000 689500 295500
* 55117500 22047000 0 1 0 0 1
+3 2265500 985000 98500 0 12533
-5 985000 197000 295500
cfi=(252)
cfn=(2020)
calls=98500 +58 
* 1379000 689500 295500
* 8550 1900 1900 1 0 0 1
cfi=(252)
cfn=(2020)
calls=950 +58 
* 13300 6650 2850
* 497250 198900
-1 9500 1900 2850
cfi=(252)
cfn=(2020)
calls=950 +59 
* 13300 6650 2850
* 90 20 20 1 0 0 1
cfi=(252)
cfn=(2020)
calls=10 +59 
* 140 70 30 1
* 4800 1920
-2 80 50 10
-1 80 50 10
-1 80 50 10 1 0 0 1
+17 60 40 0 1 10

fn=(2022) escribirComparacion(std::__cxx11::basic_string<char, std::char_traits<char>, std::allocator<char> >*, std::__cxx11::basic_string<char, std::char_traits<char>, std::allocator<char> >, double**, int, int, int, int)
223 14 1 9 2 0 0 2
+1 3 0 1
cob=(2)
cfi=(51)
cfn=(1594)
calls=1 0 
* 916 283 222 31
+2 6 0 1
cob=(2)
cfi=(51)
cfn=(2024)
calls=1 0 
* 1043 231 217 47 0 0 1
+1 4 0 1 1 0 0 1
cob=(2)
cfi=(51)
cfn=(1768)
calls=1 0 
* 6 3
* 2
+7 5 0 1 1 0 0 1
cob=(2)
cfi=(51)
cfn=(1772)
calls=1 0 
* 283 88 49 1
* 5 0 1
cob=(2)
cfi=(51)
cfn=(1772)
calls=1 0 
* 217 68 36
* 5 0 1
cob=(2)
cfi=(51)
cfn=(1772)
calls=1 0 
* 219 68 36
+1 2 0 1 1 0 0 1
+1 45 9 9
cob=(2)
cfi=(51)
cfn=(1788)
calls=9 0 
* 3362 890 501 4
* 45 0 9
cob=(2)
cfi=(51)
cfn=(1772)
calls=9 0 
* 1998 603 315
+1 18 9 9
-2 49 20 9 1 0 0 1
+4 5 1 1
cob=(2)
cfi=(51)
cfn=(1788)
calls=1 0 
* 380 99 56
+2 5 0 1
cob=(2)
cfi=(51)
cfn=(1772)
calls=1 0 
* 224 68 36
+2 2 0 1 1 0 0 1
+1 22 4 2 1 0 0 1
cfi=(202)
cfn=(1630) std::__cxx11::basic_string<char, std::char_traits<char>, std::allocator<char> > std::operator+<char, std::char_traits<char>, std::allocator<char> >(char const*, std::__cxx11::basic_string<char, std::char_traits<char>, std::allocator<char> > const&)
calls=2 1169 
* 937 247 156 34 4
* 12 0 2
cfi=(200)
cfn=(1670)
calls=2 6206 
* 979 247 184 12 1 10 2
* 10 0 2
cob=(2)
cfi=(51)
cfn=(1512)
calls=2 0 
* 374 128 64 4
* 6 0 2 1 0 0 1
cob=(2)
cfi=(51)
cfn=(1764)
calls=2 0 
* 208 64 30 2
* 6 0 2
cob=(2)
cfi=(51)
cfn=(1764)
calls=2 0 
* 16 6
+1 4 0 2
+1 270 90 18 1 1 0 1
cob=(2)
cfi=(51)
cfn=(1820)
calls=18 0 
* 45412 9907 6864 156 0 1
* 90 0 18
cob=(2)
cfi=(51)
cfn=(1772)
calls=18 0 
* 3996 1206 630 2
-1 98 40 18 1 0 0 1
+4 32 10 2
cob=(2)
cfi=(51)
cfn=(1820)
calls=2 0 
* 4710 1044 725 3
+1 10 0 2
cob=(2)
cfi=(51)
cfn=(1772)
calls=2 0 
* 448 136 72
-7 11 6 2 1 0 0 1
+10 2 0 1
+1 22 4 2 1 0 0 1
cfi=(202)
cfn=(1630)
calls=2 1169 
* 766 220 126 9
* 10 0 2
cob=(2)
cfi=(51)
cfn=(1512)
calls=2 0 
* 372 128 64 2
* 6 0 2
cob=(2)
cfi=(51)
cfn=(1764)
calls=2 0 
* 208 64 30 5
+1 10 0 2 1 0 0 1
cob=(2)
cfi=(51)
cfn=(1772)
calls=2 0 
* 434 136 72
+1 22 4 2 1 0 0 1
cfi=(202)
cfn=(1630)
calls=2 1169 
* 778 220 128 0 1 0 0 1
* 10 0 2
cob=(2)
cfi=(51)
cfn=(1512)
calls=2 0 
* 372 128 64
* 6 0 2
cob=(2)
cfi=(51)
cfn=(1764)
calls=2 0 
* 208 64 30
+1 10 0 2
cob=(2)
cfi=(51)
cfn=(1772)
calls=2 0 
* 448 136 72
-4 11 6 2 1 0 0 1
+7 5 0 1
cob=(2)
cfi=(51)
cfn=(1772)
calls=1 0 
* 217 68 36
* 5 0 1 1 0 0 1
cob=(2)
cfi=(51)
cfn=(1772)
calls=1 0 
* 217 68 36
* 1
+2 4 1 1
cob=(2)
cfi=(51)
cfn=(1788)
calls=1 0 
* 366 98 55 6
* 5 0 1
cob=(2)
cfi=(51)
cfn=(1772)
calls=1 0 
* 219 68 36
+2 3 1 1
cob=(2)
cfi=(51)
cfn=(1788)
calls=1 0 
* 366 98 55
* 5 0 1 1 0 0 1
cob=(2)
cfi=(51)
cfn=(1772)
calls=1 0 
* 224 68 36
+3 5 0 1
cob=(2)
cfi=(51)
cfn=(1772)
calls=1 0 
* 219 68 36
+1 3 0 1
cob=(2)
cfi=(51)
cfn=(1906)
calls=1 0 
* 925 271 165 51
+3 3 0 1 1 0 0 1
cob=(2)
cfi=(51)
cfn=(1990)
calls=1 0 
* 153 50 29 10
* 6 5 0 1

fn=(826)
309 6 0 2 1 0 0 1
cfn=(828) __static_initialization_and_destruction_0(int, int)
calls=1 * 
* 103251 28113 13476 448 568 147 431 122 119
* 2 2

fn=(1348)
19 10 1 5 2 0 0 1
+2 1 0 1
+1 1 0 1
+1 8 1 1 1 0 0 1
cob=(2)
cfi=(51)
cfn=(1350)
calls=1 -23 
* 856 277 166 22 16 1 7 1 1
* 1 0 1
+1 2 0 1
+1 28 6 2
cob=(2)
cfi=(51)
cfn=(1350)
calls=2 -25 
* 414 80 60 0 1 2 0 0 2
* 2 0 2
-1 11 6 2 1 0 0 1
+3 1 0 1 1 0 0 1
+1 1 0 1
+1 1 0 1
+1 1 0 1
+1 1 0 1
+2 2 1 1
+2 4 0 2 1 0 0 1
+1 6 0 1
cob=(2)
cfi=(51)
cfn=(1360)
calls=1 -36 
* 4 2 0 2 1 0 2
* 6 0 1 1 0 0 1
cfi=(200)
cfn=(1364)
calls=1 533 
* 1511 464 244 35 27 3 31 9
* 3 0 1
cob=(2)
cfi=(51)
cfn=(1420)
calls=1 -36 
* 4 2
* 5 0 1
cob=(2)
cfi=(51)
cfn=(1360)
calls=1 -36 
* 4 2
* 6 0 1 1 0 0 1
cfi=(200)
cfn=(1364)
calls=1 533 
* 450 114 79 0 0 1 0 0 1
* 3 0 1
cob=(2)
cfi=(51)
cfn=(1420)
calls=1 -36 
* 4 2
+3 2 1 1
+1 2 1 1
+2 1 0 1 1 0 0 1
+6 1 0 1
+1 1 0 1
+3 9 2 1
cfi=(208)
cfn=(1424)
calls=1 475 
* 24 5 3 3 0 0 3
* 2 0 1
+5 2 0 1 1 0 0 1
+1 10 2 2 1 1
cob=(2)
cfi=(51)
cfn=(1432)
calls=2 -58 
* 7339 2227 1169 128 98 7 84 26 1
+1 18 2 2 2 0 0 1
cob=(2)
cfi=(51)
cfn=(1512)
calls=2 -59 
* 2650 766 352 36 20 0 22 9
* 8 2 2
cob=(2)
cfi=(51)
cfn=(1432)
calls=2 -59 
* 850 278 126
+2 4 0 2
+1 40 20 20
+1 40 20 20 2 0 0 1
+1 160 20 20
cob=(2)
cfi=(51)
cfn=(1350)
calls=20 -64 
* 3664 718 532 15 93 25 6 0 1
* 40 0 20
+1 40 0 20
+1 24700 5700 1900 1 0 0 1
cob=(2)
cfi=(51)
cfn=(1350)
calls=1900 -66 
* 387396 72461 56907 25 108 1518 1 0 50
* 3800 0 1900 0 0 175 0 0 5
-1 7660 3840 1900 2 0 0 1
+3 160 20 20
cob=(2)
cfi=(51)
cfn=(1350)
calls=20 -68 
* 4042 762 600 0 0 12 0 0 1
* 40 0 20 2 0 0 1
+1 40 0 20
+1 24700 5700 1900
cob=(2)
cfi=(51)
cfn=(1350)
calls=1900 -70 
* 386902 72729 57246 0 0 1465 0 0 51
* 3800 0 1900 0 0 148 0 0 6
-1 7660 3840 1900 2 0 0 1
+4 40 0 20 1 0 0 1
+1 3800 0 1900
+1 197000 0 197000
cob=(2)
cfi=(51)
cfn=(1538)
calls=197000 -75 
* 11794588 3152000 1576000 14 99 20 7 2 1
* 5122000 788000 197000 0 121 23459 0 0 275
-1 793700 397800 197000 1 0 0 1
-1 7660 3840 1900 2 0 0 1
+10 40 0 20
+1 3800 0 1900
+1 197000 0 197000 2 0 0 1
cob=(2)
cfi=(51)
cfn=(1538)
calls=197000 -85 
* 11794576 3152000 1576000
* 5122000 788000 197000 0 217 24781 0 0 277
-1 793700 397800 197000
-1 7660 3840 1900 4 0 0 2
+10 40 20 20
+3 160 20 20
cob=(2)
cfi=(51)
cfn=(1350)
calls=20 -96 
* 4042 762 600 0 242 74 0 0 2
* 40 0 20 2 0 20 1
+1 40 0 20
+1 24700 5700 1900
cob=(2)
cfi=(51)
cfn=(1350)
calls=1900 -98 
* 387061 72768 57269 39 92 1935 0 0 618
* 3800 0 1900 0 0 220 0 0 12
-1 7660 3840 1900 2 0 0 1
+3 20 0 20
cob=(2)
cfi=(51)
cfn=(1546)
calls=20 0 
* 740 200 40 10 48 0 5
* 60 0 20 2 0 0 1
+2 300 180 40 2 0 0 1
cfn=(2018)
calls=10 +56 
* 610889920 244217500 78064520 12 1326818 12027 10 0 14
cfn=(1552)
calls=10 +83 
* 548729830 230417660 22247890 6 1327170 12024 6 0 6907
* 20
+2 20 0 20
cob=(2)
cfi=(51)
cfn=(1546)
calls=20 0 
* 740 200 40 0 70
* 60 0 20 0 0 20
+5 40 0 20 0 0 20
+1 30400 11400 1900 2 226 0 1
cob=(2)
cfi=(51)
cfn=(1554)
calls=1900 0 
* 342685 101788 41169 28 2526 34 24 2
-1 7660 3840 1900 2 20 0 1
+3 40 0 20
+1 30400 11400 1900
cob=(2)
cfi=(51)
cfn=(1554)
calls=1900 0 
* 351604 104196 41720 0 519 2
-1 7660 3840 1900 2 0 0 1
+3 40 0 20 2 0 0 1
+1 30400 11400 1900 0 211
cob=(2)
cfi=(51)
cfn=(1554)
calls=1900 0 
* 353202 104686 41900 8 2185 28 7
-1 7660 3840 1900 2 0 0 1
+3 100 40 20
cob=(2)
cfi=(51)
cfn=(1554)
calls=20 0 
* 3204 956 388 0 11
+1 100 40 20 2 0 0 1
cob=(2)
cfi=(51)
cfn=(1554)
calls=20 0 
* 4736 1448 528 1 2 0 1
+1 100 40 20
cob=(2)
cfi=(51)
cfn=(1554)
calls=20 0 
* 5928 1779 697 0 19 8
+3 100 60 20 2 20 0 1 1
+1 240 100 20 0 20 20 0 0 1
+2 40 20 20
-65 86 44 20 2 0 0 1
+69 18 2 2 2 0 0 1
cob=(2)
cfi=(51)
cfn=(1578)
calls=2 0 
* 3071 715 337 22 74 24 10 3
* 20 10 2
cfn=(1592) escribir(std::__cxx11::basic_string<char, std::char_traits<char>, std::allocator<char> >, double**, int, int, int, int)
calls=2 272 
* 115437 29607 17565 1010 610 90 447 90
* 6 0 2 2
cob=(2)
cfi=(51)
cfn=(1764)
calls=2 0 
* 208 64 30 6 1 1
+1 4 2 2
-74 11 6 2 1 0 1 1
+77 5 0 1 1 0 0 1
cob=(2)
cfi=(51)
cfn=(1578)
calls=1 0 
* 136 35 22 9
* 11 5 2 1 0 0 1
cfn=(2022)
calls=1 +89 
* 73160 17550 11418 399 7 11 22 1
* 4 0 1 1
cob=(2)
cfi=(51)
cfn=(1764)
calls=1 0 
* 104 32 15
+1 2 0 1
+1 32 12 2
cob=(2)
cfi=(51)
cfn=(1554)
calls=2 0 
* 198 62 30 1
-1 11 6 2 1 0 0 1
+3 5 2 1
cob=(2)
cfi=(51)
cfn=(1554)
calls=1 0 
* 99 31 15
+2 1
36 2
141 9
36 6 0 2 1 0 0 1
cob=(2)
cfi=(51)
cfn=(1764)
calls=2 -36 
* 208 64 30
141 2
36 1
141 10 7 0 1 2 0 1

fn=(1592)
272 28 2 18 4 0 1 2
+1 6 0 2 2 0 0 1
cob=(2)
cfi=(51)
cfn=(1594)
calls=2 0 
* 6481 1893 1099 99 126 19 31 5
+2 12 2 2
cfi=(202)
cfn=(1630)
calls=2 1169 
* 2075 543 287 55 16 2 22 2
* 12 0 2 2 0 0 1
cfi=(200)
cfn=(1670)
calls=2 6206 
* 2928 820 440 22 51 2 11 3
* 12 0 2
cob=(2)
cfi=(51)
cfn=(1692)
calls=2 0 
* 7973 2135 1223 112 98 16 58 16
* 6 0 2
cob=(2)
cfi=(51)
cfn=(1764)
calls=2 0 
* 208 64 30 3 0 0 2
* 6 0 2
cob=(2)
cfi=(51)
cfn=(1764)
calls=2 0 
* 16 6
+1 8 0 2 2 0 0 1
cob=(2)
cfi=(51)
cfn=(1768)
calls=2 0 
* 12 6 0 2 2 0 1
* 4
+7 10 0 2 2 0 0 1
cob=(2)
cfi=(51)
cfn=(1772)
calls=2 0 
* 1601 455 229 40 17 1 19
* 10 0 2
cob=(2)
cfi=(51)
cfn=(1772)
calls=2 0 
* 434 136 72 0 2 1 0 1
* 10 0 2
cob=(2)
cfi=(51)
cfn=(1772)
calls=2 0 
* 438 136 72 2 2 0 1 1
+1 4 0 2 2 0 0 1
+1 90 18 18
cob=(2)
cfi=(51)
cfn=(1788)
calls=18 0 
* 8874 2348 1264 37 33 0 21
* 90 0 18
cob=(2)
cfi=(51)
cfn=(1772)
calls=18 0 
* 3996 1206 630
+1 36 18 18
-2 98 40 18 2 0 0 1
+4 10 2 2
cob=(2)
cfi=(51)
cfn=(1788)
calls=2 0 
* 760 198 112
+2 10 0 2 2 0 0 1
cob=(2)
cfi=(51)
cfn=(1772)
calls=2 0 
* 448 136 72
+2 10 0 2
cob=(2)
cfi=(51)
cfn=(1772)
calls=2 0 
* 438 136 72 0 2 0 0 1
+1 4 0 2
+1 270 90 18 2 2 0 1
cob=(2)
cfi=(51)
cfn=(1820)
calls=18 0 
* 50301 11334 7541 402 122 45 184 28
* 90 0 18 1
cob=(2)
cfi=(51)
cfn=(1772)
calls=18 0 
* 3996 1206 630 2 0 1
-1 98 40 18 2 0 0 1
+4 32 10 2 2 0 0 1
cob=(2)
cfi=(51)
cfn=(1820)
calls=2 0 
* 4710 1044 725 3 0 0 3
+1 10 0 2
cob=(2)
cfi=(51)
cfn=(1772)
calls=2 0 
* 448 136 72
+2 10 0 2 2 0 0 1
cob=(2)
cfi=(51)
cfn=(1772)
calls=2 0 
* 438 136 72
+1 10 0 2
cob=(2)
cfi=(51)
cfn=(1772)
calls=2 0 
* 434 136 72 0 0 1
+1 10 0 2 2 0 0 1
cob=(2)
cfi=(51)
cfn=(1772)
calls=2 0 
* 434 136 72
+1 10 0 2
cob=(2)
cfi=(51)
cfn=(1772)
calls=2 0 
* 438 136 72
* 10 2 2
cob=(2)
cfi=(51)
cfn=(1788)
calls=2 0 
* 732 196 110 1
* 10 0 2 2 0 0 1
cob=(2)
cfi=(51)
cfn=(1772)
calls=2 0 
* 448 136 72
+1 10 0 2
cob=(2)
cfi=(51)
cfn=(1772)
calls=2 0 
* 438 136 72 0 0 1
+2 6 0 2
cob=(2)
cfi=(51)
cfn=(1906)
calls=2 0 
* 11190 3313 1675 162 104 0 60 29
+3 6 0 2 2 0 0 1
cob=(2)
cfi=(51)
cfn=(1990)
calls=2 0 
* 3678 1110 582 33 33 0 18 4
* 12 10 0 2

fn=(828)
309 10 2 3 2 0 0 2
fi=(182) /usr/include/c++/11/iostream
74 3 0 1
cob=(2)
cfi=(51)
cfn=(832)
calls=1 -74 
* 103151 28093 13456 439 563 145 428 122 119
* 7 1 1 0 1
cob=(2)
cfi=(51)
cfn=(1332)
calls=1 -74 
* 77 15 15 7 3 2 1
fe=(181)
309 3 2 0 0 1

fl=(202)
fn=(1378)
206 22 2 12 2 0 0 2
+5 6 2 2
cfi=(203)
cfn=(1380)
calls=2 -59 
* 16 6 4 1 0 0 1
* 10 0 0 1 0 0 1
+4 10 4 2
cfi=(204)
cfn=(1382)
calls=2 -77 
* 62 20 20 2 0 0 2
* 2 0 2
+2 6 2
+2 12 2 2 1 0 0 1
cob=(2)
cfi=(51)
cfn=(1388)
calls=2 0 
* 434 82 60 2 0 1 2 0 1
* 10 2 2
cob=(2)
cfi=(51)
cfn=(1392)
calls=2 0 
* 10 4 2 1 0 0 1
+1 10 4 2
cob=(2)
cfi=(51)
cfn=(1396)
calls=2 0 
* 10 4 2 1 0 0 1
+5 6 2 2
cob=(2)
cfi=(51)
cfn=(1400)
calls=2 0 
* 10 6 0 1 0 0 1
* 12 4 2 1 0 0 1
cob=(2)
cfi=(51)
cfn=(1404)
calls=2 0 
* 1105 360 169 9 23 3 6 8
+7 10 4 2
cob=(2)
cfi=(51)
cfn=(1416)
calls=2 0 
* 14 6 4 1 1 0 1
+1 14 10 0 1 0 0 1

fn=(1630)
1169 88 8 48 6 0 0 1
+9 24 8 8
cfi=(201)
cfn=(1374)
calls=8 393 
* 256 56 32 9 3 0 0 2
* 8 0 8
+1 40 8 8
cob=(2)
cfi=(51)
cfn=(1632)
calls=8 0 
* 40 16 0 4 0 0 1
* 40 0 8 5 0 0 1
cfi=(226)
cfn=(1636)
calls=8 97 
* 304 120 72 11 0 0 1
* 40 8 8
cob=(2)
cfi=(51)
cfn=(1644)
calls=8 0 
* 64 16 24 2 2 1 1
* 24 0 8
cob=(2)
cfi=(51)
cfn=(1420)
calls=8 0 
* 32 16 0 2
* 24 0 8
cob=(2)
cfi=(51)
cfn=(1420)
calls=8 0 
* 32 16
+2 24 8 8 5 0 0 1
cob=(2)
cfi=(51)
cfn=(1648)
calls=8 0 
* 40 24 0 6 0 0 1
* 48 16 8
cob=(2)
cfi=(51)
cfn=(1652)
calls=8 0 
* 1269 294 194 20 5 1 6
+1 48 24 8
cob=(2)
cfi=(51)
cfn=(1656)
calls=8 0 
* 1567 400 183 13 11 0 6 1
+1 40 16 8 5 0 0 1
cob=(2)
cfi=(51)
cfn=(1666)
calls=8 0 
* 440 128 56 5 0 0 1
+1 8
+1 56 48 0 5 0 0 1

ob=(6) /usr/lib/x86_64-linux-gnu/libgcc_s.so.1
fl=(169) ???
fn=(2182) 0x00000000000045c0
0 9 3 2 1 3 0 1
cob=(2)
cfi=(51)
cfn=(2188)
calls=1 0 
0 121 28 12 1 0 0 1
0 1 0 1
cfn=(2192) 0x0000000000004550
calls=1 0 
0 5 1 0 1 0 0 1
0 3 2 1

fn=(582) __cpu_indicator_init
0 364 17 43 34 3 1 34 2

fn=(2192)
0 5 1 0 1 0 0 1

fn=(584) 0x0000000000004600
0 12 1 0 2 0 0 2

ob=(1)
fl=(32) ./string/../sysdeps/x86_64/strcmp.S
fn=(90) strcmp
108 2749 0 0 2 0 0 1
+33 2749
+1 2749
+2 2749
+1 2749
+21 2749
+1 2749
+1 2565
+1 2565
+1 2469 2469 0 0 104 0 0 49
+1 2469 2469 0 2 15 0 1 8
+1 2469 2469
+1 2469 2469
+21 2469
+1 2469
+1 2469
+1 2469
+1 2469
+1 2469
+1 2469
+5 52
+1 156
+9 52
+1 52
+1 52
+1 52
+1 52
+1 52
+1 52
+1 52
-7 280 0 0 3 0 0 1
+1 280
+1 280
+1 280
+1 280
+1 280
+1 280
+1 280
+1 210
+1 111
+1 111
+1 111
+2 111
+1 111
+1 111
+1 111 111 0 0 7 0 0 1
+1 111
+1 111
-5 99
+1 99
+1 99
+1 99 99 0 0 3 0 0 1
+1 99
+1 99
+10 122 122 0 3 14 0 1 3
+1 122
+1 122
+2 122 122 0 0 5 0 0 4
+6 122
+1 122
+1 122
+1 122
+1 122
+5 122
+2 111
+1 111
+1 222
+8 111 111 0 3 12 0 1 1
+1 111 111 0 0 6 0 0 6
+3 111
+1 111
+1 111
+1 111
+1 111
+1 111
-9 23 23
+1 23 23 0 0 1 0 0 1
+3 23
+1 23
+1 23
+1 23
+1 23
+1 23
+6 38
+1 38 38
+1 38 38 0 0 1 0 0 1
+3 38
+1 38
+1 38
+1 38 0 0 1 0 0 1
+1 38
+1 38
+5 23
+1 23
444 1 0 0 1 0 0 1
+1 1 1
+1 1 1 0 0 1
+1 1
+1 1
+2 1
+1 1
+1 1 0 0 1 0 0 1
+1 1
+1 1
+1 1
+1 1
+1 1 1
+3 1
+1 1
+1 1
+6 1
+1 1
+1 2
+4 1 0 0 1 0 0 1
+1 1
+3 1 1 0 0 1
+1 1 1 0 0 1
+1 1
+3 1
+1 1
+1 1
+6 1
+1 1
+1 1
+1 1
+1 1
+1 1 0 0 1 0 0 1
+72 2 0 0 1 0 0 1
+1 2 2
+1 2 2
+1 2
+1 2
+2 2
+1 2
+1 2 0 0 1 0 0 1
+1 2
+1 2
+1 2
+1 2
+1 2 2
+4 2
+1 2
+1 2
+6 2
+1 2
+1 4
+4 2 0 0 1 0 0 1
+1 2
+3 2 2
+1 2 2 0 0 2 0 0 2
+1 2
+3 2
+1 2
+1 2
+6 2
+1 2
+1 2
+1 2
+1 2
+1 2 0 0 1 0 0 1
+7 1
+1 1
+2 1
+1 1
+2 1 1
+1 1 1
+1 1
+3 1
+1 1
+1 1
+6 1
+1 1
+1 1
+1 1
+1 1 0 0 1 0 0 1
+1 1
+41 1 0 0 1 0 0 1
+1 1 1 0 0 1 0 0 1
+1 1 1
+1 1
+1 1
+2 1
+1 1
+1 1 0 0 1 0 0 1
+1 1
+1 1
+1 1
+1 1
+1 1 1
+4 1
+1 1
+1 1
+6 1
+1 1
+1 2
+4 1 0 0 1 0 0 1
+1 1
-1 3
+1 3
+3 4 4
+1 4 4 0 0 2 0 0 2
+1 4
+3 4
+1 4
+1 4
+6 4
+1 4
+1 4
+1 4
+1 4
+1 4 0 0 1 0 0 1
+7 3
+1 3
+2 3
+1 3
+2 3 3
+1 3 3
+1 3
+3 3
+1 3
+1 3
+6 3
+1 3
+1 3
+1 3
+1 3 0 0 1 0 0 1
+1 3
+7 3
+1 3
+1 3
+32 1 0 0 1 0 0 1
+1 1 1
+1 1 1 0 0 1 0 0 1
+1 1
+1 1
+2 1
+1 1
+1 1 0 0 1 0 0 1
+1 1
+1 1
+1 1
+1 1
+1 1 1
+4 1
+1 1
+1 1
+6 1
+1 1
+1 2
+4 1 0 0 1 0 0 1
+1 1
-1 2
+1 2
+3 3 3 0 0 2 0 0 2
+1 3 3
+1 3
+3 3
+1 3
+1 3
+6 3
+1 3
+1 3
+1 3
+1 3
+1 3 0 0 1 0 0 1
+7 2
+1 2
+2 2
+1 2
+2 2 2
+1 2 2
+1 2
+3 2
+1 2
+1 2
+6 2
+1 2
+1 2
+1 2
+1 2 0 0 1 0 0 1
+1 2
+7 2
+1 2
+1 2
+32 2 0 0 1 0 0 1
+1 2 2
+1 2 2
+1 2
+1 2
+2 2
+1 2
+1 2 0 0 1 0 0 1
+1 2
+1 2
+1 2
+1 2
+1 2 2
+4 2
+1 2
+1 2
+6 2
+1 2
+1 4
+4 2 0 0 1 0 0 1
+1 2
-1 1
+1 1
+3 3 3
+1 3 3 0 0 1 0 0 1
+1 3
+3 3
+1 3
+1 3
+6 3
+1 3
+1 3
+1 3
+1 3
+1 3 0 0 1 0 0 1
+7 1
+1 1
+2 1
+1 1
+2 1 1
+1 1 1
+1 1
+3 1
+1 1
+1 1
+6 1
+1 1
+1 1
+1 1
+1 1 0 0 1 0 0 1
+1 1
+7 1
+1 1
+1 1
+32 11 0 0 1 0 0 1
+1 11 11 0 0 3 0 0 3
+1 11 11
+1 11
+1 11
+2 11
+1 11
+1 11 0 0 1 0 0 1
+1 11
+1 11
+1 11
+1 11
+1 4 4
+4 4
+1 4
+1 4
+6 4
+1 4
+1 8
+4 4 0 0 1 0 0 1
+1 4
-1 1
+1 1
+3 5 5 0 0 1 0 0 1
+1 5 5 0 0 2 0 0 2
+1 5
+3 5
+1 5
+1 5
+6 5
+1 5
+1 5
+1 5
+1 5
+1 5 0 0 1 0 0 1
+7 3
+1 3
+2 3
+1 3
+2 3 3
+1 3 3
+1 3
+3 3
+1 3
+1 3
+6 3
+1 3
+1 3
+1 3
+1 3 0 0 1 0 0 1
+1 3
+7 1
+1 1
+1 1
+32 8 0 0 1 0 0 1
+1 8 8
+1 8 8 0 0 2 0 0 1
+1 8
+1 8
+2 8
+1 8
+1 8 0 0 1 0 0 1
+1 8
+1 8
+1 8
+1 8
+1 2 2
+4 2
+1 2
+1 2
+6 2
+1 2
+1 4
+4 2 0 0 1 0 0 1
+1 2
+3 2 2
+1 2 2 0 0 1 0 0 1
+1 2
+3 2
+1 2
+1 2
+6 2
+1 2
+1 2
+1 2
+1 2
+1 2 0 0 1 0 0 1
+72 66 0 0 1 0 0 1
+1 66 66 0 0 4 0 0 2
+1 66 66 0 0 2 0 0 1
+1 66
+1 66
+2 66
+1 66
+1 66 0 0 1 0 0 1
+1 66
+1 66
+1 66
+1 66
+1 33 33
+4 33
+1 33
+1 33
+6 33
+1 33
+1 66
+4 33 0 0 1 0 0 1
+1 33
-1 4
+1 4
+3 36 36 0 0 1 0 0 1
+1 36 36 0 0 2 0 0 1
+1 36
+3 36
+1 36
+1 36
+6 36
+1 36
+1 36
+1 36
+1 36
+1 36 0 0 1 0 0 1
+7 6
+1 6
+2 6
+1 6
+2 6 6 0 0 1
+1 6 6 0 0 1 0 0 1
+1 6
+3 6
+1 6
+1 6
+6 6
+1 6
+1 6
+1 6
+1 6
+1 6
+7 4
+1 4
+1 4
+4 2 0 0 1 0 0 1
+1 2
+1 2
+1 2
+7 1
+1 1
+1 1
+4 1 1 0 1 0 0 1
+1 1
+1 1
+1 1
+9 7
+1 7 7 0 0 3 0 0 2
+1 7 7 0 0 2 0 0 2
+1 7
+1 7
+2 7
+1 7
+1 7 0 0 1 0 0 1
+1 7
+1 7
+1 7
+1 7
+1 7 7
+4 7
+1 7
+1 7
+6 7
+1 7
+1 14
+4 7 0 0 1 0 0 1
+1 7
-1 3
+1 3
+3 10 10 0 0 2 0 0 2
+1 10 10 0 0 3 0 0 2
+1 10
+3 10
+1 10
+1 10
+6 10
+1 10
+1 10
+1 10
+1 10
+1 10 0 0 1 0 0 1
+7 5
+1 5
+2 5
+1 5
+2 5 5
+1 5 5
+1 5
+3 5
+1 5
+1 5
+6 5
+1 5
+1 5
+1 5
+1 5 0 0 1 0 0 1
+1 5
+7 3
+1 3
+1 3
+32 13 0 0 2 0 0 1
+1 13 13 0 0 1
+1 13 13 0 0 3 0 0 3
+1 13
+1 13
+2 13
+1 13
+1 13 0 0 2 0 0 1
+1 13
+1 13
+1 13
+1 13
+1 7 7
+4 7
+1 7
+1 7
+6 7
+1 7
+1 14
+4 7 0 0 1 0 0 1
+1 7
-1 2
+1 2
+3 9 9 0 0 2 0 0 2
+1 9 9
+1 9
+3 9
+1 9
+1 9
+6 9
+1 9
+1 9
+1 9
+1 9
+1 9 0 0 2 0 0 1
+7 3
+1 3
+2 3
+1 3
+2 3 3 0 0 1 0 0 1
+1 3 3
+1 3
+3 3
+1 3
+1 3
+6 3
+1 3
+1 3
+1 3
+1 3 0 0 1 0 0 1
+1 3
+7 2
+1 2
+1 2
+32 13 0 0 3 0 0 1
+1 13 13 0 0 5 0 0 4
+1 13 13 0 0 4 0 0 2
+1 13
+1 13
+2 13
+1 13
+1 13 0 0 2 0 0 1
+1 13
+1 13
+1 13
+1 13
+1 6 6
+4 6
+1 6
+1 6
+6 6
+1 6
+1 12
+4 6 0 0 2 0 0 1
+1 6
-1 2
+1 2
+3 8 8 0 0 3 0 0 2
+1 8 8 0 0 1 0 0 1
+1 8
+3 8
+1 8
+1 8
+6 8
+1 8
+1 8
+1 8
+1 8
+1 8 0 0 2 0 0 1
+7 3
+1 3
+2 3
+1 3
+2 3 3
+1 3 3
+1 3
+3 3
+1 3
+1 3
+6 3
+1 3
+1 3
+1 3
+1 3 0 0 1 0 0 1
+1 3
+7 2
+1 2
+1 2
+32 9 0 0 2 0 0 1
+1 9 9
+1 9 9 0 0 2
+1 9
+1 9
+2 9
+1 9
+1 9 0 0 2 0 0 1
+1 9
+1 9
+1 9
+1 9
+1 5 5
+4 5
+1 5
+1 5
+6 5
+1 5
+1 10
+4 5 0 0 1 0 0 1
+1 5
-1 1
+1 1
+3 6 6 0 0 1
+1 6 6 0 0 1 0 0 1
+1 6
+3 6
+1 6
+1 6
+6 6
+1 6
+1 6
+1 6
+1 6
+1 6 0 0 1 0 0 1
+7 3
+1 3
+2 3
+1 3
+2 3 3 0 0 1 0 0 1
+1 3 3
+1 3
+3 3
+1 3
+1 3
+6 3
+1 3
+1 3
+1 3
+1 3 0 0 1 0 0 1
+1 3
+7 1
+1 1
+1 1
+32 13 0 0 1 0 0 1
+1 13 13
+1 13 13 0 0 4 0 0 2
+1 13
+1 13
+2 13
+1 13
+1 13 0 0 2 0 0 1
+1 13
+1 13
+1 13
+1 13
+1 6 6
+4 6
+1 6
+1 6
+6 6
+1 6
+1 12
+4 6 0 0 1 0 0 1
+1 6
-1 3
+1 3
+3 9 9 0 0 3 0 0 3
+1 9 9 0 0 1
+1 9
+3 9
+1 9
+1 9
+6 9
+1 9
+1 9
+1 9
+1 9
+1 9 0 0 1 0 0 1
+7 5
+1 5
+2 5
+1 5
+2 5 5
+1 5 5 0 0 1 0 0 1
+1 5
+3 5
+1 5
+1 5
+6 5
+1 5
+1 5
+1 5
+1 5 0 0 1 0 0 1
+1 5
+7 3
+1 3
+1 3
+32 63 0 0 3 0 0 1
+1 63 63 0 0 5 0 0 5
+1 63 63 0 0 12 0 0 7
+1 63
+1 63
+2 63
+1 63
+1 63 0 0 3 0 0 1
+1 63
+1 63
+1 63
+1 63
+2 22 22
+4 22
+1 22
+1 22
+6 22
+1 22
+2 44
+4 22 0 0 2 0 0 1
+1 22
-1 4
+1 4
+3 26 26 0 0 9 0 0 7
+1 26 26 0 0 5 0 0 5
+1 26
+3 26
+1 26
+1 26
+6 26
+1 26
+1 26
+1 26
+1 26
+1 26 0 0 2 0 0 1
+7 7
+1 7
+2 7
+1 7
+2 7 7 0 0 1 0 0 1
+1 7 7
+1 7
+3 7
+1 7
+1 7
+6 7
+1 7
+1 7
+1 7
+1 7 0 0 1 0 0 1
+1 7
+7 4
+1 4
+1 4
+27 1
+1 1
+1 1
+1 2
+4 1
+2 1
+1 1
+1 1
+1 1
-5 209 0 0 2
+2 209
+1 209
+1 209
+1 209
-3 122 0 0 1 0 0 1
+1 122
+1 122
+1 122
+1 222
+5 111
+6 111 111
+1 111 111
+8 111
+1 111 111
-16 2638 0 0 2 0 0 1
+6 2638 2638
+1 2638 2638
+8 2638
+1 2638 2638

fl=(256)
fn=(2068)
31 9 0 6 1 0 0 1
+20 3 1 0 0 1
-3 7 0 1 1 0 0 1
+3 4
+3 2 1 1 0 1
cob=(3)
cfi=(257)
cfn=(2070)
calls=1 +23 
* 43 11 5 7 0 0 7
+2 1 1 0 0 1
+3 2
+2 6 3 0 1 0 0 1
+7 2
-2 1 0 1
+2 1 0 1
cfi=(49)
cfn=(538) _dl_audit_activity_nsid
calls=1 -28 
* 21 7 4 2 1
+5 14 0 0 1 0 0 1
+5 1 1
-5 1
+5 3 0 0 1 0 0 1
+2 14 7
+2 14
+2 14 0 7
+1 7 0 7 0 0 6
+1 7
+4 7 0 7
-12 21 7 0 0 2
+14 6 0 0 1 0 0 1
+1 4
+6 5 0 2
cfi=(12) ./elf/./elf/dl-sort-maps.c
cfn=(246) _dl_sort_maps
calls=1 290 
* 527 144 78 17 9
+9 2 1 1 1 1 0 1
cob=(3)
cfi=(258)
cfn=(2072)
calls=1 367 
* 34 7 4 5 0 0 5
+5 6 1 1
+2 1 1
+2 3 1
-2 6 6
+2 18 6
+3 14 0 7
+3 21 7 0 1 6 0 1
+4 8 4
+11 16 8 4 0 4
+1 4 4 0 0 2
+1 8 4
+1 20 0 0 1 0 0 1
+1 8 4 8 0 4
cob=(6)
cfi=(169)
cfn=(2182)
calls=1 0 
* 139 34 16 3 3 0 3
cob=(4)
cfi=(170)
cfn=(2164)
calls=1 0 
* 139 34 16 5 2 0 2
cob=(7)
cfi=(171)
cfn=(2122) 0x00000000000aaf80
calls=1 0 
* 1169 355 185 15 13 0 8
cob=(8)
cfi=(179)
cfn=(2074)
calls=1 0 
* 139 34 16 13 8 1 9 1 1
-1 20 8
+5 12 4 0 0 3
+1 15 10 5 0 3
cob=(2)
cfi=(51)
cfn=(2198)
calls=1 0 
* 4 1 0 1 0 0 1
cob=(2)
cfi=(51)
cfn=(2180)
calls=1 0 
* 4 1 0 1 0 0 1
cob=(2)
cfi=(51)
cfn=(2162)
calls=1 0 
* 4 1 0 1 0 0 1
cob=(2)
cfi=(51)
cfn=(2100)
calls=1 0 
* 157 38 19 7 2 0 3
cob=(2)
cfi=(51)
cfn=(2096)
calls=1 0 
* 4 1 0 1 0 0 1
+6 14 0 7
cfi=(49)
cfn=(2098) _dl_audit_objclose
calls=7 -57 
* 35 14 0 1 0 0 1
+5 7 0 7 1 0 0 1
-45 21 7
+49 3 0 1
cfi=(49)
cfn=(538)
calls=1 40 
* 21 7 4
* 2 1
-38 9 3 0 0 3
+3 2 1
+41 6 2 0 1 0 0 1
+6 2 1
+7 8 7
73 2 0 1 1 0 0 1

fl=(14) ./elf/../sysdeps/unix/sysv/linux/brk.c
fn=(28) brk
35 1 0 0 1 0 0 1
+1 3 0 1 0 0 1 0 0 1
+1 2
+6 1
+1 1 1

fl=(42) ./string/../sysdeps/x86_64/multiarch/../strchr.S
fn=(118) index
23 28 0 0 1 0 0 1
+1 28
+1 28
+1 28
+1 28
+1 28
+1 28
+1 28
+1 28
+1 28 28 0 0 5 0 0 5
+1 28
+1 28 0 0 1 0 0 1
+1 28
+1 28
+1 28
+1 28
+1 28
+1 28
+1 24
+4 24
+1 24
+1 24 24
+1 24
+2 24 24
+4 4 4
+1 4
+1 4
+1 4 0 0 1 0 0 1
+1 4
+1 4
+1 4 4
+1 4
+1 4
+1 4
+1 4
+1 4
+1 4
+1 4 4
+1 4
+1 4
+1 4
+1 4
+1 4
+1 4 0 0 1 0 0 1
+1 4
+1 4
+1 4
+1 4
+52 4 0 0 2 0 0 1
+4 4
+1 4
+1 4 4
+1 4
+2 4 4

fl=(75) ./elf/./elf/dl-version.c
fn=(254) _dl_check_all_versions
361 6 0 4 1 0 0 1
+4 5
-2 2
+4 42 7 7 1 0 0 1
cfn=(256) _dl_check_map_versions
calls=7 155 
* 20123 5790 1185 38 105 66 38 103 65
-2 7 7
+2 21
-1 7
-1 14
+5 7 5

fn=(256)
155 56 0 42 2 0 0 2
+15 7 7
-15 14 0 14
+15 14
+2 35 14 7
+2 7 7
+1 7 7 0 1 0 0 1
-1 7 0 7
+1 7 0 7
+2 14
+3 10 10
-16 5
-8 5 0 5
+28 5 5 0 0 4 0 0 4
-4 5 0 5
+4 10
+16 5 5
36 10 5 0 1 0 0 1
200 5 5
36 25 5
200 7 7 0 0 2 0 0 2
36 14 7
200 7 7
36 35 7
+1 54 54
-1 108
+2 198 0 66 1 0 0 1
cfi=(54) ./elf/./elf/dl-misc.c
cfn=(174) _dl_name_match_p
calls=66 +30 
* 6485 1356 267
* 132
208 36 12
+5 12 12
-71 24 0 24
+71 36 12 0 0 1 0 0 1
+8 12 12 0 0 2 0 0 2
-2 12 12 0 0 1 0 0 1
-2 24 24
+4 12 0 12
-4 72 60 0 1 0 0 1
+4 29 29 0 0 2 0 0 2
-2 29 29 0 0 4 0 0 4
-2 58 58
+4 29 0 29
-4 219 163
56 164 123
+8 123 41 0 1 0 0 1
+6 123 41
+16 41 41 0 0 1
+1 82
+2 41 41
+5 369 41 82 1 5 0 1 5
+14 1170 585 0 0 9 0 0 9
+12 1632 544 0 0 10 0 0 10
+4 544
-30 1088 544 0 0 30 0 0 30
224 164 41 0 1 0 0 1
+3 123 41
+5 29
-11 29
110 41 41 0 1 1 0 1 1
+3 164 41 41
cfi=(32)
cfn=(90)
calls=41 -5 
* 1511 298 0 18 20 0 18 20
* 176 12
236 48 24 0 1 0 0 1
+5 14 0 7
-44 7
+1 7
+52 10 5 0 1 0 0 1
+3 20 15
+10 116
-7 464 116 0 0 8 0 0 8
+3 348 116 0 0 4 0 0 4
-3 20 5
+3 15 5
+8 12 0 0 1 0 0 1
+6 6
fi=(28) ./elf/../include/rtld-malloc.h
44 6
fe=(75)
273 6
fi=(28)
44 6 6 6
cfi=(27) ./elf/./elf/dl-minimal-malloc.c
cfn=(72) __minimal_calloc
calls=6 +34 
* 244 39 32
fe=(75)
272 6 0 6 0 0 1
fi=(28)
44 6
fe=(75)
274 12
+13 6 6
-3 6 0 6
+3 24 12 6 1 1 0 1
+2 18 6
+3 20 15
+4 36 12
+7 41
+1 41
-1 123 41
+1 41 0 41 0 0 17 0 0 17
+1 41 41
-2 41 0 41
+2 82 0 41 0 0 2 0 0 2
+1 123 41 41 0 0 1 0 0 1
+3 123 41
+5 29
-15 29 29
+2 29
-2 29
+2 29
-2 29
+2 58
-2 12 12 0 1 0 0 1
+2 12
-2 12 0 0 1 0 0 1
+2 12
-2 12
+2 24
+16 36 12
+5 7
-28 7
+62 63 56 0 1 0 0 1
-29 18 6 0 1 0 0 1
+3 20 15
+4 116 116
+6 116 116
+1 116 116
+1 116 116
-1 348
+1 116
-1 116 0 116 0 0 30 0 0 30
+1 116 0 116
+1 116 0 116 0 0 15 0 0 15
+3 348 116
+4 116
-14 242 121
+10 15 5
164 2 0 0 1 0 0 1
+86 2 2 0 1 0 0 1
-94 2 0 2
+94 3

fl=(255)
fn=(2052)
29 2 0 0 1 0 0 1
+1 2 2
+1 2 2 0 0 1
+2 2 2 0 0 1
+1 2
+1 2 2 0 0 1
+3 2
+1 2 2
+4 2
+1 2
+1 2 2
+1 2 2

fl=(13) ./elf/../sysdeps/unix/sysv/linux/dl-sysdep.c
fn=(100) _dl_discover_osversion
46 5 0 3 1 0 0 1
+2 3 1
+40 2 0 1 1 0 1 1 0 1
cfi=(36) ./posix/../sysdeps/unix/syscall-template.S
cfn=(102) uname
calls=1 +32 
* 6 1 0 1 0 0 1
+15 1
-15 2
+20 1
-1 1
+3 12 3 0 1 1 0 1 1
+4 3 3
-2 6
+2 11
+3 2
-1 2
+1 6
-3 8 2
+3 1
-1 1
+1 3
-3 4 1
+7 3
-1 3 0 0 1 0 0 1
+4 3
-2 3
+2 12
+9 5 4

fl=(29) ./string/../sysdeps/x86_64/multiarch/memmove-vec-unaligned-erms.S
fn=(128) mempcpy
199 45
+1 45
+1 45
+1 45
+17 45
+1 45
+2 9 9 0 0 1
+1 9
+1 9
+2 6 6
+1 6 0 6 0 0 2 0 0 2
+1 6 0 6
+2 6 6
360 36
+1 36
+2 12
+4 12
+1 7
+1 7
+1 2 2 0 0 1 0 0 1
+1 2
+1 2 2
+1 2 0 2 0 0 1 0 0 1
+2 2 0 2
+2 7 7
+6 5 5
+1 5 5
+1 5 0 5
+1 5 0 5
+1 5 5
+29 24 24 0 1 0 0 1
+1 24 24
+1 24 0 24 0 0 1 0 0 1
+1 24 0 24
+1 24 24
+7 3 3
+1 3 3
+1 3 0 3
+1 3 0 3 0 0 1 0 0 1
+1 3 0 3 0 0 1 0 0 1
+1 3 0 3
+1 3 3
+11 3
+1 3
+2 3 3
+1 3
+1 3

fn=(80) memcpy
212 32 0 0 2 0 0 1
+1 32
+6 32
+1 32
+2 23 23 0 0 1 0 0 1
+1 23 0 0 1
+1 23
+2 10 10
+1 10 0 10 0 0 3 0 0 3
+1 10 0 10
+2 10 10
360 9 0 0 1 0 0 1
+1 9
+2 1
+4 1
+1 1
+1 1
+1 1 1 0 0 1 0 0 1
+1 1
+4 1 0 1 0 0 1 0 0 1
+2 1 1
+39 8 8
+1 8 8
+1 8 0 8 0 0 5 0 0 5
+1 8 0 8 0 0 1 0 0 1
+1 8 8
+7 12 12 0 1
+1 12 12
+1 12 0 12 0 0 4 0 0 4
+1 12 0 12 0 0 2 0 0 2
+1 12 0 12 0 0 2 0 0 2
+1 12 0 12
+1 12 12
+11 13 0 0 2 0 0 1
+1 13
+2 12 12
+1 12
+1 12
+20 1 0 0 1 0 0 1
+1 1
+4 1
+2 1
+16 1
+3 1
+2 1
+2 1
+4 1
+1 1
+9 1 1 0 0 1 0 0 1
+1 1 1 0 1 1 0 1 1
+2 1
+2 1
+1 1 1
+1 1 1
+3 1
+2 1
+2 1
+2 1
+6 1 1
+1 1 1
+1 1 1
+1 1 1 0 0 1 0 0 1
+1 1
+1 1 0 1 0 0 1 0 0 1
+1 1 0 1
+1 1 0 1
+1 1 0 1 1 0 1 1 0 1
+1 1
+1 1
+1 1
-11 2 2
+1 2 2
+1 2 2
+1 2 2 0 0 1 0 0 1
+1 2
+1 2 0 2
+1 2 0 2
+1 2 0 2
+1 2 0 2 0 0 2 0 0 2
+1 2
+1 2
+1 2
+2 1 0 1 0 0 1 0 0 1
+1 1 0 1
+1 1 0 1
+1 1 0 1
+2 1 0 1
+4 1 1

fl=(8) ./elf/./elf/dl-setup_hash.c
fn=(14) _dl_setup_hash
25 7 0 0 1 0 0 1
+3 7 7
-3 7
+3 14 0 0 1 0 0 1
+3 21 14
+1 14 7 7 0 5 1 0 5 1
+2 7 7
-1 7 7
+3 21
+1 7 0 7
+4 7
-3 7
+7 7
-4 7
-3 7 7
+2 14 0 0 1 0 0 1
+5 7
-5 7
-2 7 0 7
+7 7 0 7
-5 7 0 7
+10 7 7

fl=(9) ./elf/../elf/dl-sysdep.c
fn=(536) _dl_sysdep_start_cleanup
262 1 0 0 1 0 0 1
+1 1 1

fn=(16) _dl_sysdep_start
85 4 0 2 1 0 1 1 0 1
+25 1
-25 6 0 4
+25 1 1
-1 1 0 1
+1 108 34 3 1 4 2 1 4 2
+11 1 1
-8 1
+1 1 0 1
-4 1 0 1 0 0 1 0 0 1
+3 1 0 1
+6 1 0 1 1 0 1 1 0 1
+2 13 0 3 0 0 1 0 0 1
-34 1
-1 1
+36 113 17 0 1 3 0 1 3
+3 1 1
+1 1
-5 85 22 7 3 3 0 3 3
+57 1 1 0 1 1 0 1 1
-57 1
+58 1
-1 1 0 1 0 0 1 0 0 1
-57 3 1
+29 1 1 0 1 0 0 1
-29 1
+30 1 0 1
-1 1 0 1
-29 3 1
+41 1 1 0 1 1 0 1 1
-41 1
+42 1
-1 1 0 1
-41 3 1
+35 1 1 0 1 0 0 1
-35 1
+36 1
-1 1 0 1
-35 3 1
+32 1 1
-32 1
+33 1
-1 1 0 1
-32 4 1
+13 1 1 0 1 0 0 1
-13 1
+14 1 0 1
-1 1 0 1
-13 3 1
+10 1 1 0 1 0 0 1
-10 1
+11 1 0 1
-1 1 0 1
-10 3 1
+7 1 1
-7 4 1 0 1 0 0 1
224 1 0 1
cfi=(10)
cfn=(18) __GI___tunables_init
calls=1 +58 
* 16195 3102 6 6 51 1 6 51 1
+3 1 0 1
cfi=(12)
cfn=(22) _dl_sort_maps_init
calls=1 +54 
* 32 6 3 4 1 0 4 1
fi=(13)
36 2 0 1
cfi=(14)
cfn=(28)
calls=1 -1 
* 8 1 1 1 0 1 1 0 1
fi=(6) ./elf/../sysdeps/x86_64/dl-machine.h
215 1 0 1
cfi=(15) ./elf/../sysdeps/x86/dl-get-cpu-features.c
cfn=(32) _dl_x86_init_cpu_features
calls=1 37 
* 7224 784 442 103 15 12 103 15 12
fe=(9)
+23 3 1
+1 1 0 1 1 0 0 1
cfi=(22) ./string/../sysdeps/x86_64/multiarch/strlen-vec.S
cfn=(60) strlen
calls=1 41 
* 17 2 0 1 1 0 1 1
* 1 0 1
+2 2 0 1
cfi=(23) ./elf/../misc/sbrk.c
cfn=(62) sbrk
calls=1 37 
* 15 4 2 1 0 0 1
* 3
+12 3 1
+3 5 1 1
cfi=(2) ./elf/./elf/rtld.c
cfn=(64) dl_main
calls=1 1320 
* 2180899 519003 189998 942 11296 2228 936 7310 1508
+2 9 8 0 1 2 0 1

fl=(39) ./elf/../sysdeps/x86_64/dl-hwcaps-subdirs.c
fn=(110) _dl_hwcaps_subdirs_active
29 1 0 0 1 0 0 1
fi=(18) ./elf/../sysdeps/x86/get-isa-level.h
+2 1 1
fe=(39)
+7 1
fi=(18)
-7 2 0 0 1 0 0 1
-1 2
fe=(39)
+22 1 1
fi=(18)
-20 3 1
+4 1
fe=(39)
+2 1
fi=(18)
-2 2
+3 4 1
+1 4 1 0 1 0 0 1
+5 1
fe=(39)
-7 1
fi=(18)
+7 3
fe=(39)
-2 1
fi=(18)
+5 2
+1 3 1
+2 4 0 0 1 0 0 1
+1 2
+1 2
+6 1
fe=(39)
-11 1
fi=(18)
+11 1
-3 2
fe=(39)

fl=(56) ./io/../sysdeps/unix/sysv/linux/read_nocancel.c
fn=(180) __read_nocancel
25 5 0 0 1 0 0 1
+1 20
+1 5 5

fl=(152) ./elf/../sysdeps/nptl/dl-mutex.c
fn=(504) __rtld_mutex_init
30 2 0 1 1 0 0 1
+10 3
-10 1 0 1
+10 2 0 0 1 0 0 1
-10 1 0 1
+7 1 1
+3 2 0 1
cfi=(153) ./elf/./elf/dl-lookup-direct.c
cfn=(506) _dl_lookup_direct
calls=1 +34 
* 175 47 13 6 7 0 6 6
+4 2
+1 8 3
+2 3 0 0 1 0 0 1
-2 1 0 1
+2 3 0 1
cfi=(153)
cfn=(506)
calls=1 +27 
* 198 49 13 1 7 0 1 4
+4 2
+1 6 3
+1 2 2
-1 1 0 1
+1 2 2

fl=(60) ./misc/../sysdeps/unix/sysv/linux/mmap64.c
fn=(194) mmap
47 52 0 0 1 0 0 1
+3 52
+8 104
+2 26 26

fl=(161) ./elf/./elf/dl-runtime.c
fn=(530) _dl_fixup
46 984 0 492 4 0 0 2
+2 615 492 0 0 12
+1 123 123 0 0 3
+6 123
fi=(270) ./elf/../sysdeps/x86_64/dl-runtime.h
-27 123
fe=(161)
+21 123 123
+5 123 123 0 0 5
+1 123 123 0 0 6
-6 123
+6 246 0 0 2 0 0 1
+1 123 123 0 0 114
+2 123 123 0 0 13
-2 123
+2 123
-2 615 0 123
+7 246
+4 246 123 0 0 122 0 0 72
+4 369 123 0 2 5 0 1
+4 369 246 0 0 107 0 0 1
+1 492 123 0 0 3
-7 492 123 0 0 23
+16 123 123
-1 123
+1 246
+10 1230 246 369 2 6 4 1
cfi=(79) ./elf/./elf/dl-lookup.c
cfn=(280) _dl_lookup_symbol_x
calls=123 840 
* 99989 23764 8682 63 749 55 0 156
* 123
+4 615 369 0 2 0 0 1
+10 1230 492 123
+15 492 123
+9 369 123 0 3 0 0 1
+26 369 123 0 0 2
fi=(6)
+70 123 0 123
fe=(161)
-66 738 615
fi=(206) ./elf/../sysdeps/x86_64/dl-irel.h
32 4 0 4 2 0 0 1
cob=(3)
cfi=(123)
cfn=(396)
calls=1 -3 
* 23 4 0 3
cob=(3)
cfi=(118)
cfn=(380)
calls=1 -3 
* 21 4 0 3 1
cob=(3)
cfi=(110)
cfn=(358)
calls=1 -3 
* 22 5 0 3 1
cob=(3)
cfi=(92)
cfn=(314)
calls=1 -3 
* 22 4 0 3 2
fe=(161)
+93 8 0 4

fl=(55) ./io/../sysdeps/unix/sysv/linux/open64_nocancel.c
fn=(178) __open_nocancel
28 19 0 0 1 0 0 1
+3 19
-3 57 0 19 0 0 2 0 0 2
+3 114 0 0 1 0 0 1
+8 133
+2 6 6
-2 39 0 13
+2 13 13

fl=(52)
fn=(166)
175 39 0 13 1 0 0 1
+5 13 13
-5 39 0 39 1 0 3 1 0 3
+5 13 0 13
-2 26
+22 13
-1 13 0 13 0 0 1 0 0 1
+7 26
-6 13 0 13
+3 26 0 13
+3 13 0 13
cfi=(53) ./setjmp/../sysdeps/x86_64/setjmp.S
cfn=(168) __sigsetjmp
calls=13 30 
* 312 65 117 3 0 1 3 0 1
* 52
+2 39 26 13 1 0 0 1
cfi=(66) ./elf/./elf/dl-deps.c
cfn=(214) openaux
calls=12 61 
* 26708 5481 2415 107 176 177 107 176 177
cfi=(2)
cfn=(170) map_doit
calls=1 663 
* 2698 576 267 106 35 32 106 35 32
+2 13 13
-1 13 13
+1 13
-1 13 0 13
+1 26 0 26
+9 52 26

fn=(162)
225 10 0 3 1 0 0 1
+2 2 0 1
cob=(2)
cfi=(51)
cfn=(164)
calls=1 0 
* 2759 589 289 113 35 34 113 35 34
+1 2 1 1
+1 1 1
+1 1 1 0 1 0 0 1
-1 1 0 1
+1 1 0 1
+2 5 4

fn=(250) _dl_receive_error
238 6 0 2
+1 1 1
+1 1 1
+3 1 0 1 1 0 0 1
+1 1 0 1
+2 1 0 1
cfi=(2)
cfn=(252) version_check_doit
calls=1 696 
* 20245 5813 1198 42 105 66 42 103 65
+2 1 0 1
+1 1 0 1
+1 4 3

fl=(73) ./malloc/./malloc/scratch_buffer_set_array_size.c
fn=(240) __libc_scratch_buffer_set_array_size
30 50 0 15 2 0 0 2
+4 5
+1 10
+11 5
-1 10 5
+18 20 20 0 1 0 0 1

fl=(71) ./misc/../sysdeps/unix/syscall-template.S
fn=(234) mprotect
117 45 0 0 1 0 0 1
+5 9 9

fn=(542) munmap
117 5 0 0 1 0 0 1
+5 1 1

fl=(78) ./elf/./elf/dl-reloc.c
fn=(272) _dl_relocate_object
194 14 0 7 1 0 0 1
+14 7
-14 63 0 35
+16 7 0 0 1 0 0 1
-16 14 0 14
+14 7 0 7
+2 14
+3 7 7 0 0 2
-1 7 7
+1 14
+19 14 7 0 1 0 0 1
+6 35 14
-34 12
+38 12
+7 24 6 6 1 1 0 1
fi=(6)
71 22 6
+6 16 12 0 0 2
+4 12 4 0 0 4 0 0 4
+14 4 4 0 1 0 0 1
-8 4 0 4
+8 8
+20 8 4
+4 20 4 0 0 2
-2 8 0 4
fe=(78)
288 295 93 50 4 26 0 4
-83 4
fi=(6)
474 16 0 4
fe=(78)
205 8 0 8
+83 8 8 0 1 0 0 1
fi=(5) ./elf/./elf/do-rel.h
49 4 4
fe=(78)
288 4 4
fi=(5)
60 4 4
-11 8 0 4
+11 8
fe=(78)
288 3
-83 3
fi=(6)
474 12 0 3
fe=(78)
205 6 0 6
+83 6 6
fi=(5)
49 3 3
fe=(78)
288 3 3
fi=(5)
60 3 3
-11 6 0 3
+11 6
fe=(78)
288 14 14
fi=(5)
49 7 7
fe=(78)
288 7 7 0 0 2
fi=(5)
60 7 7
-11 14 0 7
+11 14
-7 4
-1 4
+11 32 4 0 1 0 0 1
fi=(6)
545 2232 1116
+4 2232
+3 3348 1116
+1 1116 0 1116 0 0 145 0 0 143
fi=(5)
63 3348
+2 4692 1173 0 1 439 0 1 439
+2 171
-4 171
+13 24
+1 16 2
+1 114 57
fi=(6)
545 57 57
+34 114 114
+2 57 0 57
cob=(4)
cfi=(134)
cfn=(476)
calls=1 27 
* 9 4 0 1 0 0 1
cob=(4)
cfi=(146)
cfn=(472)
calls=1 26 
* 9 4 0 2 0 0 2
cob=(4)
cfi=(145)
cfn=(468)
calls=1 27 
* 9 4 0 2 0 0 2
cob=(4)
cfi=(142)
cfn=(464)
calls=1 27 
* 8 4 0 1 0 0 1
cob=(4)
cfi=(144)
cfn=(462)
calls=1 49 
* 6 3 0 1 0 0 1
cob=(4)
cfi=(143)
cfn=(458)
calls=1 26 
* 9 4 0 1 0 0 1
cob=(4)
cfi=(142)
cfn=(454)
calls=1 35 
* 8 4 0 2 0 0 2
cob=(4)
cfi=(141)
cfn=(450)
calls=1 27 
* 9 4 0 2 0 0 2
cob=(4)
cfi=(140)
cfn=(446)
calls=1 27 
* 9 4 0 2 0 0 2
cob=(4)
cfi=(138)
cfn=(442)
calls=1 27 
* 8 4 0 1 0 0 1
cob=(4)
cfi=(137)
cfn=(438)
calls=1 30 
* 9 4 0 1 0 0 1
cob=(4)
cfi=(136)
cfn=(434)
calls=1 26 
* 9 4 0 2 0 0 2
cob=(4)
cfi=(135)
cfn=(430)
calls=1 27 
* 9 4 0 1 0 0 1
cob=(4)
cfi=(134)
cfn=(426)
calls=1 34 
* 9 4 0 2 0 0 2
cob=(4)
cfi=(133)
cfn=(422)
calls=1 27 
* 9 4 0 2 0 0 2
cob=(4)
cfi=(131)
cfn=(418)
calls=1 27 
* 9 4 0 2 0 0 2
cob=(4)
cfi=(129)
cfn=(414)
calls=1 26 
* 9 4 0 2 0 0 2
cob=(3)
cfi=(128)
cfn=(408)
calls=1 31 
* 23 4 0 2 0 0 2
cob=(3)
cfi=(127)
cfn=(406)
calls=1 31 
* 7 3 0 1 0 0 1
cob=(3)
cfi=(126)
cfn=(402)
calls=1 33 
* 22 4 0 3 0 0 3
cob=(3)
cfi=(125)
cfn=(400)
calls=1 29 
* 7 3 0 1 0 0 1
cob=(3)
cfi=(123)
cfn=(396)
calls=1 29 
* 23 4 0 3 0 0 3
cob=(3)
cfi=(122)
cfn=(392)
calls=1 33 
* 17 4 0 2 0 0 2
cob=(3)
cfi=(120)
cfn=(388)
calls=1 29 
* 22 5 0 3 0 0 3
cob=(3)
cfi=(119)
cfn=(384)
calls=1 29 
* 17 4 0 2 0 0 2
cob=(3)
cfi=(118)
cfn=(380)
calls=1 29 
* 21 4 0 2 0 0 2
cob=(3)
cfi=(117)
cfn=(378)
calls=1 31 
* 7 3 0 1 0 0 1
cob=(3)
cfi=(116)
cfn=(374)
calls=1 29 
* 17 4 0 2 0 0 2
cob=(3)
cfi=(115)
cfn=(370)
calls=1 31 
* 21 4 0 2 0 0 2
cob=(3)
cfi=(114)
cfn=(366)
calls=1 29 
* 21 4 0 3 0 0 3
cob=(3)
cfi=(112)
cfn=(362)
calls=2 31 
* 38 8 0 2 0 0 2
cob=(3)
cfi=(110)
cfn=(358)
calls=1 29 
* 22 5 0 3 0 0 3
cob=(3)
cfi=(109)
cfn=(356)
calls=1 31 
* 7 3 0 2 0 0 2
cob=(3)
cfi=(108)
cfn=(352)
calls=1 29 
* 17 4 0 2 0 0 2
cob=(3)
cfi=(107)
cfn=(350)
calls=1 43 
* 7 3 0 1 0 0 1
cob=(3)
cfi=(106)
cfn=(348)
calls=1 29 
* 7 3 0 2 0 0 2
cob=(3)
cfi=(105)
cfn=(346)
calls=1 31 
* 7 3 0 1 0 0 1
cob=(3)
cfi=(104)
cfn=(344)
calls=1 66 
* 17 4 0 3 0 0 3
cob=(3)
cfi=(102)
cfn=(340)
calls=2 31 
* 46 8 0 3 0 0 3
cob=(3)
cfi=(100)
cfn=(336)
calls=1 31 
* 17 4 0 3 0 0 3
cob=(3)
cfi=(99)
cfn=(332)
calls=1 30 
* 21 4 0 2 0 0 2
cob=(3)
cfi=(98)
cfn=(328)
calls=2 29 
* 44 8 0 4 0 0 4
cob=(3)
cfi=(97)
cfn=(324)
calls=1 28 
* 21 4 0 2 0 0 2
cob=(3)
cfi=(96)
cfn=(322)
calls=1 61 
* 19 4 0 2 0 0 2
cob=(3)
cfi=(94)
cfn=(318)
calls=2 31 
* 42 8 0 3 0 0 3
cob=(3)
cfi=(92)
cfn=(314)
calls=1 29 
* 22 4 0 3 0 0 3
cob=(3)
cfi=(91)
cfn=(310)
calls=1 29 
* 19 4 0 2 0 0 2
cob=(3)
cfi=(89)
cfn=(306)
calls=1 29 
* 24 4 0 2 0 0 2
cob=(3)
cfi=(87)
cfn=(302)
calls=1 29 
* 19 4 0 2 0 0 2
cob=(3)
cfi=(86)
cfn=(300)
calls=1 65 
* 17 4 0 3 0 0 3
cob=(3)
cfi=(85)
cfn=(298)
calls=1 29 
* 7 3 0 2 1 0 2
cob=(3)
cfi=(83)
cfn=(294)
calls=2 31 
* 42 8 0 3 1 0 3
-36 57
+37 57 0 57 0 0 1 0 0 1
fi=(5)
77 173
fe=(78)
288 56 28 14 2 0 1 2
+3 42 14
+24 7 0 7
+3 14 7
+17 21 7 0 0 5
+2 56 49 0 0 2
-98 14 7 0 1 6 0 1
+3 2
+7 4 1 1 1 0 0 1
-9 2
fi=(5)
86 20 20 0 1 0 0 1
+2 20
+12 10
-14 40 10 10 0 1
+14 20 0 0 1 0 0 1
+10 16
+3 22
+1 6 6 0 0 5 0 0 2
fi=(6)
529 6 6
fi=(5)
114 6
fi=(6)
529 12
fi=(5)
114 2101 2101 0 0 263 0 0 263
fi=(6)
529 2101 2101 0 0 263 0 0 263
fi=(5)
114 2101
fi=(6)
529 4202
+5 4214
+1 2107 2107 0 0 263 0 0 263
fi=(5)
113 2107
fi=(6)
535 2107
-5 2107 0 2107 1 0 476 1 0 467
fi=(5)
113 4214
+7 40 10 10 0 7
+4 32 16 8 0 1
+2 16 8 0 1 0 0 1
-73 6 0 6
fi=(6)
484 6
fi=(5)
52 6 0 6
fi=(6)
484 12 0 6
fi=(5)
128 12 12 0 0 1
+1 6 6
+1 6 6 0 1 0 0 1
-2 6
+2 6 6
+3 6
-5 6
+2 6 0 6
-2 6 6 0 0 6 0 0 3
+1 12
+2 6
-2 6 0 6
+2 18 6 0 0 2
+2 12 0 0 1 0 0 1
-5 6866 6866 0 0 861 0 0 859
+1 3433 3433
+1 3433 3433
-2 3433
+2 3433 3433
+3 3433
-5 3433
+2 3433 0 3433
-2 3433 3433 0 0 955 0 0 239
+1 6866
+2 3433
-2 3433 0 3433
+2 10299 3433
+2 6866
+9 3437 0 3437
fi=(6)
262 6874
+21 6874
+4 6874
+7 13748 3437 0 0 1685 0 0 1337
fi=(4) ./elf/../sysdeps/generic/ldsodefs.h
138 10260 3420
fi=(6)
294 100658 16272 12792 3 64 1 3 3
cfi=(79)
cfn=(280)
calls=2132 840 
* 1721680 400176 148128 92 5342 55 90 2772 40
* 19188 8528 2132 1 0 2 1
+2 10260
+30 20618 3437 0 0 4 0 0 2
450 10239 6826 3413 1 426 1109 1 425 436
fi=(5)
145 10285 3413
-19 10317 3439
+32 30 12 0 1 0 0 1
+1 6 2
fi=(6)
294 2 0 2
+22 2
-22 4
fi=(5)
160 6 2 0 1 0 0 1
+3 2 2
+4 2 2
-4 2
+4 4 2 2
-2 2 2
-2 2 2
+2 2
+1 2 2
-1 4 0 2
fi=(6)
294 8 2 0 1 1 0 1
508 2 2 0 1 0 0 1
-1 4 4
+1 4
+1 2 0 2
cfi=(15)
cfn=(508) __x86_cpu_features
calls=1 71 
* 6 2 0 1 1
cob=(3)
cfi=(81)
cfn=(290)
calls=1 86 
* 28 9 8 3 2 3 3 0 3
+1 2 2
fi=(5)
159 2
fi=(6)
510 2 0 2
fi=(5)
159 8 0 0 1 0 0 1
-14 3 1
+1 168 56 0 1 0 0 1
fi=(6)
360 6 0 0 1 0 0 1
+1 9 6 3 0 2 1 0 0 1
fi=(5)
145 6 3
fi=(6)
490 3 1 0 1 0 0 1
+5 2 2
-1 3 1 1 1 0 0 1
+1 2
-1 1 0 1
cfi=(29)
cfn=(80)
calls=1 212 
* 71 18 17 3 5 5 3 5 5
+2 4 3
+1 1
-75 54 18 0 1 0 0 1
+4 72 18 0 0 1
+5 18 18
+9 18 18
-9 36 18 0 0 2 0 0 2
+9 18 0 18 0 0 6 0 0 6
fi=(5)
145 36 18 0 1 0 0 1
fi=(6)
368 6 2
+11 2 2
-9 4 4 0 0 1 0 0 1
+9 2 0 2 0 0 1
fi=(5)
145 38 2 0 1 0 0 1
fi=(6)
296 3476 3442 0 1 3 0 1
+3 3425
-3 3425 3425
+3 6850
+2 10 2
+3 4
+1 6 2 0 1 0 0 1
+11 4 0 4 1 0 0 1
+7 2 0 2
cob=(3)
cfi=(147)
cfn=(484)
calls=1 38 
* 7 3 0 2 1 0 2
cob=(3)
cfi=(118)
cfn=(380)
calls=1 29 
* 21 4 0 0 3
* 6 4
+3 4
fi=(5)
135 10 2 4 1 0 0 1
+3 2
fi=(6)
296 3408 3408 0 1 0 0 1
+3 3408 3408
-3 6832 6
+3 4 0 0 1 0 0 1
fi=(5)
50 14 7 0 1 0 0 1
fe=(78)
308 3218 0 0 1 0 0 1
fi=(6)
-14 9654 4183 2576 1 0 0 1
fe=(78)
+49 35 21 0 2 0 0 2
+3 7
-3 7
+3 7
+4 14
+1 28 0 7
cfi=(71)
cfn=(234)
calls=7 117 
* 42 7
* 14
fi=(6)
-57 12 4 0 1 0 0 1
fe=(78)
-6 6 0 2
fi=(5)
53 2 0 2 1 0 0 1
175 7 2 1
+2 2 2
+1 2 2
-1 1
+3 1
-3 4 0 1 1 0 0 1
+3 2
-3 10 10 0 0 1 0 0 1
+1 10 10
-1 5
+3 5
-3 20 0 5
+3 10
+8 6 0 6
fi=(6)
+74 12
+21 12
+4 12
+7 24 6 0 1 2 0 1 2
fi=(4)
138 18 6
fi=(6)
294 204 36 36 2 1 0 2
cfi=(79)
cfn=(280)
calls=6 840 
* 4121 1111 423 0 53 0 0 11
* 54 24 6 1 0 0 1
+2 18
+30 36 6 0 0 1 0 0 1
450 12 6 6 1 1 1 1 1 1
fi=(5)
191 18 6
-16 18 6
+30 4 1
fi=(6)
+91 3 3 0 1 0 0 1
+3 3
-3 3 3
+3 6
-3 3 3 0 1 0 0 1
+3 3 3
-3 6
fe=(78)

fl=(153)
fn=(506)
74 30 0 18 2 0 0 2
+2 3 3
-2 3 0 3
+4 3 3
-4 3 0 3
+2 3
+2 9
+37 3
-37 9 6 0 0 3
+1 6 0 0 1 0 0 1
+2 12 3 3
+3 25 5 0 0 4 0 0 3
-52 3 3
+54 6 3
-54 3
+54 3
-54 9 6 0 1 0 0 1
+1 9
+2 6 3 0 0 3 0 0 3
+1 6 3
+12 12 3 6
+3 3 3 0 1 0 0 1
+2 3
-2 3 3
+2 9 3 3
cfi=(32)
cfn=(90)
calls=3 +55 
* 207 27 0 0 8 0 0 8
* 6
+4 6 6
+1 3 3
-1 3 3 0 0 2 0 0 1
+1 18 6 0 1 0 0 1
+1 9 6 3
cfi=(32)
cfn=(90)
calls=3 +49 
* 75 21
* 6
+57 27 21
-23 6 0 0 1 0 0 1

fl=(154) ./elf/./elf/dl-call-libc-early-init.c
fn=(510) _dl_call_libc_early_init
27 1 0 0 1 0 0 1
+2 2
-2 1 0 1
+6 3
-6 1 0 1
+6 3
-6 1
+6 1 0 1 1 0 0 1
cfi=(153)
cfn=(506)
calls=1 +41 
* 177 47 13 0 6 0 0 5
+4 2
+2 4 3
+2 1
-1 1
+1 2 2
-1 1
cob=(3)
cfi=(155)
cfn=(512)
calls=1 -7 
* 1240 380 176 27 31 17 27 5 6

fl=(160)
fn=(528)
67 123 0 0 2 0 0 1
+5 123 0 123
+3 123
+2 123
+10 123 123 0 0 3
+6 123 0 123 0 0 3 0 0 1
+1 123 0 123
+1 123 0 123 2 0 0 1
+1 123 0 123
+1 123 0 123
+1 123 0 123
+1 123 0 123
+4 123
+1 123
+3 123 0 123 0 0 4
+1 123 0 123
+2 123 0 123
+1 123 0 123
+1 123 0 123 2 0 0 1
+1 123 0 123
+1 123 0 123
+1 123 0 123
+2 123 0 4182 0 0 24 0 0 2
+7 123 123
+1 123 123
+1 123 0 123 0 0 3
cfi=(161)
cfn=(530)
calls=123 -80 
* 111897 27963 9920 92 1174 59 8 229
+1 123
+5 123
+1 123
+1 123 4428
+2 123 123 0 2 0 0 1
+1 123 123
+1 123 123
+1 123 123
+1 123 123
+1 123 123
+1 123 123
+2 123
+2 123 123
+4 123
+2 123

fl=(12)
fn=(22)
281 2 0 0 1 0 0 1
+1 4 0 1
cfi=(10)
cfn=(24)
calls=1 405 
* 20 4 1 3 1 0 3 1
+2 3 1
-1 1 0 1
+2 2 1

fn=(248) dfs_traversal.part.0
140 112 0 56 2 0 0 1
+10 14 14 0 0 2
-2 14 0 14 2 0 0 1
+2 28
+2 44 11 0 0 6
+3 66 33
-3 132 33
+9 28
+15 42 14 14
+1 14 0 14
+1 84 70 0 1 0 0 1
-17 21 7 0 1

fn=(246)
290 20 0 12 4 0 0 1
+8 2 2 0 0 1
-8 2 0 2
+8 4
+4 16 14 0 2 0 0 1
-79 4 0 0 2 0 0 1
-37 2
+37 2
-36 8
+1 2 2
-1 2
+1 2 0 2
-1 4
+1 12 12
-1 12
+1 12 0 12
-1 24
+36 30 0 2 4 0 0 2
+8 6
-3 2
+2 2 0 2
+1 2
-8 2
+5 2 0 2
+3 8
+2 36
+2 14 14 0 2 0 0 1
-90 70 14 14
cfn=(248)
calls=14 -5 
* 599 182 98 6 8 0 3
+93 28 14
+18 4 2
+13 2 0 0 2 0 0 1
+33 2 0 0 2 0 0 1
-26 8 0 2 2 0 0 1
cfi=(29)
cfn=(80)
calls=2 -64 
* 38 10 8 4
* 2

fl=(10)
fn=(54) __GI___tunable_set_val
157 15 0 0 1 0 0 1
-55 5
+55 5
-55 5
+55 5
-55 35 5 0 1 0 0 1
+9 5 5
+1 5 5
fi=(271) ./elf/./dl-tunable-types.h
-22 10
fe=(10)
+22 20 5
+1 40 10 0 1 0 0 1
fi=(11) ./elf/./elf/dl-tunables.h
+8 10
+1 5
fe=(10)
-6 15
fi=(11)
+15 5
fe=(10)
-12 10
+4 10
+7 10 0 0 1 0 0 1
+1 10
+3 30 0 5
+1 5 0 5
+1 5 0 5
+1 5 0 5
+24 5 5
fi=(11)
-30 15 0 0 1 0 0 1
fe=(10)

fn=(18)
282 9 0 6 2 0 1 2 0 1
-9 7 1
71 104 34
+6 33 33 0 0 11 0 0 11
-3 33
+3 2270 296 0 1 4 0 1 4
-3 33
-3 66
357 8 7
81 66 0 0 1 0 0 1
+5 99
fi=(11)
+54 33
fe=(10)
-54 33
fi=(11)
+54 33
+1 86
-1 70 20 0 0 1 0 0 1
+1 20
-1 33 33
+1 66 0 0 1 0 0 1
fe=(10)
323 132 33
-18 4620
+6 7260 2310 0 1 35 0 1 35
fi=(11)
140 297 297
+1 594
-1 19 19
+1 76
-1 95 19
fe=(10)

fn=(24)
405 36 0 0 1 0 0 1
+3 252 36 0 1 28 0 1 17
+9 36 36 0 0 3
-9 138
+9 10 0 10
+17 180 36 0 0 7
+2 36 36 0 1 0 0 1
-9 26 0 26
+1 26

fl=(19) ./elf/../sysdeps/x86/dl-cacheinfo.h
fn=(48) intel_check_word.constprop.0
123 78 0 0 1 0 0 1
-4 78 0 52
+10 104
-10 26 0 26
+10 52
+2 52 0 0 1 0 0 1
+71 200 50
-71 102
+2 63 0 0 1 0 0 1
+2 126
+8 126
+51 102
+22 51
fi=(20) ./elf/../bits/stdlib-bsearch.h
28 51
-1 102
+4 102 0 0 1 0 0 1
+1 51
fe=(19)
+78 102 51 0 0 1 0 0 1
fi=(20)
-79 76
+1 38
fe=(19)
+78 76 38 0 0 2 0 0 2
+3 345
fi=(20)
-84 820
+2 512
+1 256
fe=(19)
+78 512 256 0 0 5 0 0 5
+15 15
246 104 104
fi=(20)
37 63 0 0 1 0 0 1
-8 151
fe=(19)
155 36
+3 36
-6 54 0 0 1 0 0 1
+3 14
+9 14
+23 19
-32 57
+3 57
+4 50
+2 100
+2 50
+2 36
+4 11 0 0 1 0 0 1
+2 22
+6 14
+3 8
+1 12
-8 4 0 0 1 0 0 1
+2 4
-1 4
-1 4
+2 8 0 0 1 0 0 1
-2 4
+3 12
-2 12
+2 8
-10 24
+1 10
+11 12 0 0 1 0 0 1
-26 4 0 0 1 0 0 1
+9 4
+23 2
-32 6
+3 6
+4 8
+2 16
+2 8
-11 3 0 0 1 0 0 1
+7 6
+2 12

fn=(46) handle_intel.constprop.0
255 24 12 0 1 0 0 1
-5 24 0 24
+16 12
-16 72 0 48
+13 12 0 12
+1 36 0 12 1 0 0 1
-3 24 0 12
+11 60 0 12
+5 24
+2 12
+1 12
-1 12 0 12
+5 48 0 12 1 0 1 1 0 1
cfn=(48)
calls=12 123 
* 3876 396 36 5 6 0 5 6
+2 24
+3 60 0 12
cfn=(48)
calls=12 123 
* 1156 72 36 7 0 0 7
+2 24
+3 5 0 1
cfn=(48)
calls=1 123 
* 20 4 3
+2 2
+3 5 1 1
cfn=(48)
calls=1 123 
* 255 27 3 0 2 0 0 2
+2 2
-35 3 1
+39 3
+5 96 84 0 1 0 0 1

fn=(52) get_common_cache_info.constprop.0
481 1 0 1 1 0 0 1
+17 1 1
-17 4 0 1
+16 1 1
-16 1 0 1
+15 1 1
-15 3 0 3
+18 1 1
-1 1 0 1
+9 2 1 1
+3 3 0 1 1 0 0 1
+11 1
-11 1 0 1
-5 1 0 1
+21 3 1
+4 2
681 4 0 0 1 0 0 1
+1 5
+4 2 1
+9 2 2
-2 1 0 1
+2 2 2
-1 1 0 1
+1 3 3
535 6 1 1 1 0 0 1
+3 8 0 0 1 0 0 1
+7 2
-7 9
+7 6
+3 26
+14 2
+4 1
+3 1
+1 1
-4 2
+3 3 0 1
+6 2
-37 6 0 0 1 0 0 1
+15 2 0 0 1 0 0 1
+4 1
+1 1
-1 2
+18 2
-68 6 2 1 1 0 0 1
+74 4
+8 7 1
+2 2
+4 3 0 0 1 0 0 1
+2 1
+2 5 1
-4 1
+16 1
-16 3
+21 2
-21 4
+3 1
+1 4
-4 1
+6 4 0 0 1 0 0 1
+3 2
+5 1
+2 2
+1 1
+1 1 0 0 1 0 0 1
-2 2
+1 1
-19 5
+46 2
+1 1
+1 2
+2 2 1
-1 3
-23 2 0 0 1 0 0 1
+7 1
+2 2
-16 1
+22 1
-6 2
+1 1
+5 1 0 0 1 0 0 1

fl=(45) ./string/./string/strdup.c
fn=(140) strdup
40 30 0 12 1 0 0 1
+1 6 0 6
cfi=(22)
cfn=(60)
calls=6 * 
* 192 27 0 2 0 0 2
* 6
fi=(272) ./string/../include/rtld-malloc.h
+15 12 6 6
cfi=(27)
cfn=(76) __minimal_malloc
calls=6 -21 
* 150 30 30
fe=(45)
-12 12
+4 6
-1 18
+1 12 12
-1 6
cfi=(29)
cfn=(80)
calls=6 212 
* 90 24 18 0 0 5 0 0 5

fl=(16) ./elf/../sysdeps/x86/cpu-features.c
fn=(36) get_common_indices.constprop.0
325 1 0 1 1 0 0 1
+4 4
+3 3 0 1
+5 2
-5 1 0 1 1 0 0 1
+5 1
-5 1 0 1
+4 1 0 1
+1 1 0 1
+1 4 0 1
+1 4 0 1
+1 3 0 1
+1 2 1
+7 2 1 0 1 0 0 1
+2 5
+5 1
-5 1 0 1 0 0 1 0 0 1
+5 1
-5 1 0 1
+5 1
-5 2 0 2
+5 1
+7 1 1 0 1 0 0 1
-7 4 0 4 0 0 1 0 0 1
+7 1
+1 3
+6 1 1
-6 4 0 4 1 0 1 1 0 1
+6 1
fi=(17) ./elf/../sysdeps/unix/sysv/linux/x86/dl-minsigstacksize.h
24 2 1 0 1 0 0 1
+3 2 1
+1 2 1
+37 3
+7 1
+2 1 0 1 1 0 0 1
fe=(16)
384 2 2

fn=(34) init_cpu_features.constprop.0
399 1 0 1 1 0 0 1
+16 1
-16 6 0 5 1 0 0 1
+3 1 0 1 0 0 1 0 0 1
+1 1 0 1
+1 1 0 1
+11 2 0 1
+3 6 0 0 1 0 0 1
593 1 0 0 1 0 0 1
+94 5 1 0 1 0 0 1
+1 1 0 1
+3 2
+1 1 0 1
+6 1 0 1
+3 1 0 1
fi=(19)
+5 1 0 1
+2 1 0 1 1 0 0 1
fe=(16)
-9 1 0 1
fi=(19)
+23 2
840 1 1 0 1 0 0 1
+46 1 1
-46 17 9 6 2 0 2 2 0 2
+45 2 1
+25 2 1 0 1 0 0 1
+21 2
-21 2
+13 3 1
+8 1
-8 1 0 1
+8 1 0 1
cfi=(10)
cfn=(24)
calls=1 405 
* 21 4 1 0 1 0 0 1
* 1 1
+2 2 0 0 1 0 0 1
+3 4 0 1
cfi=(10)
cfn=(24)
calls=1 405 
* 21 4 1 0 1 0 0 1
* 1 1
+2 1 1
+3 2
-3 2
+3 1
-3 1 0 1
+3 1 0 1 1 0 0 1
cfi=(10)
cfn=(24)
calls=1 405 
* 21 4 1 0 1 0 0 1
* 1 1
+1 5 0 1
+16 2 0 1
-12 5 0 2 1 0 0 1
cfi=(10)
cfn=(24)
calls=1 405 
* 21 4 1
* 1 1
+1 3 1
+23 1
-17 5 1 1
+3 3 0 1 1 0 0 1
-3 1 0 1
cfi=(10)
cfn=(24)
calls=1 405 
* 21 4 1
+3 3 1
-3 2 2
+3 9 0 5 1 0 0 1
cfi=(10)
cfn=(54)
calls=1 157 
* 58 7 4 5 0 0 5
+1 9 1 4 1 0 0 1
cfi=(10)
cfn=(54)
calls=1 157 
* 58 7 4
+1 10 1 4 1 0 0 1
cfi=(10)
cfn=(54)
calls=1 157 
* 58 7 4
+3 8 0 4
cfi=(10)
cfn=(54)
calls=1 157 
* 58 7 4
+2 8 0 4 1 0 0 1
cfi=(10)
cfn=(54)
calls=1 157 
* 58 7 4
+4 1 1
fe=(16)
706 1
fi=(19)
967 2 2 0 1 0 0 1
fe=(16)
706 2
fi=(19)
967 4 1 3
fe=(16)
706 1 0 1
cfi=(10)
cfn=(24)
calls=1 405 
* 19 4 1 0 1 0 0 1
+4 3 1 0 1 0 0 1
+14 1 1
-1 2
+1 3
+47 1 1 0 1 0 0 1
-1 1 0 1
+1 1
+46 4 0 1 1 0 0 1
cfi=(10)
cfn=(24)
calls=1 405 
* 19 4 1
+2 4 0 1
cfi=(10)
cfn=(24)
calls=1 405 
* 19 4 1 0 1 0 0 1
fi=(21) ./elf/../sysdeps/unix/sysv/linux/x86/cpu-features.c
27 6
fe=(16)
829 2 0 1 1 0 0 1
+45 8 7
fi=(19)
+19 11 0 0 2 0 0 2
fe=(16)
775 3 1 0 1 0 0 1
+27 2 0 1
-10 2 0 0 1 0 0 1
+1 2
+2 3 0 0 1 0 0 1
+1 2 1
+2 3
+1 2
fi=(19)
-75 3 0 2 1 0 0 1
cfn=(46)
calls=1 255 
* 437 47 19 13 6 1 13 6 1
+1 1
-1 2 0 1 0 0 1 0 0 1
+1 1 0 1
cfn=(46)
calls=1 255 
* 478 47 19 1 0 0 1
+1 1
-1 1
+1 1 0 1
cfn=(46)
calls=1 255 
* 503 47 19
+3 1
-3 2 0 1 1 0 0 1
+3 1 0 1
cfn=(46)
calls=1 255 
* 459 47 19 1 0 0 1
+2 1
-2 1 0 1
+2 1 0 1
cfn=(46)
calls=1 255 
* 451 47 19
+3 1
-2 1 0 1
-1 1 0 1
+3 1 0 1
cfn=(46)
calls=1 255 
* 428 47 19 1 0 0 1
+2 1
-2 1 0 1
+2 1 0 1
cfn=(46)
calls=1 255 
* 429 47 19
+3 1 0 0 1 0 0 1
-2 1 0 1
-1 1 0 1
+3 1 0 1
cfn=(46)
calls=1 255 
* 469 47 19
+2 1
-2 1 0 1
+2 1 0 1
cfn=(46)
calls=1 255 
* 470 47 19
+3 1
-3 1 0 1
+3 1 0 1
cfn=(46)
calls=1 255 
* 494 47 19
+2 1
-2 1 0 1
+2 1 0 1
cfn=(46)
calls=1 255 
* 495 47 19
+2 1 0 0 1 0 0 1
-2 1
+2 1 0 1
cfn=(46)
calls=1 255 
* 790 80 27 0 2 0 0 2
+2 3
-2 1 0 1
+2 1 0 1
cfn=(52)
calls=1 481 
* 215 20 16 13 0 0 13
863 15 2 1 1 0 0 1
fe=(16)
424 6 0 1 2 0 1 2 0 1
cfn=(36)
calls=1 -99 
* 71 9 22 7 0 3 7 0 3
303 3
+1 2
+1 6 0 4 1 0 0 1
+5 2
+1 6 0 4
+5 2
+1 6 0 4 1 0 0 1
429 1 0 1
cfn=(40) update_active.constprop.0
calls=1 43 
* 194 35 30 16 1 3 16 1 3
+2 1 1
+2 1 1
+83 1 1
-85 2
564 2 1 0 1 0 0 1
+7 2 1
+2 1 0 1
+4 2 1
+6 2 1
422 2
-3 1 0 0 1 0 0 1
+14 3 1 1 1 0 0 1
+1 4 0 0 1 0 0 1
+69 1 0 1
+10 11 1 0 1 1 0 1 1
+42 1 0 1
+1 1
434 11 0 0 1 0 0 1
+55 3 1 0 1 0 0 1

fn=(40)
43 7 0 6 1 0 1 1 0 1
+45 1 1
-41 1 1
+28 1 1
-18 1 1
+31 1 0 1 0 0 1 0 0 1
+4 1 0 0 1 0 0 1
-36 1
-1 1
+37 1 1
-26 1 1
-11 1
+1 1
+36 2 0 1
+1 1 1
-17 1
-21 1 1
+25 1
-4 1
-11 1 0 0 1 0 0 1
+28 1
-1 1
-36 1
+18 1
+19 1 1
-13 1
-4 1 0 1
-11 1
+19 1 1
+11 1 1
-3 1
-12 1
+14 1 1 0 1 0 0 1
-29 1 1
+18 1
+9 1
-18 1
+13 1
-13 1 1
-9 1 0 1
+29 2 0 1
+3 1
-14 1
-9 1 0 1 1 0 0 1
+9 1 1
+4 1
+10 1
-17 1 0 1
+7 1 1
+5 1 0 1
+5 1 1
+1 1 1 0 0 1 0 0 1
-1 1 0 1
+1 2 0 1 1 0 0 1
+2 2
+1 4 0 1
+3 1
+1 1
-1 1
+1 1
-1 1
+1 1
-1 1 0 1
+1 1 0 1 1 0 0 1
+4 2
+4 2
+2 4
+83 3
+12 2 0 1
+1 1 1
+3 3 1 0 1 0 0 1
+4 1 1
-4 1 0 1
+4 1
+67 3 1
+4 3 1
fi=(18)
31 1 0 0 1 0 0 1
-3 1
+3 1
-1 2
fe=(16)
296 1 0 1
+1 8 7
-75 3 0 0 1 0 0 1
+1 2
+3 1
-1 1
+9 1
-5 1
+2 1 0 1
-2 1 0 1
+5 1
fi=(18)
32 3
+4 3
fe=(16)
+83 2 0 0 1 0 0 1
+2 1
+3 2 0 0 1 0 0 1
+10 1
+10 1
-10 1
+10 1
-10 1
+6 1
+4 1 0 1
-4 1
-6 1 0 1
+6 1
+2 1 1
-2 1 0 1
+2 3 1 1 1 0 0 1
+7 4
fi=(18)
39 3 1 0 1 0 0 1
+1 4 1
+5 1 0 0 1 0 0 1
-7 1
+7 3
+2 1
+1 2
+1 3 1
+2 4 0 0 1 0 0 1
+1 2
+1 2
+6 1
-4 1
+4 1
-3 2
fe=(16)
+75 1 0 1 0 0 1 0 0 1
-5 2 0 1
+4 1

fl=(41) ./elf/./elf/dl-hwcaps_split.c
fn=(120) _dl_hwcaps_contains
66 6 0 0 1 0 0 1
+1 12
+1 6
+9 6 6

fn=(122) _dl_hwcaps_split
25 4 0 2 1 0 0 1
+1 3 1
+21 1 0 0 1 0 0 1
-20 1
+20 3 3

fn=(116) _dl_hwcaps_split_masked
51 55 0 22 1 0 0 1
-25 42 14
+4 24 12 12
+4 48 12 0 1 1 0 1 1
+1 12 0 6
-1 24 6
+2 24
+5 27 0 9
cfi=(42)
cfn=(118)
calls=9 -18 
* 216 27 0 2 1 0 2 1
+1 18
+3 6
+11 12 6 6
+1 12
+1 6
-1 6 0 6
+1 6
-2 6 3 3
+1 6
+1 3
-1 3 0 3
+1 27 6 6
cfn=(120)
calls=6 +8 
* 30 6 0 1 0 0 1
* 12
-3 5 0 0 1 0 0 1
+7 44 33
-19 6 0 3
cfi=(22)
cfn=(60)
calls=3 -2 
* 51 6
* 3

fl=(66)
fn=(214)
61 36 0 12
+7 12 12
-4 24 24
+1 12 12
-1 96 24 12 1 0 1 1 0 1
cfi=(31) ./elf/./elf/dl-load.c
cfn=(172) _dl_map_object
calls=12 2022 
* 26492 5385 2379 106 176 176 106 176 176
* 12 0 12
+5 24 24

fn=(210) _dl_map_object_deps
159 5 0 1 1 0 0 1
+1 3
-1 1
+1 1
-1 2 0 2
+1 1
-1 3 0 1
+1 1
-1 4 0 3 1 0 1 1 0 1
+1 12 0 1 1 0 0 1
-8 1 1
-7 1
+15 1
-14 1
+6 1
+8 1 0 1
-15 1
+7 1
-8 1 0 1 1 0 1 1 0 1
+1 1
+7 1 0 1
-7 1 0 1
+31 3
-28 3 0 1
-2 1
+31 1 1
-33 2 0 1
+2 2 0 0 1 0 0 1
+30 2
-30 1
-1 4 0 1
+7 4 1 1
+24 2
-32 1
+60 1 1 0 1 0 0 1
-60 2 0 1 0 0 1 0 0 1
+36 1 0 1
fi=(74) ./elf/../include/scratch_buffer.h
77 3 0 2 0 0 1 0 0 1
fe=(66)
198 1 1
fi=(74)
78 1 0 1
fe=(66)
200 2 0 2 1 0 0 1
+98 1 0 1
198 1 0 1
+4 1
+7 1 0 1
+4 4 1 1
-4 6 0 6
+4 24 6 6
+11 18 9 0 1 1 0 1
-18 2
+18 4 2
433 21 7
+2 5
+3 5 0 0 1 0 0 1
-3 10 0 5
+3 5
fi=(28)
56 5 5 5
cfi=(27)
cfn=(76)
calls=5 -21 
* 125 25 25
* 5
fe=(66)
439 10
+6 5 0 5 0 0 1 0 0 1
+1 25 5 5
cfi=(29)
cfn=(80)
calls=5 212 
* 63 17 12
+1 25 0 5
cfi=(29)
cfn=(80)
calls=5 212 
* 63 17 12 0 0 3 0 0 3
+4 5 0 5
-1 5 0 5
+5 28 14 0 1 0 0 1
204 18 12
458 18 6
-1 7 7
+1 14
199 3 1 1
+27 25 15 5 2 0 0 2
+5 5 5
+6 5 5
-5 5 0 5 0 0 1 0 0 1
-1 5 0 5
+2 10 5 5 1 0 0 1
+4 20 10
-31 5
+31 5 0 5
+1 15
+6 20 10 5 1 0 0 1
cfi=(31)
cfn=(212) _dl_dst_count
calls=5 -6 
* 234 48 30 2 4 1 2 4 1
* 28 14 7
cfi=(31)
cfn=(212)
calls=7 -6 
* 342 69 42 1
* 36
+4 24 0 0 1 0 0 1
-2 12 0 12
+2 24 0 12
cob=(2)
cfi=(51)
cfn=(164)
calls=12 0 
* 27440 5637 2679 107 176 180 107 176 180
+1 24 12 0 1 0 0 1
+9 12 12
+2 24 12
+5 25 0 5 1 0 0 1
+6 5 5
+2 5 0 5
-8 10
+3 5 0 5
+1 5 0 5
+1 5 0 5
+1 5 0 5
+4 25 5 10 1 0 0 1
+4 36 12
+1 24 0 8
-43 548 137
+1 264
+44 375 0 0 1 0 0 1
-38 24 0 0 1 0 0 1
fi=(74)
85 3 2 0 1 0 0 1
fe=(66)
464 6 2 0 1 0 0 1
+1 1 0 1
+3 4 1 1
+11 3 1 0 1 0 0 1
fi=(28)
56 1 1 1
cfi=(27)
cfn=(76)
calls=1 -21 
* 25 5 5
* 1
fe=(66)
481 2
+5 3 2
+1 1 0 1
-1 2 0 1
+4 2 0 0 1 0 0 1
-2 1 1
+2 1
-2 2
+13 6 0 6
+5 6 0 6
-16 18 6
-2 6
+6 6 6
+7 6
-2 12
-5 1 1
+7 1
-2 2 0 0 1 0 0 1
+2 2 0 1 0 0 1 0 0 1
+5 1 0 1
-16 6 1 1
+19 2 1
+52 3 1 0 1 0 0 1
+37 3 1 0 1 0 0 1
+15 1
-11 1 1
+11 1
-14 2
+20 1 1 0 1 0 0 1
-1 3
+1 3 1
-1 5 1 1 1 0 0 1
cfi=(12)
cfn=(246)
calls=1 290 
* 460 122 78 13 0 0 12
+5 1 0 1
+3 1 0 1
-1 1 0 1
+2 2
+7 3 1
+3 3 1
+3 8 7
214 46 20 0 2 1 0 2 1
+3 5
fi=(74)
-86 15 0 5
cfi=(73)
cfn=(240)
calls=5 30 
* 100 25 15 3 0 0 3
fe=(66)
+86 10
+4 15 5 5 1 0 0 1
613 2 0 1
cfi=(29)
cfn=(80)
calls=1 212 
* 19 5 4 0 0 1 0 0 1
* 1
-53 2 0 0 1 0 0 1
160 2 0 1 1 0 1 1 0 1
380 12 0 6 1 0 0 1

fl=(72) ./io/../sysdeps/unix/sysv/linux/pread64_nocancel.c
fn=(238) __pread64_nocancel
25 8 0 0 1 0 0 1
+1 16
+1 4 4

fl=(23)
fn=(62)
37 5 0 2
+3 1 1 0 1 0 0 1
+18 2
+4 2
+16 5 3

fl=(59) ./io/../sysdeps/unix/sysv/linux/fstatat64.c
fn=(192) fstatat
153 32 0 0 1 0 0 1
-55 32
+70 39
+1 7 7
-2 18 0 9
+1 18 9

fl=(47) ./elf/../elf/dl-tls.c
fn=(264) _dl_allocate_tls_storage
422 2 0 1 1 0 0 1
+13 1 1
-13 2 0 2
+2 1 1
+12 1
fi=(28)
56 1 1 1
cfi=(27)
cfn=(76)
calls=1 -21 
* 54 9 7
fe=(47)
437 3
+8 2 0 0 1 0 0 1
fi=(28)
44 1
fe=(47)
445 2
+1 1
+4 321 0 313 1 0 39 1 0 39
+19 1 0 1 0 0 1 0 0 1
-99 1 1
+4 1
+1 1
fi=(28)
44 1 1 1
cfi=(27)
cfn=(72)
calls=1 +34 
* 36 6 5
fe=(47)
376 2
+3 1 0 1 0 0 1 0 0 1
+6 2 0 1
+90 5 4

fn=(486) _dl_allocate_tls_init
528 10 0 8 2 0 0 2
+1 2
+4 1 1 0 0 1
+6 1
-6 1 0 1
+6 1 1 1 0 1
cfi=(24) ./elf/../sysdeps/nptl/dl-tls_init_tp.c
cfn=(84) rtld_mutex_dummy
calls=1 42 
* 3 1
+3 3 2 0 0 1
+12 1 1 0 1 0 0 1
-18 1
-1 1 0 1
+43 3
-19 13 2 0 1 1 0 1
+9 6 2
+1 4
+6 6 4
+1 2
+2 4 4 0 1 2 0 1
-2 2
+6 2 2
-4 4
+4 2
-4 4 2 2 0 0 1 0 0 1
+3 4
+4 4
+1 8 4 0 1 1 0 1
+2 4
+1 4 2
+17 2 2
-8 2 0 2
+8 2
+2 6 2 2
cfi=(29)
cfn=(128)
calls=2 199 
* 26 4 2 0 1 1 0 0 1
* 10 0 2
cfi=(44) ./string/../sysdeps/x86_64/multiarch/memset-vec-unaligned-erms.S
cfn=(132) memset
calls=2 125 
* 38 2 10 0 0 2 0 0 2
-49 2 2
+55 2 2
-55 8
+6 6 0 0 1 0 0 1
+55 2 1 1 0 1
cfi=(24)
cfn=(84)
calls=1 42 
* 3 1
+3 2 1 1 1 0 0 1
+3 9 8

fn=(412) _dl_add_to_slotinfo
1015 16 0 8 1 0 0 1
+6 2 2
+3 2 2 0 0 2
+1 2
+4 6 2 0 1 1 0 1
+34 4
+3 6 0 2 0 0 2
+1 6 2 2
+3 12 10

fn=(262) _dl_determine_tlsoffset
221 8 0 6 2 0 0 2
+6 3 1
+3 2 1
+36 3 1
+2 1 1
-2 1
-2 1
-40 1
-1 1
-1 1
+46 2 0 1 1 0 0 1
+23 6
+3 2
-3 8
+2 4
-2 2
-25 2
+20 2 0 2
-20 10 2
+2 4 2 0 1 0 0 1
+3 2 2
-1 2 2
+5 4 2
-5 2
+1 2
-1 2
+3 4 0 0 1 0 0 1
+2 6
+32 3 1 0 1 0 0 1
-1 1 0 1
+1 4
+2 2
-2 2 0 1
+53 8 7 0 1 0 0 1

fn=(148) _dl_count_modids
197 1 0 0 1 0 0 1
+2 2 1
+1 1 1
+15 2 1

fn=(260) _dl_tls_static_surplus_init
97 2 0 1 1 0 0 1
+4 1
-4 2 0 1
+4 1
-4 2 0 1
+4 3 0 1
cfi=(10)
cfn=(24)
calls=1 405 
* 21 4 1 0 2 0 0 1
* 1 1 0 1 0 0 1
+1 4 0 1
cfi=(10)
cfn=(24)
calls=1 405 
* 21 4 1 0 1 0 0 1
* 1
+8 1
-8 1 1
+6 2
+2 3
+3 1
+2 1 0 1
-32 3
+34 3 0 1
+1 5 4

fn=(236) _dl_assign_tls_modid
131 4 0 0 1 0 0 1
+3 2 2
+13 2 2 0 1 0 0 1
-13 2
+52 2
+2 2 0 2
+3 2 0 2
+1 4 2

fl=(58) ./io/../sysdeps/unix/sysv/linux/fstat64.c
fn=(190) fstat
29 12 0 0 1 0 0 1
+1 12
+5 18
cfi=(59)
cfn=(192)
calls=6 153 
* 48 6 0 1 0 0 1

fl=(1) ???
fn=(0) 0x0000000000020290
0 2 0 1 1 0 1 1 0 1
cfi=(2)
cfn=(2) _dl_start
calls=1 527 
0 2206912 523557 190706 1103 11451 2287 1096 7461 1567
0 14 3 2 2 0 0 1
cfi=(163) ./elf/./elf/dl-init.c
cfn=(546) _dl_init
calls=1 77 
0 7404 1772 1294 190 154 79 190 21 55
0 3
cob=(8)
cfi=(179)
cfn=(812)
calls=1 0 
0 1198238875 484012609 105029592 2584 2662544 78333 1301 282 8347

fl=(24)
fn=(266) __tls_init_tp
68 2 0 1
fi=(273) ./elf/../include/list.h
-24 1
fe=(24)
+24 1
fi=(273)
-25 1 1 0 1 1 0 1
fe=(24)
+26 1 1
+3 1
fi=(273)
-29 1 0 1
+1 1 0 1
+1 1 0 1
+2 1 0 1
fe=(24)
+28 4 0 1 1 0 0 1
+1 2 0 1
+1 1 0 1
+5 2 1 1
+5 1
+6 1
-3 1 0 1 1 0 0 1
+3 1
-6 3 0 1
+6 1
+13 3
fi=(76) ./elf/../sysdeps/unix/sysv/linux/rseq-internal.h
-72 1
fe=(24)
+72 1 0 1
cfi=(10)
cfn=(24)
calls=1 405 
* 20 4 1 0 2 0 0 1
fi=(76)
-74 3 1
+2 6 0 0 1 0 0 1
+3 2
+3 1 0 1
fe=(24)
+83 3 2 1
+7 2 1 1 1 0 0 1
+2 1 0 1
+1 1 0 1
+1 3 2

fn=(66) __tls_pre_init_tp
53 3 0 0 1 0 0 1
+3 8 0 2 1 0 1 1 0 1
+5 1
-5 1
+5 1 0 1
+1 1 0 1
-6 1 0 1
+8 1 1

fn=(84)
42 258
+2 516 258

fl=(148) ./elf/./elf/dl-find_object.c
fn=(488) _dl_find_object_init
561 4 0 2 1 0 0 1
+3 1 1 0 1 1 0 1
+2 2 1
+13 1 0 1
cfn=(492) _dlfo_process_initial
calls=1 474 
* 127 32 2 4 2 0 4
+1 1 1
-1 1
+1 1
fi=(28)
56 1 1 1
cfi=(27)
cfn=(76)
calls=1 -21 
* 25 5 5 0 1 1
fe=(148)
580 1 0 1
fi=(28)
56 1
fe=(148)
582 2 0 0 1 0 0 1
+3 2 0 0 1 0 0 1
+5 1 0 1
+1 1 0 1
cfn=(492)
calls=1 474 
* 519 132 32 0 60 4 0 8 4
+3 3 1
+10 4 3
-37 2 0 1 1 0 0 1
cfi=(149) ./elf/./dl-find_object.h
cfn=(490) _dl_find_object_from_map
calls=1 95 
* 68 18 4 3 11 1 3
* 1
+29 2 0 1 1 0 0 1
cfn=(494) _dlfo_sort_mappings
calls=1 -60 
* 248 46 20 2 0 0 2
+3 6 3 1
+2 1

fn=(492)
474 2 0 2
+3 2
-3 2
+1 2 2
+3 4 2
+26 14 2 0 1 1 0 1
+1 6 2
+1 14 14
-1 28
+3 52 12 0 1 0 0 1
+3 48 12
-7 10 2 0 1 0 0 1
+25 2 0 2
+2 8 4
-18 36 12 0 1 1 0 1
+3 12
-1 12 0 6
cfi=(149)
cfn=(490)
calls=6 95 
* 368 100 24 0 60 4 0 8 4
+2 24

fn=(494)
536 1 0 0 1 0 0 1
+1 2
+3 4
+4 1
+1 1
-1 1 1
+1 2
-1 4
+1 4
-1 4 4
+1 18
+1 85 15 0 1 0 0 1
-1 45
+8 15 5
+1 10 5
-1 5 5
-13 10 5
+14 15 5 10
+1 10 0 10
-15 10
+17 1 1

fl=(25) ./elf/./elf/dl-environ.c
fn=(68) _dl_next_ld_env_entry
28 3 0 0 1 0 0 1
+1 3 3
+3 41 34
+13 31
-13 62
+2 66 33
+1 18 9 0 1 0 0 1
+5 2
-3 2
+3 2 0 2
+2 2 2
+7 1 1

fl=(38) ./elf/./elf/dl-hwcaps.c
fn=(108) _dl_important_hwcaps
175 5 0 3 1 0 0 1
+1 1
-1 6 0 4 0 0 1 0 0 1
+1 1
-1 1 0 1 0 0 1 0 0 1
+1 1
-1 1 0 1
+1 1
-1 1 0 1 1 0 0 1
+1 2 0 2 0 0 1 0 0 1
cfi=(10)
cfn=(24)
calls=1 405 
* 21 4 1
* 1 1
+2 2 1 1
+1 3 1
+26 2
-26 1 0 1
+25 1 0 1
cfi=(39)
cfn=(110)
calls=1 29 
* 47 6 0 4 0 0 4
fi=(40) ./elf/./dl-hwcaps.h
54 1 0 1
fe=(38)
205 1 0 0 1 0 0 1
-1 1 0 1
fi=(40)
56 1 0 1
+32 1 0 1
+1 1 0 1
+1 1
fe=(38)
-35 2 0 1 1 0 0 1
cfi=(41)
cfn=(116)
calls=1 -4 
* 13 4 2 2 0 0 2
* 2
fi=(40)
-1 1
+2 2 1 1
-2 1 0 1
+34 2 1 1
+1 2 1 1
+1 1
fe=(38)
-32 2 2
-1 2
+1 2
+1 2
-1 2
-3 4 0 2
cfi=(41)
cfn=(116)
calls=2 -4 
* 114 21 12
* 2 0 1 1 0 0 1
cfi=(41)
cfn=(116)
calls=1 -4 
* 122 20 12 4 2 0 4 2
* 6
+48 5 0 3
fi=(28)
-47 1 1 1
cfi=(27)
cfn=(76)
calls=1 -21 
* 25 5 5
fe=(38)
+47 1 0 1
+2 2 0 0 1 0 0 1
+3 2 2
fi=(40)
-52 1 0 1
fe=(38)
+55 1
-3 1 0 1
fi=(40)
-54 2 1 1
+3 1
fe=(38)
+58 2 0 1 1 0 0 1
cfi=(41)
cfn=(122)
calls=1 -90 
* 12 4 2 2 0 0 2
* 2
fi=(40)
-61 1
+2 2 1 1
-2 1 0 1 1 0 0 1
+34 2 1 1
+1 2 1 1
+1 1
fe=(38)
+40 4 2
+1 2 2
-1 6 2 2
+2 2
+1 2
-2 6 0 2
-3 4 0 2
cfi=(41)
cfn=(116)
calls=2 -77 
* 114 21 12
* 2 0 1 1 0 0 1
cfi=(41)
cfn=(116)
calls=1 -77 
* 122 20 12
* 6
+8 2 1
+9 1 1
-15 1 1
+15 2 0 2
-15 1 0 1 1 0 0 1
+15 8 2
+9 2 2
+4 7 2 1 1 0 0 1
cfi=(43) ./string/../sysdeps/x86_64/memcmp.S
cfn=(124) bcmp
calls=1 22 
* 41 5 0 5 0 0 5
+1 2
+1 1
+4 1 1
+1 2 1
+1 1 0 1
-20 2
+19 1 0 1
+1 1 0 1
-20 2
-1 4 2 1 1 0 0 1
+70 1 1
+1 1 1
+4 1
-5 2 0 1
+1 4 1
+4 2 1
-4 1 0 1 1 0 0 1
+4 4 2
+1 1
-1 1
+1 2
+1 2
-2 5
+1 1
-1 1
+1 2
+1 2
-2 5
+5 1
+3 2 0 1 1 0 0 1
-3 2 0 1
+3 15 0 1 1 0 0 1
+7 1
-7 2 0 1
+2 3 1
+1 4 2 2 1 0 1 1 0 1
+2 1
fi=(274) ./elf/../sysdeps/x86/dl-hwcap.h
57 1
fe=(38)
233 2 0 1
fi=(274)
57 1
fe=(38)
233 2 0 1
fi=(274)
57 1
fe=(38)
233 1 0 1
+1 1 0 1 0 0 1 0 0 1
cfi=(22)
cfn=(60)
calls=1 41 
* 17 2 0 0 1 0 0 1
+1 1
+1 1 1
-6 1
+4 1 0 1
+1 1
-5 1 1
+5 1
+1 1
-1 2
-5 4 0 0 1 0 0 1
+10 3
-2 3 1
+2 1 0 1
+1 1 1 0 1 0 0 1
+1 1
-1 1 0 1
+4 4 1
+1 1 0 1
-1 1 0 1
+4 2 1
+4 1 1
-1 1 1
+1 4 2 1 1 0 0 1
-1 2
+4 3 3
+1 3 1
+19 10 3 3 1 0 1 1 0 1
+6 2
fi=(28)
56 1 1 1 1 0 0 1
cfi=(27)
cfn=(76)
calls=1 -21 
* 25 5 5
* 1 0 1
fe=(38)
283 2
+8 1 1
fi=(40)
54 1 1
+2 1 0 1
+34 1
-2 2 1 1
fe=(38)
-5 1
291 1
fi=(40)
54 1 0 1 1 0 0 1
+35 1 0 1
fe=(38)
291 1
fi=(40)
90 1
fe=(38)
-10 2 0 1 1 0 0 1
cfi=(41)
cfn=(116)
calls=1 -29 
* 13 4 2
* 2
fi=(40)
-26 2 1
+2 1 0 1
fe=(38)
+27 1
fi=(40)
-29 1 0 1
+34 2 1 1 1 0 0 1
+1 2 1 1
+1 1
fe=(38)
-8 2 0 2 0 0 1 0 0 1
+1 4 2
+7 2
-7 10 2 8 0 0 1 0 0 1
cfi=(29)
cfn=(128)
calls=2 199 
* 26 6 4 1 0 0 1
+4 2 0 2
+2 2 2
+2 2
-2 4 0 2
-9 4 0 2
cfi=(41)
cfn=(116)
calls=2 -29 
* 114 21 12
* 2 0 1 1 0 0 1
cfi=(41)
cfn=(116)
calls=1 -29 
* 122 20 12
* 6
304 1 1
+2 1 0 1
-2 1
-48 2 2
+72 1 0 1 1 0 0 1
-72 1
376 2 1
+13 2
-58 1 1
+45 1 0 1
+13 1 0 1
-58 1
-75 1 1
+82 1 1
+10 2 0 1 1 0 0 1
-92 1 0 1
+88 1 1
+4 3 1
-4 1 0 1
+3 7 2 2
-3 2 2 0 1 0 0 1
-3 1
+3 1 0 1
cfi=(29)
cfn=(128)
calls=1 199 
* 18 3 2 0 1 1 0 1 1
* 2 2
-3 1
+3 1 0 1
cfi=(29)
cfn=(128)
calls=1 199 
* 18 3 2
* 2 2
+3 2 2
-3 4 0 2
+3 5
+1 12 0 0 1 0 0 1
+1 2 2
-2 1
+2 1 0 1
cfi=(29)
cfn=(128)
calls=1 199 
* 15 3 2
* 2 0 1
-2 2
+5 8 4 2
cfi=(29)
cfn=(128)
calls=2 199 
* 30 6 4
* 4 0 2
+2 5 1 0 1 0 0 1
+5 6 1
+1 1 0 1
-1 3
+1 7 0 7 0 0 1 0 0 1
-1 25 2 0 1 0 0 1
+5 11 1
+4 1
-1 1
+1 2
-4 12
+4 2
-1 2
+1 13
-1 9
+1 18
+1 24 24 0 1 0 0 1
-1 12
-1 12
+2 24 0 12
-1 24
-1 24
+4 9
+3 1 1
+2 2 1
-1 1 0 0 1 0 0 1
-1 1
+2 1
-2 1
+2 2
-1 1
+1 2
+2 6
+1 2 2
+3 2 0 1
-6 2
+6 3 0 0 1 0 0 1
+7 8 3
+1 1
-1 2 0 1
+3 2
-3 3 3
+1 3
-1 6 0 3
+3 6
+3 4 2
-80 2 1 1
+86 9 8
-20 1 1 0 1 0 0 1
+1 2 0 1
-6 3
259 2 0 0 1 0 0 1
+1 2
+1 4 2 0 1 0 0 1
-1 3 1
+12 4 1
-44 2 0 1 1 0 0 1
+34 4 1 1 1 0 0 1
-2 3 0 0 2 0 0 2

fl=(54)
fn=(174)
68 744 0 248 1 0 0 1
+1 248 124 124 0 0 1 0 0 1
cfi=(32)
cfn=(90)
calls=124 +39 
* 3870 835 0 5 1 0 5 1
* 248
+3 124 124
+2 248
+6 120 120
-6 240
+1 420 140 140 1 0 0 1
cfi=(32)
cfn=(90)
calls=140 +33 
* 5008 939 0 14 2 0 14 2
* 280
+8 20
-13 20
+13 164 60
-1 104
+1 312 312

fn=(224) _dl_sysdep_read_whole_file
36 2 0 1 1 0 0 1
+3 1
-3 6 0 3
+3 1
-3 1
+3 1 0 1
cfi=(55)
cfn=(178)
calls=1 -11 
* 19 1 1
+1 2
+23 7 5
-21 4 0 1 1 0 0 1
cfi=(58)
cfn=(190)
calls=1 -13 
* 15 1
* 2
+2 2 1 1 0 0 1 0 0 1
+3 2
+13 2 0 1
cfi=(64) ./io/../sysdeps/unix/sysv/linux/close_nocancel.c
cfn=(204) __GI___close_nocancel
calls=1 -35 
* 6 1
* 1
-11 6 0 1
cfi=(60)
cfn=(194)
calls=1 -2 
* 9 1
* 2

fn=(482) _dl_higher_prime_number
87 2 0 0 1 0 0 1
+38 2
-1 2
+3 2
+2 80
+1 37 10 0 0 4 0 0 2
-3 24 0 0 1 0 0 1
+18 2 2
+1 2 2
-15 6

fl=(67) ./io/../sysdeps/unix/sysv/linux/stat64.c
fn=(220) stat
28 20 0 0 1 0 0 1
+1 40
cfi=(59)
cfn=(192)
calls=10 153 
* 98 10 9

fl=(43)
fn=(124)
22 1 0 0 1 0 0 1
+5 1
+1 1
+1 1
+1 1
+1 1
+1 1
+1 1
+1 1
+3 1
+1 1
+1 1 1 0 1 0 0 1
+1 1 1
+1 1
+1 1
+1 1
+1 1
+1 1
+2 1
+1 1
+17 1 0 0 1 0 0 1
+1 1
+17 1
+1 1
+1 1 1
+1 1 1
+1 1
+4 1
+47 1 0 0 1 0 0 1
+1 1
+1 1
+1 1
+1 1
+1 1
+1 1 0 0 1 0 0 1
+1 1
+1 1
+1 1
+1 1
+1 1
+1 1 1

fl=(149)
fn=(490)
95 14 7 7 1 3 2 1 0 1
+1 14 7 7 1 1 0 1
+1 7 0 7 0 0 3 0 0 3
+6 35 14 0 0 6
+1 200
+1 138 69 0 1 59 0 1 8
+2 21 14 7 0 2
+5 7 7

fl=(22)
fn=(60)
41 31 0 0 1 0 0 1
+44 31
+1 31
+1 31
+1 31
+1 31
+1 31
+1 31
+2 31
+2 31
+31 31 31 0 0 6 0 0 6
+1 31
+1 31
+1 31
+1 31
+1 16
+2 16 16
+4 15 0 0 1 0 0 1
+1 15 15
+1 15 15
+1 15 15
+1 15
+1 15
+1 15
+1 15
+1 15
+1 15
+1 15
+1 15
+5 120 15 0 1 0 0 1

fl=(26) ./elf/./elf/dl-object.c
fn=(82) _dl_add_to_namespace_list
31 12 0 6 1 0 0 1
+2 6
-2 12 0 6 1 0 0 1
+2 6
-2 12 0 6
+2 6 6 6
cfi=(24)
cfn=(84)
calls=6 +9 
* 18 6
+2 47 6
+3 80 20
+2 5 0 5
+2 5 0 5
+4 5
+4 5
-4 10 0 5
+1 5 5
+4 5 5
-4 5 0 5
+1 5
+3 5 5
-3 5 0 5
+3 5 5
-1 5 5
cfi=(24)
cfn=(84)
calls=5 -8 
* 15 5
-4 1 0 0 1 0 0 1
+4 1
-4 2 0 1
+1 1 1
+4 1 1
-4 1 0 1
+1 1
+3 1 1
-3 1 0 1
+3 1 1
-1 1 1
cfi=(24)
cfn=(84)
calls=1 -8 
* 3 1
-5 2 0 1

fn=(70) _dl_new_object
59 84 0 48 1 0 3 1 0 3
+3 12 0 0 1 0 0 1
+18 5 5
+3 5
-3 5 0 5
+3 5 0 5
cfi=(22)
cfn=(60)
calls=5 -42 
* 103 13
+4 10
-4 10
+9 10 0 5
fi=(28)
-48 15 5 10
cfi=(27)
cfn=(72)
calls=5 +34 
* 208 33 27 2 0 1 2 0 1
fe=(26)
+48 1 0 1
fi=(28)
-48 3 1 2 1 0 0 1
cfi=(27)
cfn=(72)
calls=1 +34 
* 43 7 6 5 1 1 5 1 1
* 6
fe=(26)
+51 12
+5 6 6
-2 6 0 6 0 0 5 0 0 5
+6 6
-4 6
+4 6 6
-5 6 0 6 0 0 6 0 0 6
+4 6
+1 6
-1 6 0 6 0 0 1 0 0 1
+1 12 0 12 1 0 0 1
cfi=(29)
cfn=(80)
calls=6 212 
* 77 19 13 2 1 8 2 1 8
* 12 6 6 0 0 2 0 0 2
+2 6 0 6
+13 12 6
+6 1
+2 7 2 2 1 1 0 1 1
+3 2 1
-3 35 10 10 0 5 0 0 5
+3 10 5
+9 6 6
-7 6 0 6
+4 6 0 6
+3 21 1 0 1 0 0 1
+2 1 0 1 0 0 1 0 0 1
-2 3
+2 15 0 15 0 0 3 0 0 3
-2 45
+16 12
-5 6 0 6 0 0 6 0 0 6
+5 6
-6 6 0 0 1 0 0 1
+6 6 6 0 0 1 0 0 1
-6 6 0 6
+6 12
+2 10 0 5 0 0 3 0 0 3
+3 10
-3 10
+7 20 5
+4 10
+8 2 0 1 1 0 0 1
+3 2 0 1 0 0 1 0 0 1
+10 3 1
-10 10 0 5 0 0 1 0 0 1
+10 15 5
+2 5
+21 5
-21 5 0 5
cfi=(22)
cfn=(60)
calls=5 41 
* 175 25
* 15 0 10 1 0 0 1
+17 5
-13 15
+50 15 5 5
cfi=(29)
cfn=(128)
calls=5 -46 
* 89 21 16 0 0 3 0 0 3
* 5
+5 10
+1 10 5
-1 158
+1 158 79
+2 10
+3 5 0 5
+3 5 0 5 0 0 2 0 0 2
+4 54 42 0 1 0 0 1
131 17 0 6 1 0 6 1 0 6
-12 10 5
+34 1 0 0 1 0 0 1
+7 4
+8 20 5 0 1 0 0 1
fi=(28)
56 10 5 5
cfi=(27)
cfn=(76)
calls=5 -21 
* 125 25 25
* 5
fe=(26)
200 20
64 2 0 0 2 0 0 2
+2 3 1
+1 2 0 0 1 0 0 1
+10 5 0 1 0 0 1 0 0 1
-6 2

fl=(68) ./elf/./elf/dl-cache.c
fn=(230) _dl_cache_libcmp
370 40 0 0 1 0 0 1
+1 40 40
+32 40 40 0 0 31 0 0 31
-33 80
+1 90 0 0 1 0 0 1
+2 216
+2 216
-2 432
+20 422
+2 422
-12 176 176
+2 176 176 0 0 2 0 0 2
+14 176
+1 176
-29 352
+32 15 5
-28 10 0 0 1 0 0 1
+8 5 5
-2 10
+1 10
-1 5
+2 15
+2 5 5
-3 5
+3 15
+2 10
+9 105 35 0 1 0 0 1

fn=(540) _dl_unload_cache
537 1 0 0 1 0 0 1
+1 4 1 0 0 1
-1 1
+3 2 1 1 0 1
cfi=(71)
cfn=(542)
calls=1 117 
* 6 1 0 1 0 0 1
+1 1 0 1 1 0 0 1
+4 1 0 1
+2 2 1

fn=(222) _dl_load_cache_lookup
416 40 0 24 1 0 0 1
+2 8 4
+3 12 4 0 1 0 0 1
+69 9 3
+5 3 3
208 3 3
495 7 1
208 1 1
495 2
+3 12 4 4
fi=(70) ./elf/../sysdeps/x86/dl-procinfo.h
39 8 0 0 1 0 0 1
+3 12 0 8
cfi=(32)
cfn=(90)
calls=4 +66 
* 100 28
* 16 0 4 0 0 1 0 0 1
fe=(68)
212 24 0 8 1 0 0 1
cfi=(10)
cfn=(24)
calls=4 405 
* 84 16 4
* 4 4
+16 8 0 4
-16 4 0 4 1 0 0 1
+6 8 4 4
+10 4
-7 20
+9 12 4
+1 4
-37 8
+37 4 4 0 0 1 0 0 1
+4 8 4
-5 93 31
+1 31
-37 62
+37 31 31 0 0 26 0 0 26
+4 62 31
+4 105 0 35 1 0 0 1
cfn=(230)
calls=35 370 
* 2794 413 0 4 31 0 4 31
+1 70
359 31
+3 26 0 13
228 26
360 18
228 48 18 4 1 0 0 1
+2 20 4
+20 10 5
+3 10
+2 20 0 5
cfn=(230)
calls=5 370 
* 470 69 0 0 2 0 0 2
* 10
+2 1
-9 10 0 0 1 0 0 1
-30 8 8
+1 4
+95 4 0 4
-95 4
-1 32 4 12 1 0 0 1
+96 12 4
-47 8
+10 8 4 0 1 0 0 1
+1 12 4
fi=(69) ./elf/../sysdeps/generic/dl-cache.h
125 20 4 0 1 0 0 1
fe=(68)
294 8
+9 8 4
+3 8 4
+2 12 4
+1 8 4
+5 8 0 0 1 0 0 1
+1 16 4
+7 8
+21 16 4 4
513 8 4
+12 8 4 4 1 0 0 1
cfi=(22)
cfn=(60)
calls=4 41 
* 140 20 0 0 4 0 0 4
* 48 0 0 1 0 0 1
+1 4 4
-1 4
+1 4
-1 4
+1 4 0 4
cfi=(29)
cfn=(80)
calls=4 212 
* 60 16 12
* 4
+1 4 0 4
cfi=(45)
cfn=(140)
calls=4 40 
* 372 68 48 0 0 3 0 0 3
+1 32 28
-3 8 0 4
424 4 0 1 1 0 0 1
cfi=(54)
cfn=(224)
calls=1 36 
* 91 10 10 2 0 1 2 0 1
* 1
+8 5 1 0 1 0 0 1
+1 8 3 0 0 1 0 0 1
+3 4 0 0 1 0 0 1
+1 1 1
-1 3
fi=(69)
194 1 1
+1 5
fe=(68)
444 1 0 1 1 0 0 1
+1 2 0 1

fl=(7) ./elf/./elf/dl-minimal.c
fn=(12) __rtld_malloc_init_stubs
42 1 0 0 1 0 0 1
+1 2 0 1 0 0 1 0 0 1
+1 2 0 1
+1 2 0 1 1 0 0 1
+1 2 0 1
+1 1 1

fn=(500) lookup_malloc_symbol
61 8 0 4 1 0 0 1
+3 4
-3 16 0 8
+3 4
-3 4
+3 8 4 0 1 0 0 1
-1 4 0 4
+1 12 0 12
cfi=(79)
cfn=(280)
calls=4 840 
* 2815 845 327 0 28 0 0 9
+4 28 16
+1 28 12
+2 4 0 4 1 0 0 1
fi=(151) ./elf/./dl-sym-post.h
-30 8
+12 12 4
fe=(7)
+19 20 16

fn=(496) __rtld_malloc_init_real
76 2 0 1 1 0 0 1
+10 1
fi=(150) ./elf/../sysdeps/generic/dl-hash.h
-41 1 0 0 1 0 0 1
fe=(7)
+31 1 0 1
fi=(150)
-32 1
fe=(7)
+32 5 0 3
+11 1 0 1
-1 1 0 1
fi=(150)
-43 1
+5 3
+14 4
-17 3 1 0 1 1 0 1 1
+3 15
+14 20
-17 15 5
fe=(7)
+46 2
fi=(150)
-24 1
fe=(7)
+22 1 0 1
+2 2
fi=(150)
-19 1 0 1
fe=(7)
+19 1 0 1
cfn=(500)
calls=1 -30 
* 744 225 91 3 7 0 3 5
+1 3
-1 1
+1 1 0 1 1 0 0 1
cfn=(500)
calls=1 -31 
* 792 230 91 0 10 0 0 1
+1 3
-1 1
+1 1 0 1
cfn=(500)
calls=1 -32 
* 754 229 91 0 6
+1 3
-1 1
+1 1 0 1
cfn=(500)
calls=1 -33 
* 685 213 86 0 5 0 0 3
+5 1 0 1
+1 1 0 1
+1 1 0 1 1 0 0 1
+1 1 0 1
+1 7 6

fn=(136) strsep
239 2 0 0 1 0 0 1
+3 4 2 0 0 1 0 0 1
+2 2 2
+1 4
+4 33 1 0 1 0 0 1
+7 84 28 0 0 1 0 0 1
-2 56 28
+13 1 0 1
+4 4 2
-22 14 14
+15 14
-15 30

fl=(49)
fn=(154) _dl_audit_activity_map
28 6 0 4 1 0 0 1
+2 1 1 0 1 0 0 1
-1 1 1
+1 2
+6 6 5 0 1 0 0 1

fn=(206) _dl_audit_objopen
76 5 0 0 1 0 0 1
+1 20 10

fn=(2098)
96 7 0 0 1 0 0 1
+1 28 14

fn=(538)
40 6 0 3 2 0 0 1
+4 3
-4 3 0 3
+4 3
-4 3 0 3
+4 3
-4 6 0 3
+4 3 3
+1 3 3 0 0 1
+1 12 0 0 2 0 0 1
+4 18 15

fn=(1338)
117 1 0 0 1 0 0 1
+1 4 2 0 0 1

fl=(53)
fn=(168)
30 13 0 0 1 0 0 1
+2 13 0 13
+9 13
+1 26 13 0 1 0 0 1
+1 13 0 13
+4 13 0 13
+1 13 0 13
+1 13 0 13
+1 13 0 13
+1 13
+2 26 13
+2 13 0 13 0 0 1 0 0 1
+1 13 13
+1 13
+2 26 13
+2 13 0 13 1 0 0 1
+8 13
+3 13
+1 13 0 13
+7 13
+1 13 13

fl=(64)
fn=(204)
25 6 0 0 1 0 0 1
+1 24
+1 6 6

fl=(36)
fn=(102)
120 5 0 0 1 0 0 1
+2 1 1

fl=(46) ./elf/./elf/dl-debug.c
fn=(152) _dl_debug_state
116 2 0 0 1 0 0 1
+1 2 2

fn=(146) _dl_debug_initialize
56 1 0 0 1 0 0 1
+3 2
+4 1 1 0 0 1 0 0 1
-6 1
+4 1
+2 2
+22 2 1 0 1 0 0 1
+5 2 1
+1 1
+1 1 0 1
-1 1 0 1
-1 1 0 1
+5 2 1
+4 2
+8 2 1 0 1 0 0 1
-43 2 0 1 1 0 0 1
+32 6 1 1 1 0 0 1

fn=(186) _dl_debug_update
38 6 0 0 1
+3 6
-1 12
+4 12 6 0 0 1
+4 6 6

fl=(163)
fn=(546)
77 12 0 6 1 0 0 1
+1 1 1 0 0 1
+1 1 1
+3 3 1 0 1 0 0 1
+8 2
+25 1 1
+1 5
+1 2 2 0 0 1
-86 4 2 0 1 0 0 1
+86 12 12
-86 24 12
+2 38 7 6
cfn=(548) call_init.part.0
calls=6 -7 
* 7197 1704 1271 174 147 78 174 21 55
+83 21
+7 8 7 0 1 0 0 1
-92 4 2 0 1 0 0 1
+2 6 1 1
cfn=(548)
calls=1 -7 
* 61 19 9 10 5 1 10
+52 2 0 1 1 0 0 1

fn=(548)
26 56 0 35 1 0 1 1
+13 7 7
-13 7
+16 7 7
-3 14 0 7 1 0 0 1
+3 14 7 0 0 5
+5 12 6
+8 18 6 0 0 5
+1 24 8 4 0 4
cob=(2)
cfi=(51)
cfn=(600)
calls=1 -56 
* 7 2 0 1 1 0 1
cob=(2)
cfi=(51)
cfn=(590)
calls=1 -56 
* 7 2 0 1 1 0 1
cob=(2)
cfi=(51)
cfn=(578)
calls=1 -56 
* 7 2 0 1 1 0 1
cob=(2)
cfi=(51)
cfn=(550)
calls=1 -56 
* 26 5 2 6 1 0 6
+3 6 6 0 1 5 0 1
+1 12
+6 8 8 0 0 3
+2 8 8
-2 4
+3 40
+1 64 16 16 0 1
cob=(7)
cfi=(171)
cfn=(804) 0x00000000000aaec0
calls=1 -70 
* 247 46 48 2 0 1 2 0 1
cob=(7)
cfi=(171)
cfn=(778) 0x00000000000aae00
calls=1 -70 
* 50 25 12 3 10 0 3 2
cob=(7)
cfi=(171)
cfn=(752) 0x00000000000aad40
calls=1 -70 
* 50 25 12 3 12 0 3 2
cob=(7)
cfi=(171)
cfn=(734) 0x00000000000aacc0
calls=1 -70 
* 34 17 8 2 8 0 2 1
cob=(7)
cfi=(171)
cfn=(716) 0x00000000000aac40
calls=1 -70 
* 34 17 8 2 9 0 2 1
cob=(7)
cfi=(171)
cfn=(714) 0x00000000000aac20
calls=1 -70 
* 82 15 15 0 0 1
cob=(7)
cfi=(171)
cfn=(710) 0x00000000000aabe0
calls=1 -70 
* 166 31 32 1 0 1 1
cob=(7)
cfi=(171)
cfn=(708) 0x00000000000aabc0
calls=1 -70 
* 82 15 15 1 0 0 1
cob=(7)
cfi=(171)
cfn=(706) 0x00000000000aaa60
calls=1 -70 
* 44 13 28 5 3 6 5 3 6
cob=(7)
cfi=(171)
cfn=(680) 0x00000000000aa970
calls=1 -70 
* 78 7 36 4 1 4 4
cob=(7)
cfi=(171)
cfn=(646) 0x00000000000aa900
calls=1 -70 
* 2688 491 493 78 25 49 78 8 46
cob=(7)
cfi=(171)
cfn=(644) 0x00000000000aa8f0
calls=1 -70 
* 3 1 1 0 0 1
cob=(7)
cfi=(171)
cfn=(634) 0x00000000000aa8d0
calls=1 -70 
* 798 248 133 3 11 1 3 1
cob=(7)
cfi=(171)
cfn=(610) 0x00000000000aa840
calls=1 -70 
* 1948 592 319 15 31 10 15 1 1
cob=(6)
cfi=(169)
cfn=(584)
calls=1 -70 
* 12 1 0 2 0 0 2
cob=(3)
cfi=(168)
cfn=(576)
calls=1 +13 
* 12 7 0 2 4 0 2
* 16 4 4 0 4
cob=(7)
cfi=(171)
cfn=(604) 0x00000000000aafc0
calls=1 -70 
* 12 1 0 2 0 0 2
cob=(4)
cfi=(170)
cfn=(594)
calls=1 -70 
* 12 1 0 3 0 0 3
cob=(6)
cfi=(169)
cfn=(582)
calls=1 -70 
* 364 17 43 34 3 1 34 2
cob=(3)
cfi=(165)
cfn=(568)
calls=1 -24 
* 74 17 9 9 4 3 9 0 1
-1 60
+3 42 42 0 1 0 0 1
-29 2

fl=(31)
fn=(106) _dl_init_paths
706 11 0 7 1 0 0 1
+14 1
-14 2 0 1
+14 2 0 1 1 0 0 1
cfi=(38)
cfn=(108)
calls=1 175 
* 1847 337 256 59 4 10 59 4 10
fi=(28)
56 1
fe=(31)
720 1 0 1 0 0 1 0 0 1
fi=(28)
56 1 1 1
cfi=(27)
cfn=(76)
calls=1 -21 
* 25 5 5
fe=(31)
725 1 0 1
+2 2
+7 2
+1 2 1 0 1 0 0 1
-1 3
+5 3
fi=(28)
56 1 1 1
cfi=(27)
cfn=(76)
calls=1 -21 
* 25 5 5
fe=(31)
739 1 0 1 0 0 1 0 0 1
+2 4 2
+17 1
-10 1 0 1 1 0 0 1
+19 1 1
-11 1
-9 1 0 1
+9 1 0 1
+12 2
-10 1 0 1 0 0 1 0 0 1
+3 2 0 1
+9 1 0 0 1 0 0 1
-7 1
+4 1 0 1
+3 2 0 1
-3 1 1
-8 1 0 1
+3 1 0 1
+8 1 0 1
-3 1
+1 16 0 4
cfi=(44)
cfn=(132)
calls=4 125 
* 72 4 16 2 0 2 2 0 2
+2 18 6 0 1 0 0 1
-14 3
+10 3
+4 3 0 3
-12 3
-2 3 0 3
+2 3 0 3
+4 3 3 0 0 1 0 0 1
-3 3 0 3 0 0 1 0 0 1
+3 3 0 3 0 0 1 0 0 1
+1 3 0 0 1 0 0 1
-2 3 0 3
+5 6 3 0 0 1 0 0 1
+1 3 3
-4 3
+4 3
+15 1 1
+3 1
-15 1 0 1 1 0 0 1
+7 1 0 1
-1 1 0 1
+9 2
+2 4 1
+2 3 1 0 1 0 0 1
+36 5 2 0 1 0 0 1
+2 2 0 1
cfi=(22)
cfn=(60)
calls=1 41 
* 17 2
* 9
-19 1 1 0 1 0 0 1
-2 1 0 1
+2 2 0 0 1 0 0 1
+19 9 1 1 1 0 0 1
cfi=(29)
cfn=(80)
calls=1 212 
* 11 3 2
* 1
+5 4 1 0 1 0 0 1
-1 2
+2 1
+1 2
-2 4 1
+1 13
+1 26
-2 52 13
+5 1
fi=(28)
56 1 1 1
cfi=(27)
cfn=(76)
calls=1 -21 
* 25 5 5
fe=(31)
836 1 0 1
fi=(28)
56 1
fe=(31)
838 2 0 0 1 0 0 1
+6 6 1 1
cfn=(134) fillin_rpath.isra.0
calls=1 468 
* 587 145 60 18 2 2 18 2 2
+3 3 2
+6 1 0 1
+4 8 7
-35 2 0 1 1 0 0 1
+5 2 0 1

fn=(138) expand_dynamic_string_token
385 14 0 10 1 0 0 1
241 2 0 0 1 0 0 1
385 2 0 2
241 2
385 2
241 2 0 2
cfi=(42)
cfn=(118)
calls=2 23 
* 72 9 0 3 0 0 3
+3 4
410 2
-11 2
+11 12 12
-11 2
cfi=(45)
cfn=(140)
calls=2 40 
* 168 31 24 3 0 2 3 0 2

fn=(184) _dl_map_object_from_fd
944 50 0 35 0 0 1 0 0 1
+10 5 5
-10 20 0 20 1 0 1 1 0 1
+10 5 0 5 0 0 1 0 0 1
cfi=(46)
cfn=(186)
calls=5 38 
* 35 10
* 5 0 5
+7 20 5 5
+85 20 5 5 1 0 0 1
+10 10 5
+7 35 25 5 1 0 0 1
cfi=(26)
cfn=(70)
calls=5 59 
* 1754 338 260 4 5 40 4 5 40
* 5
+1 10
+11 10 10
+5 5 5
-5 5 0 5 0 0 3 0 0 3
+1 10 5 5
+1 5 5
+2 5
-2 5 0 5 1 0 0 1
+2 10
+1 15 5
+1 8 0 4
+19 8 4
-2 4 0 4
+2 42 1 0 1 0 0 1
-2 1 0 1
+2 60 0 10 1 0 0 1
+10 20 5
+85 5 5
-58 5 5
-34 5 0 5 1 0 0 1
-1 5 0 5
+93 5 0 5
+6 5 5
-64 10 0 5
+9 5
+55 10
-55 5 0 5
-42 5
+97 10 0 5 1 0 0 1
1101 5
-5 10 0 5
+15 138
+20 2 1 1 0 1 0 0 1
+1 1
-22 162
+1 304 59 0 1 1 0 1 1
1213 10 10
1110 5
1213 10 0 5 0 0 2 0 0 2
1110 15 0 0 1 0 0 1
1218 15
+10 10
+1 5
-1 5
+1 5 0 5
-1 15
+1 15
-1 15
+1 15 0 15
-1 45
1076 10 5 5
1235 10 0 0 1 0 0 1
+10 20 10
+7 10 5
fi=(61) ./elf/./dl-map-segments.h
96 5 5
fe=(31)
1252 15 10 0 1 0 0 1
fi=(61)
28 5 5
fe=(31)
1252 5
fi=(61)
96 5
fe=(31)
1252 5 0 5
fi=(61)
28 10 5
+1 40 20 10 1 0 1 1 0 1
cfi=(60)
cfn=(194)
calls=5 +18 
* 45 5
+74 10 5
-1 5 0 5
-73 5
+74 5
+3 10 5 0 1 0 0 1
+1 5
+2 5 5
-3 5 0 5
+1 5 0 5
+2 5
+7 16 6 2
+3 8 0 2
cfi=(71)
cfn=(234)
calls=2 -2 
* 12 2 0 1 0 0 1
* 6 2
+7 5 0 5 1 0 0 1
+2 5
fi=(62) ./elf/./dl-load.h
-37 40
+1 15 10 5
+2 40 20 0 1 1 0 1 1
fi=(61)
+56 80 40
+8 5 5
-2 5 5
+1 5 5
+2 5
-1 5
+1 5
-1 15
+8 10 0 0 1 0 0 1
+3 10
+8 35 0 15
cfi=(44)
cfn=(132)
calls=5 -52 
* 706 5 368 2 0 93 2 0 93
+1 10 10
+5 10
+12 20 0 0 1 0 0 1
-59 100
+2 30 30
+3 15 15
-3 30
+2 120 45 30 1 0 0 1
cfi=(60)
cfn=(194)
calls=15 -93 
* 135 15
* 45 15
fi=(57) ./elf/../sysdeps/posix/dl-fileid.h
37 15 5 5 1 0 0 1
cfi=(58)
cfn=(190)
calls=5 -8 
* 75 5 0 2 0 0 2
* 10
fe=(31)
999 10 5
fi=(57)
40 15 15 0 1 0 0 1
fe=(31)
999 5
fi=(57)
40 5 0 5
fe=(31)
999 80 25
+1 40 20
fi=(57)
49 60 30 0 0 1 0 0 1
fe=(31)
1515 45 35 0 1 0 0 1
1018 10 5 0 1 0 0 1
+66 13 0 0 2 0 0 2
+1 2 1
-1 1
+1 1
-1 1 0 1
+1 1 0 1 0 0 1 0 0 1
cfi=(72)
cfn=(238)
calls=1 25 
* 7 1
* 2
+26 62 0 0 1 0 0 1
+26 120 40
+10 20 20 0 1 0 0 1
-1 20
-1 20
+2 20
+2 20 20
-2 20
-1 120 0 20 0 0 4 0 0 4
+2 40
+1 20 0 20 1 0 0 1
+2 20 20
-3 20 0 20
+3 120
+2 40 20 20 0 0 3 0 0 3
+4 40
+1 75 30 15
+4 15
+1 15
-1 15
+1 105 15 15 0 0 1 0 0 1
-18 15
+28 15
-11 5 0 0 1 0 0 1
+1 5
-1 5
+1 35 5 5 0 0 1 0 0 1
-18 5
+28 5
-56 10 5 0 1 0 0 1
+7 5 5
+2 5 5
-2 5 0 5
+1 5 5
+1 5
-1 10 0 5
+1 40 5 5 1 0 0 1
+50 6 2
+5 2 2
-1 4
+5 2
-5 4 0 2 0 0 2 0 0 2
-56 2 2
+61 8 0 2 1 0 0 1
+1 2 2
+3 2 0 2 0 0 1 0 0 1
-3 2 0 2
+8 8 2
+15 10 5 5 1 0 0 1
+1 5
+58 20 10 0 2 0 0 2
+1 15 5 5
fi=(63) ./elf/./elf/get-dynamic-info.h
39 10
+6 5 5 0 0 5 0 0 5
-2 5
+2 10
+9 5
+5 5
+3 5 0 0 1 0 0 1
+2 5
-3 5
-3 5
-3 88
+13 26 0 26 0 0 12 0 0 12
-23 104 26 0 0 7 0 0 7
+23 95 0 95 0 0 17 0 0 17
-23 380 95 0 0 24 0 0 24
+4 242
+5 124 0 0 1 0 0 1
+2 25
+3 20 0 0 1 0 0 1
+13 20 5
+10 17 5 2 1 0 0 1
+1 20 5 5
+1 20 5 5
+1 20 5 5
+2 20 5 5
+5 19 5 4 1 1 0 1 1
+1 19 5 4 0 1 0 0 1
+1 20 5 5
+3 15 5
+5 8 4
+7 10 5 0 1 0 0 1
+1 15 10
+22 15 5 0 0 1 0 0 1
+5 4 2 2
+2 4
+2 4
+2 4
+4 15 5 0 1 0 0 1
+2 3 1 1
+1 2
+9 2 1 0 1 0 0 1
+6 2
+4 10 5
fe=(31)
1275 10
+1 10
+2 10 0 0 1 0 0 1
+10 15 5
+19 15 5 5
+2 25 10 0 1 0 0 1
+52 15 5 0 0 3 0 0 3
+1 4 2 2
+6 40 5 5 1 0 0 1
+1 98
+6 20 5 5
cfn=(88) _dl_process_pt_gnu_property
calls=5 868 
* 100 40 0 0 5 0 0 5
-7 128 64 5
+1 59 59 0 0 49 0 0 49
+6 59 0 0 1 0 0 1
-6 118
fi=(30) ./elf/../sysdeps/x86/dl-prop.h
95 40 20
213 5 5
-1 10 10
105 10
212 5
105 5
-2 5
-3 5
+2 5 0 5 1 0 0 1
+3 5
-4 10 0 5
+92 20
-1 5
-87 15
+3 15 5 0 1 0 0 1
+1 10 5
+1 10 5
+4 15 5
+4 15 0 5
+3 15 5 0 1 0 0 1
+1 10
+4 5
+1 20 0 5
+58 15
+2 20
-56 14 7 0 1 0 0 1
+1 7 7
+3 14
+3 7
+1 28
+5 14 0 0 1 0 0 1
+2 14
+5 14
+14 7 7 0 0 3 0 0 3
-1 14
+2 4
-1 10 0 5
fe=(31)
1380 10 5 5 1 0 0 1
cfi=(64)
cfn=(204)
calls=5 25 
* 30 5 0 1 0 0 1
* 10
+13 10 5
+2 20 10 5
+2 10 5 0 1 0 0 1
+16 10 0 5
cfi=(8)
cfn=(14)
calls=5 25 
* 145 40 25 0 3 0 0 3
+4 10 5
+1 10 5
+17 10 5
+1 1 0 1
+3 1 1
+5 1 1
-5 1 0 1 1 0 0 1
+5 1
-5 4 4
+5 4 4
-5 4 0 4
+5 4
+10 10 5
+7 30 10
+10 10 5 0 1 0 0 1
+1 8 2
+5 4 0 2
cfi=(47)
cfn=(236)
calls=2 131 
* 20 6 4 2 0 0 2
+7 15 5 5
cfi=(26)
cfn=(82)
calls=5 31 
* 265 65 45
+3 20 10
+23 35 15 0 1 0 0 1
+1 15 5 5
cfi=(49)
cfn=(206)
calls=5 76 
* 25 10 0 1 0 0 1
* 5
fi=(62)
95 20 12 0 1 0 0 1
+2 4 4 0 1 0 0 1
-1 8 8
+1 4
-1 4
+1 4
-1 4
+1 4
-1 8
+3 16 0 4
fe=(31)
1506 25 10 0 2 0 0 2
fi=(30)
198 20 5
+2 5 5
+1 5 0 5
+2 5 0 5
-3 15 0 5
fe=(31)
1368 15 5 5
fi=(63)
62 20 0 0 1 0 0 1
+2 20
fe=(31)
1084 2 0 1 1 0 0 1
fi=(61)
187 16 0 2 1 0 0 1
cfi=(60)
cfn=(194)
calls=2 47 
* 18 2
+3 4
fe=(31)
1462 15 5 0 1 0 0 1
+2 4 4
-1 20 12
+1 4
-1 4
+1 4
-1 4 0 4
cfi=(32)
cfn=(90)
calls=4 108 
* 100 28 0 0 5 0 0 5
* 8
+2 5 1 1
1275 8 4 0 2 0 0 2
fi=(57)
49 9 3 0 1 0 0 1
fi=(30)
170 6 2 2 1 0 0 1
-39 4
fe=(31)

fn=(176) open_verify.constprop.1
1568 11 0 6 1 0 0 1
+39 3 1 0 1 0 0 1
+19 4 0 1 0 0 1 0 0 1
cfi=(55)
cfn=(178)
calls=1 28 
* 19 1 1 2 0 0 2
* 1
+2 2
+11 1 0 1
+6 2
-5 1 0 1 0 0 1 0 0 1
+5 8 1 2 1 0 0 1
cfi=(56)
cfn=(180)
calls=1 25 
* 6 1 0 1 0 0 1
+2 2
+2 2 1 1
+2 2
+6 2
+17 11 4 0 1 0 0 1
fi=(28)
50 2 1 1 1 0 0 1
cfi=(27)
cfn=(144) __minimal_free
calls=1 +45 
* 5 2
fe=(31)
1856 9 7
1674 3 1 0 1 0 0 1
+74 2 1
+5 2 1
+2 4 1 0 1 0 0 1
+6 2 1 0 0 1 0 0 1
+6 1 1
+1 1 1
-1 3
+1 1
-1 1
+1 2
+1 2 1
+20 3 0 0 1 0 0 1
+31 1
-31 1
1633 1
1820 2
-31 66
+1 28 13 0 1 9 0 1 9
+1 8 2
+4 8 4
+25 12 4 0 1 1 0 1 1
+3 18 6 0 1 0 0 1
+3 2
-4 2
+4 4
+6 4 2 0 1 0 0 1
-36 6 2 0 1 0 0 1

fn=(88)
868 6 0 0 1 0 0 1
+8 6 6
-8 6
+8 6
-6 6 6
+12 12
-13 6 6
+13 6
-13 6 6 0 1 0 0 1
+13 12
+3 18 6 0 0 5 0 0 5
+1 12 6 0 0 1 0 0 1
+1 12 6 0 1 0 0 1
+43 6 6

fn=(134)
468 7 0 6 1 0 0 1
+4 1
-4 8 0 5 1 0 0 1
+6 3 1 1
cfi=(7)
cfn=(136)
calls=1 239 
* 240 74 1 2 2 0 2 2
* 3 1 1
cfi=(7)
cfn=(136)
calls=1 239 
* 8 3
* 6
+7 2 1
+2 3 1 1
cfn=(138)
calls=1 -98 
* 118 22 18 3 0 1 3 0 1
* 1
+4 2
+5 2 0 1 1 0 0 1
cfi=(22)
cfn=(60)
calls=1 41 
* 17 2
* 1
+1 2
+7 5 1
+9 15 5 0 1 0 0 1
+1 8 4
+55 2 0 1 1 0 0 1
fi=(28)
50 2 2 1
cfi=(27)
cfn=(144)
calls=1 +45 
* 5 2 0 1 0 0 1
+1 1
fe=(31)
528 2 1 0 1 0 0 1
+4 3 2 0 1 0 0 1
fi=(28)
56 1 1 1
cfi=(27)
cfn=(76)
calls=1 -21 
* 25 5 5
* 1
fe=(31)
534 2
+5 1 1
+1 2
-1 1
-1 1 0 1
+2 1 0 1
cfi=(29)
cfn=(128)
calls=1 199 
* 13 3 2 0 0 1 0 0 1
+3 1 1 0 1 0 0 1
-3 1 0 1
+1 1 0 1
+2 1
+6 1
+1 1 1
-1 3 1
+1 11 0 0 1 0 0 1
+1 1
-1 1
+1 2 0 1
-1 2
+1 1
-1 1
+1 2 0 1
-1 6
+1 1
-1 1 0 0 1 0 0 1
+1 1 0 1
-1 3
+1 1 0 1
-1 2
+3 1 1
+1 1 1
-1 1 0 1
+1 2
+1 1 0 1
+6 2 1 1
+1 2 0 1
-57 4 0 2 1 0 0 1
+66 1 0 1
+3 8 7
-46 4 0 1 1 0 0 1

fn=(172)
2022 130 0 104 1 0 3 1 0 3
+8 26
+1 52 13 0 1 1 0 1 1
+3 254 63
+5 406 116 0 1 0 0 1
+2 174 0 58 0 0 1 0 0 1
cfi=(54)
cfn=(174)
calls=58 68 
* 5685 1298 245 21 3 1 21 3 1
* 116
+4 100 50
+1 150 50
+4 28 28 0 1 0 0 1
-1 140 84
+1 28
+1 28
-1 28
+1 28 0 28
cfi=(32)
cfn=(90)
calls=28 108 
* 886 185
* 56
2329 117 91
2068 5 0 0 1 0 0 1
+1 5
-1 5 0 5
+1 5
-1 5 5
+1 5 0 5
-1 10 5
-44 5 0 5 1 0 1 1 0 1
+53 15 5
+17 10
-2 5 0 5 0 0 1 0 0 1
+2 5 0 5
cfi=(42)
cfn=(118)
calls=5 23 
* 120 15
* 10
2260 2
-1 3 0 1 1 0 0 1
cfn=(138)
calls=1 385 
* 168 30 20 5 0 1 5 0 1
+2 1
-3 1 0 1
+1 1
+2 2
+4 5 0 2
cfn=(176)
calls=1 1568 
* 283 60 14 16 11 2 16 11 2
+3 2 1
-3 1
+3 1 0 0 1 0 0 1
+12 4 1
+46 1 1
+1 3
-1 1 0 1
+1 9 3 5 1 0 0 1
cfn=(184)
calls=1 944 
* 1819 390 195 69 22 25 69 22 25
-1 4 4
+1 12
-1 4 0 4
+1 36 12 20
cfn=(184)
calls=4 944 
* 8474 1653 1209 13 94 159 13 94 159
* 15
2098 8 0 4 1 0 0 1
cfi=(22)
cfn=(60)
calls=4 41 
* 68 8
* 8 0 4
+2 8 4
+7 16 4
+51 44 4 16 1 0 0 1
cfn=(216) open_path
calls=4 1870 
* 2520 546 352 20 0 9 20 0 9
+6 4
-6 4
+6 16 4 0 1 0 0 1
682 4 4
2165 4
682 8
2252 8 4 0 1 0 0 1
+28 16 4
+2 16 0 0 1 0 0 1
2111 4 4 0 1 0 0 1
696 12 4 8
2111 4 0 4
+1 4 0 0 1 0 0 1
696 8
2116 12 4
682 4 4 0 1 0 0 1
2117 4
682 8
2173 4 0 4 1 0 0 1
+14 8
+2 12 4
+4 8 0 4 1 0 0 1
cfi=(68)
cfn=(222)
calls=4 416 
* 5407 901 230 24 65 5 24 65 5
* 4
+2 8
+4 8
+8 12 4
+23 24 0 8 1 0 0 1
cfn=(218) open_verify.constprop.0
calls=4 1568 
* 1246 258 69 18 15 0 18 15
+4 8 4
-4 4
+4 4
+1 8 0 4
2131 20 8 0 1 0 0 1
+1 40 8 4 1 0 0 1
682 4 4
2133 4
682 8
2157 12 4 0 1 0 0 1
+1 8
-16 8 0 0 1 0 0 1

fn=(212)
238 24 0 12 1 0 0 1
+3 12
-3 24 0 24
+7 12 0 0 1 0 0 1
-7 24 0 24
+3 12 0 12 0 0 1 0 0 1
cfi=(42)
cfn=(118)
calls=12 23 
* 360 45 0 1 4 0 0 4
+3 24
+20 84 72

fn=(216)
1870 32 0 24 1 0 1 1 0 1
+1 4 4
-1 24 4 20 1 0 2 1 0 2
+1 4 0 4
+6 8
+5 64 8 0 1 0 0 1
-7 8 0 8 1 0 0 1
+7 4
-8 4 0 4
+8 8
+3 8 8
+9 24 4 4 1 0 1 1 0 1
+7 12 8
+1 4
-1 4 0 4 0 0 1 0 0 1
cfi=(29)
cfn=(128)
calls=4 199 
* 52 12 8
-12 4 0 4
+12 4
+59 20 0 4
-58 16 4 0 1 0 0 1
+3 80 40
+5 104 39 13
cfi=(29)
cfn=(128)
calls=13 199 
* 173 31 18
* 52 26 13 1 0 0 1
cfi=(29)
cfn=(128)
calls=13 199 
* 169 39 26
+3 26 0 13
+6 39 13
+3 78 39 13 1 0 0 1
cfn=(218)
calls=13 1568 
* 702 117 117 4 0 4 4 0 4
* 13
+2 39 13
+2 20
+65 32 8 0 2 0 0 2
+7 8 4 4
-2 8 4 4
+2 8 4
+3 12 4
-13 4
+27 36 28
-65 12 0 3
+2 6
-50 205 13 0 1 0 0 1
+29 20 0 0 1 0 0 1
+1 70 30
+6 20 20 0 1 0 0 1
+2 10
-2 10 0 10
+2 20 10 10
cfi=(67)
cfn=(220)
calls=10 28 
* 158 10 9 1 0 0 1
* 10
+3 10
-3 20
+1 1 1
+2 2
-2 1
+2 26 1 11 1 0 0 1
-61 8 0 4 1 0 0 1

fn=(218)
1568 187 0 102 1 0 1 1 0 1
+39 51 17
+19 68 0 17 0 0 1 0 0 1
cfi=(55)
cfn=(178)
calls=17 28 
* 362 17 30 0 0 2 0 0 2
* 17
+2 34 0 0 1 0 0 1
+11 4 0 4
+6 8
-5 4 0 4
+5 32 4 8
cfi=(56)
cfn=(180)
calls=4 25 
* 24 4
+2 8 0 0 1 0 0 1
+2 8 4 4
+2 8
+6 8
+17 44 16 0 1 1 0 1 1
fi=(28)
50 8 4 4
cfi=(27)
cfn=(144)
calls=4 +45 
* 20 8
fe=(31)
1856 153 119 0 1 0 0 1
1674 12 4
+74 8 4 0 1 0 0 1
+5 8 4
+2 16 4
+6 8 4
+6 4 4
+1 4 4
-1 12 0 0 1 0 0 1
+1 4
-1 4
+1 8
+1 6 3
+20 12
+31 4
-31 4
1633 4
1820 8 0 0 1 0 0 1
-31 222
+1 102 47 0 0 11 0 0 11
+1 32 8 0 1 1 0 1 1
+4 32 16
+6 4
+1 28 0 0 1 0 0 1
+10 12 0 8 1 0 0 1
cfi=(72)
cfn=(238)
calls=2 25 
* 14 2
* 16 6
+8 60 20 0 1 2 0 1 2
+15 4
+6 2 2
-3 2 2
+1 2 2
+1 2 2
+1 4
-3 2
+1 2
+1 2
+2 2 2
-3 6
-1 2
+4 4
-19 72 24 0 2 0 0 2
+3 8
-4 8
+4 16
+5 2
+1 16 6
-60 13 0 0 2 0 0 2
+1 3 0 0 1 0 0 1
-1 1
+1 3 0 2
cfi=(72)
cfn=(238)
calls=1 25 
* 7 1 0 1 0 0 1
* 3 1
+16 5 1
+7 18 6
1612 26 0 0 1 0 0 1
+62 9 3 0 2 0 0 2
1802 4 0 2
-30 2 0 1 1 0 0 1

fl=(15)
fn=(508)
71 1 0 0 1
-32 3 1 0 0 1
+32 2 1

fn=(32)
37 1 0 0 1 0 0 1
+2 3 1
+2 1 0 0 1 0 0 1
cfi=(16)
cfn=(34)
calls=1 399 
* 7219 783 442 101 15 12 101 15 12

fl=(27)
fn=(144)
95 8
+2 32 16 0 2 0 0 1

fn=(76)
35 210 0 84 1 0 0 1
+1 42 42 0 0 4 0 0 1
+11 42 42
-11 84
+11 84
+3 42
-3 42 0 42 1 0 0 1
+3 240
+18 42 0 42 0 0 4 0 0 1
+1 42 0 42
+2 168 126
-16 12 3 0 1 0 0 1
+1 6
+2 3
+1 21 0 3 0 0 1 0 0 1
cfi=(60)
cfn=(194)
calls=3 -12 
* 27 3 0 1 0 0 1
* 3
+2 6
+2 6 3
+2 2
+4 2
-4 4 0 2
-23 1 1 0 1 0 0 1
-1 1
+1 1
+1 2
-2 2 0 1
+27 1 1
-3 2 0 1
+4 2

fn=(72)
78 17 0 0 1 0 0 1
+4 17
-4 68 0 0 1 0 0 1
+7 17
+1 51
fi=(28)
-30 17 17
cfi=(27)
cfn=(76)
calls=17 -21 
* 488 92 90 5 3 4 5 1 2
fe=(27)

fl=(65) ./io/../sysdeps/unix/sysv/linux/access.c
fn=(208) access
25 1 0 0 1 0 0 1
+2 7 0 1
+4 1 1

fl=(77) ./elf/../sysdeps/x86/dl-cet.c
fn=(270) _dl_cet_check
252 8 0 6 1 0 0 1
42 1 1 0 0 1 0 0 1
+9 1 1
-10 1
+4 1
-4 1
+3 1
+4 2
+1 2
-1 2 0 0 1 0 0 1
+14 2
254 8 7 0 1 0 0 1

fl=(79)
fn=(280)
840 22650 0 13590 3 0 5 1
+10 2265 2265
-10 4530 0 4530 0 0 5
+10 2265
-10 2265 0 2265 2 0 0 1
+10 2265 0 2265 0 0 5
204 2265 2265
840 2265 0 2265
204 11325 2265 4530
581 9060 2265 0 0 962 0 0 779
-1 4530
+2 2265 0 0 2 0 0 1
-1 2265
+1 6795
-1 6795 2265 0 0 25 0 0 21
+1 95026
-1 95026
+1 285078
-1 285078 95026 0 0 994 0 0 901
+2 2265
846 2265 0 2265 0 0 5
-4 2265
+1 2265
+7 2265 2265
-8 2265 0 2265
+1 2265 0 2265
+7 9006 2247 0 2 0 0 1
+3 2265 2265
+2 4530 4530 0 0 4
-2 2265
+6 4530
-7 13590 2265 2265 2 0 0 1
+7 75 15
+1 31710 13590 15855 2 0 5 1 0 1
cfn=(282) do_lookup_x
calls=2265 363 
* 814875 258472 100934 135 4171 85 79 1247 39
* 6795
+28 2265 2265
-23 2265 2265
+23 2265
-23 4530
+24 13484 2246
+7 2250 2250 0 2 0 0 1
-7 2250
+40 9000 2250
+79 4500 2250
-65 6750 2250 0 0 16
+3 6750 2250
-62 2265 0 2265 2 0 0 1
+69 20385 15855
-86 90 15 0 1 0 0 1
+18 45 0 0 1 0 0 1
+59 2 0 1 1 0 0 1

fn=(284) check_match
70 2258 0 2258 2 0 0 1
+3 2258 2258 0 0 107 0 0 66
-3 27096 4516 9032
+3 9022 2258 0 0 236 0 0 173
+13 2253
-13 2253 0 0 2 0 0 1
+13 2253
-13 2253
+13 6759
+3 4962 228 114 0 0 5
cfi=(32)
cfn=(90)
calls=114 +19 
* 7335 1143 0 52 150 0 33 109
* 228
+4 2253 2253 0 0 10
+1 4506
+2 4500 0 0 2 0 0 1
+19 4500 4500 0 0 93 0 0 22
+1 18000 6750 0 0 21
+2 6 3
-40 2249 0 0 2 0 0 1
+84 13494 13494
-18 6
+2 6 6 0 0 3 0 0 1
+1 3
-1 6
+1 9
-1 6
+4 2
+1 7 3 1
+2 3 1 1
+2 1
+7 6 6
-7 3
+7 48 48
-45 6741 4494 2247 2 9 8 1 0 1
cfi=(32)
cfn=(90)
calls=2247 -9 
* 58741 15776 0 9 89 0 0 8
* 4494 0 0 2 0 0 1
-44 20
+82 10

fn=(282)
363 18120 0 13590 4 0 6 2 0 1
+1 2265 2265 0 0 4
-1 11325 4530 6795 0 0 6
+48 2265
-30 4530 0 2265
-11 2265 2265
+41 2265
-30 6795 2265 2265 3 0 7 1 0 1
+30 2265 0 2265
fi=(80) ./elf/../sysdeps/generic/dl-protected.h
44 6795
fe=(79)
381 2265 0 2265
fi=(80)
44 9060 0 4530
fe=(79)
395 21738 7246 0 2 18 0 1
+4 7246 0 7246
+4 7246 7246 0 0 33
-3 7246 0 7246
+3 28984 14492 0 0 30
+1 21738 14492 7246 3 14 0 1
+3 7246 7246
+1 14492
+7 7246 7246
-3 14492 14492
-2 7246 7246 0 0 657 0 0 116
+5 28984 7246
+3 50722
570 14991
374 14494 14494 0 4 36 0 1
+3 14494
+4 14500 3
+4 14492 7246 0 0 28
+4 14492 7246 0 2 3 0 1
+88 4500 2250 0 2 0 0 1
fi=(4)
137 4500 2250 0 2 0 0 1
+1 6750
fe=(79)
528 4500
fi=(80)
29 4500
fe=(79)
535 11632 2250
+16 4256 2128 2128
+1 2128 0 2128
+1 4500
422 9344 0 0 2 0 0 1
-1 4672 4672 0 0 930 0 0 200
+2 4672
+2 27948 6987 11645 2 0 0 1
+13 10374
-10 28535 5707 0 2 1579 0 1 476
+3 2258
-1 4516 2258
+1 2258 2258 2258
-1 2258
+2 4516
-1 27096 9032 11290 1 0 10 1 0 1
cfn=(284)
calls=2258 70 
* 188550 57737 13653 73 718 13 39 379 1
+4 6774
+3 18 9
573 15
+1 18120 15855 0 2 0 0 1
-35 4593 1531 0 3 2 0 1
222 366 122 0 1 0 0 1
+2 610 122 122
-2 122 0 122
+2 366 0 122
+2 122
-2 366 122 244 1 2 0 1
cfi=(24)
cfn=(84)
calls=122 42 
* 366 122
+2 122 122 0 0 2 0 0 1
+1 122 122
+1 244 122
-2 122 0 122
+2 122
+2 242
+1 121
-1 605 121 363 1 0 0 1
+1 121
-1 121
+1 242
-1 605 0 121
+1 242
-1 1111 187 0 1 0 0 1
+24 426
+3 132
+1 396
-24 253 253 0 0 53 0 0 25
+1 253 253
-1 506
+1 80 40 40
cfi=(32)
cfn=(90)
calls=40 108 
* 2781 488 0 1 0 0 1
* 80
+2 200 120 0 1 0 0 1
+10 40 40
+1 80 80
+2 160 80 120
cfi=(24)
cfn=(84)
calls=40 42 
* 120 40
+1 40
469 161 81 0 1 0 0 1
+2 2
262 1134 405
+62 492 164 0 1 0 0 1
-1 574 246
+19 410 82 82 1 0 0 1
+5 164 164 82 0 1
cfi=(24)
cfn=(84)
calls=82 42 
* 246 82
+2 328 164 82
176 518 0 0 1 0 0 1
-2 84
+1 252
-3 332 166 0 1 1 0 1 1
+7 82 0 82
+3 82 0 82 0 0 17 0 0 11
-2 82 0 82
331 328 82
-72 132 0 0 1 0 0 1
+46 3 0 1 1 0 0 1
fi=(28)
44 3 1 1 1 1 0 1
cfi=(27)
cfn=(72)
calls=1 +34 
* 36 6 5 0 1 1
* 1 0 1
fe=(79)
315 2
+3 1 0 1
-5 1 1
170 1
313 1
+7 1 1
-1 1 0 1 1 0 0 1
+1 1 0 1
170 6
+1 1
-1 6
+1 574 400 0 2 0 0 2
+98 6 0 4 1 0 0 1
cfi=(54)
cfn=(482)
calls=2 87 
* 159 14 0 2 4 0 2 2
fi=(28)
44 2
fe=(79)
269 2
fi=(28)
44 4 2 2
cfi=(27)
cfn=(72)
calls=2 +34 
* 72 12 10 0 1 1
* 2
fe=(79)
272 4
171 4 2
279 2 2 0 1 0 0 1
171 8 2 2
279 284
+1 276 92 0 0 4 0 0 1
+1 140 70
170 70
281 140 140 0 1 3 0 1
170 70
281 70
170 70
+1 70
-1 70
+1 210
+1 440
+2 14
+1 42
-3 168 84 0 1 46 0 1 46
+7 70 0 70
+3 70 0 70 0 0 24 0 0 24
-2 70 0 70
+3 70
-7 10
285 6 4 2
-16 2
+16 10 2 2
cfi=(27)
cfn=(144)
calls=2 95 
* 10 4 0 1
+4 2 2 0 1 0 0 1
170 2
286 2 0 2
+2 2 0 2
+1 4 2 2
170 4
+1 4 0 2
-1 2
+1 8 2
452 17992 11245 0 3 0 0 1

fl=(44)
fn=(132)
125 11 0 0 1 0 0 1
+1 55
+6 11
+1 11 0 0 1 0 0 1
+1 10
+1 10
+2 2 0 2 0 0 2 0 0 2
+1 2 0 2
+1 2 2
+65 4 0 4
+1 4 0 4
+2 4 4
+76 8 0 8 0 0 4 0 0 4
+1 8 0 8 0 0 2 0 0 2
+5 8
+3 8
+1 8
+3 4 0 4 0 0 2 0 0 2
+1 4 0 4 0 0 1 0 0 1
+13 4
+1 4
+2 4
+3 3 0 0 1 0 0 1
+3 6
+3 3 0 3
+1 3 0 3
+1 3 0 3 0 0 1 0 0 1
+1 3 0 3
+1 3
+1 3
+1 3
-6 82 0 82 0 0 79 0 0 79
+1 82 0 82
+1 82 0 82 0 0 3 0 0 3
+1 82 0 82
+1 82
+1 82
+1 82
+3 4 0 4 0 0 2 0 0 2
+1 4 0 4
+1 4 0 4
+1 4 0 4
+5 4 4
+29 1 0 0 1 0 0 1
+1 1
+1 1
+32 1 0 1 0 0 1 0 0 1
+1 1 0 1
+1 1 1

fl=(2)
fn=(258) init_tls
756 3 0 2 1 0 0 1
+2 1 1
+4 1 1
-4 1 0 1
+4 2
+11 1
fi=(28)
44 1
fe=(2)
768 1 0 0 1 0 0 1
+4 1
fi=(28)
44 1 1 1
cfi=(27)
cfn=(72)
calls=1 +34 
* 36 6 5
fe=(2)
783 1 1 0 0 1 0 0 1
-12 1 0 1
+6 1
-9 1 0 1
+11 1 0 1
+4 1
+2 3 1 0 1 0 0 1
-1 2
+3 14 7 0 0 1
+4 2
+2 2
-2 4 0 2 0 0 1 0 0 1
-5 2 2
-1 4
+10 3 1
+3 2 0 1 1 0 0 1
cfi=(47)
cfn=(260)
calls=1 97 
* 79 14 9 2 3 0 2 2
+3 1 0 1
cfi=(47)
cfn=(262)
calls=1 221 
* 108 22 11 7 0 0 7
+7 1 0 1
cfi=(47)
cfn=(264)
calls=1 422 
* 443 24 333 3 0 41 3 0 41
* 1
+1 2
+6 1 1
+3 2
-3 1 0 1
+3 6 0 2
+3 1 0 1
cfi=(24)
cfn=(266)
calls=1 68 
* 75 13 18 5 3 0 5 1
+1 1 0 1
+3 5 3
-39 5 5 0 1 0 0 1
-1 11

fn=(2)
527 10 0 7 2 0 2 2 0 2
85 1
fi=(6)
-40 1
fe=(2)
557 1 0 1 0 0 1 0 0 1
-4 1 0 1 0 0 1 0 0 1
85 2
556 1
85 1 0 1 0 0 1 0 0 1
fi=(3) ./elf/./get-dynamic-info.h
-40 1 1 0 0 1 0 0 1
fe=(2)
556 1 0 1 1 0 1 1 0 1
fi=(3)
45 2
+9 1
+5 1
+3 1
+2 1
+4 1
-7 1
-3 1
-3 14
+13 4 0 4 0 0 2 0 0 2
-23 16 4 0 0 1 0 0 1
+23 14 0 14 0 0 4 0 0 4
-23 56 14 0 0 3 0 0 3
+4 36 0 0 1 0 0 1
+5 20
+2 5
+3 4 0 0 1 0 0 1
fi=(4)
+21 1 1
fi=(3)
-8 3
+10 4 1 1 1 0 0 1
+1 4 1 1
+1 4 1 1
+1 4 1 1
+2 4 1 1 1 0 0 1
+5 4 1 1
+1 4 1 1
+1 4 1 1
+3 3 1 0 1 0 0 1
+5 2 1
+7 3 1
+1 3 2
+8 2 1 0 0 1 0 0 1
+1 2 1 0 1 0 0 1
+5 3 1
+3 3 1
fe=(2)
573 1 0 0 1 0 0 1
fi=(6)
71 1 1
fe=(2)
573 42 8 7 2 0 1 2 0 1
fi=(6)
414 1 0 0 1 0 0 1
fi=(5)
86 1 1
fe=(2)
573 2 2
fi=(5)
49 1 1
+37 1 1
-37 1
+37 1
+2 1
-2 1
+2 1
-2 1
+27 2
-27 1 1
fe=(2)
573 2 2
fi=(5)
49 1 1
+37 1 1
-37 1
+37 1
+2 1
-2 1
+2 1
-2 1
+27 3
+1 2 1 0 1 1 0 1 1
fi=(6)
534 2 1
fi=(5)
114 282 141 0 0 17 0 0 17
fi=(6)
534 282 141 0 0 18 0 0 18
+1 142 142 0 0 18 0 0 18
fi=(5)
113 142
fi=(6)
535 284 0 142 0 0 20 0 0 20
fi=(5)
113 284
+5 4 2
+8 7
fi=(6)
326 12
fi=(5)
126 21
+2 7 7 0 1 2 0 1 2
+2 7 7
-2 7
fi=(6)
287 7
fi=(5)
130 7
-2 7
+1 14
fi=(6)
287 14
+9 70 28 0 1 7 0 1 7
+3 14
+27 33 0 0 1 0 0 1
fe=(2)
573 6
fi=(5)
50 1 1
fi=(4)
+30 2 1
fi=(6)
326 2 0 0 1 0 0 1
+20 12 6 6 1 1 2 1 1 2
+1 6
fe=(2)
575 1 0 1 1 0 0 1
+13 1 0 1
cfi=(7)
cfn=(12)
calls=1 42 
* 10 1 4 2 0 1 2 0 1
+4 2 0 1
85 1
488 2
85 3 0 1 1 0 0 1
488 1 0 1
cfi=(8)
cfn=(14)
calls=1 25 
* 29 8 5 3 1 1 3 1 1
+2 2
-1 1 0 1
+1 2
+17 1 1
-15 1
-2 1
+17 1
-15 1 0 1 1 0 1 1 0 1
+9 1 0 1
-11 1 0 1
+17 1 0 1
cfi=(9)
cfn=(16)
calls=1 85 
* 2204819 523005 190494 1074 11378 2249 1068 7390 1529
* 1 0 0 1
+2 2 1
+98 9 7 0 0 2
fi=(3)
62 4 0 0 1 0 0 1
+2 4
fe=(2)
573 3 0 1

fn=(64)
1320 2 0 1 1 0 0 1
205 1
311 1
1320 2 0 1
2818 1
1320 3 0 2 1 0 0 1
2829 1
1320 2 0 2
2698 1
1320 2 0 1 0 0 1 0 0 1
311 1 0 1
1320 3 0 3
207 1 0 1 1 0 0 1
310 1 0 1
205 1 0 1
+99 3 0 3
1332 1 0 1 0 0 1 0 0 1
cfi=(24)
cfn=(66)
calls=1 53 
* 17 1 5 2 0 1 2 0 1
2677 3 1 2
+6 5 1 0 1 0 0 1
-4 1
+4 1 0 1 0 0 1 0 0 1
+2 3 0 1
cfi=(25)
cfn=(68)
calls=1 28 
* 35 13 1 2 0 0 2
* 4 0 2
cfi=(25)
cfn=(68)
calls=2 28 
* 198 69 1
* 9
+4 6 2
-2 2
+2 6
+1 2 0 0 1 0 0 1
-1 6 2
+1 17
-1 89 17
+9 12 2 0 0 1 0 0 1
2845 4 1 0 1 0 0 1
+32 2
1348 1 1
+1 2 1
-1 2 1 1
+1 2 1 0 1 0 0 1
2774 3 1 0 1 0 0 1
+1 3 1
-56 2 1 0 1 0 0 1
+7 2 1
1627 9 0 2 2 0 0 2
cfi=(26)
cfn=(70)
calls=1 59 
* 230 29 51 21 4 14 21 4 14
* 1
+2 2
+1 1 1
+6 2
-6 1 0 1
+1 2 1 1
+1 3 2 1 1 0 0 1
+4 1 0 1
cfi=(26)
cfn=(82)
calls=1 31 
* 36 9 8 3 0 0 3
+1 2 1
1140 1 1
1326 1 0 1
1169 1 1
-29 1 0 1
+11 1 0 1
+18 2 1 0 1 0 0 1
-21 1 1 0 0 1 0 0 1
+21 1
-19 1 0 1
-4 1 0 1
+23 1
-21 1 0 1 0 0 1 0 0 1
+21 2
+57 1 1 0 1 0 0 1
-83 1 0 1
+23 1
+4 1
+19 1
+22 1
+15 5
-56 116 22 0 1 7 0 1 7
1275 4 2 1 0 1 0 0 1
+2 1
1169 18 0 0 1 0 0 1
fi=(30)
105 2 0 1
fe=(2)
1282 22
+6 4 0 1
cfi=(31)
cfn=(88)
calls=1 868 
* 20 8 0 3 1 0 3 1
-7 26 13
+1 13 13 0 1 0 0 1
+6 13
-6 26
fi=(30)
212 4 4
+1 2 2
95 8 4
+10 2
212 1
105 1
-2 1
-3 1 0 0 1 0 0 1
+2 1 0 1
+3 1
-4 2 0 1
+92 4
-1 1
-87 3
+3 3 1 0 1 0 0 1
+1 2 1
+1 2 1
+4 3 1
+4 3 0 1
+3 3 1 0 1 0 0 1
+1 2
+4 1
+1 4 0 1
+58 3
+2 4
-56 4 2 0 1 0 0 1
+1 2 2
+3 4
+3 2
+1 8
+5 4 0 0 1 0 0 1
+2 4
+5 4
+14 2 2
-1 4
+2 2
fe=(2)
1174 1 1 0 1 0 0 1
-5 1 0 0 1 0 0 1
+5 2 1 1
-5 2
+30 1 1
-9 1 1
+27 1 0 1
-27 1 1 0 0 1 0 0 1
+2 1 0 1
-3 1 0 1
+10 2 0 0 1 0 0 1
-20 2 2 0 1 0 0 1
-10 1
+10 1 0 1
+1 9 2 1
-11 2
+57 4 4 0 1 1 0 1 1
-1 4 4
+1 8
-1 4
+2 8 4
+1 1 0 1
+2 12 4
+1 14 0 0 1 0 0 1
+4 8 4 0 0 3 0 0 3
+1 8 4
+1 4 0 4
+1 10 5
+1 1 0 1
+4 1
-74 1
+74 2
-74 2
+74 3 0 0 1 0 0 1
-74 3
+74 6
-74 6
fi=(30)
165 2 0 1
fe=(2)
1271 1 1
1169 1
1271 1 0 1 0 0 1 0 0 1
1169 2 0 0 1 0 0 1
1294 1 1 0 0 1 0 0 1
+3 2 2
+2 1 1
-5 2
+3 2
+2 2 0 0 1 0 0 1
+2 2 1
1662 3 1
+2 1
-1 1 1
+1 2 2 0 1 0 0 1
+1 2 2
-2 1 1
+2 1 1
-2 2 0 1
cfi=(32)
cfn=(90)
calls=1 108 
* 34 5 0 5 1 0 5 1
* 2
+7 1 0 1 0 0 1 0 0 1
+3 1 1
-5 1 0 1
+3 1 0 1 1 0 1 1 0 1
+2 1
+1 2 0 1
+4 2 1
+2 2 1
fi=(3)
39 3 1 0 1 0 0 1
+6 1 1 0 0 1 0 0 1
-2 1
+2 2
+9 1
+5 1
+3 1
+2 1
-3 1
-3 1
-3 17
+13 5 0 5 0 0 2 0 0 2
-23 20 5 0 0 2 0 0 2
+23 24 0 24 0 0 4 0 0 4
-23 96 24 0 0 6 0 0 6
+4 58 0 0 1 0 0 1
+5 24
+2 5
+16 3 1 0 1 0 0 1
+25 3 1
+5 2 1
+7 2 1
+1 3 2
+22 3 1 0 1 0 0 1
+5 2 1 1
+2 2
+2 2
+2 2
+1 1 0 1
+3 3 1 0 1 0 0 1
+2 3 1 1
+1 2
+9 2 1
+6 2
+1 2 1 1
+3 2 1 0 1 0 0 1
fe=(2)
1688 3 1
+7 2 0 1 1 0 0 1
cfi=(8)
cfn=(14)
calls=1 25 
* 29 8 5 0 1 0 0 1
+3 2 1
fi=(33) ./elf/./setup-vdso.h
24 2 1 0 0 1 0 0 1
fi=(35) ./elf/../sysdeps/unix/sysv/linux/dl-vdso-setup.h
+21 1 0 1 1 0 0 1
fe=(2)
1723 1 0 1
cfi=(13)
cfn=(100)
calls=1 46 
* 109 15 4 5 1 1 5 1 1
* 8 1 1
fi=(37) ./elf/./dl-main.h
109 5 4 1 1 0 0 1
cfi=(31)
cfn=(106)
calls=1 706 
* 2926 561 407 95 8 19 95 8 19
fe=(2)
1731 3 1 1
cfi=(46)
cfn=(146)
calls=1 56 
* 30 6 5 5 1 0 5 1
+7 1 1
-7 1 0 1
+2 1 0 1
+5 1
+4 1 1
+3 1 0 1 1 0 0 1
-3 3 0 1
+1 2 0 1
+3 1 0 1
+5 1 1
-7 1 0 1
+7 1
+1 3 1 1 1 0 0 1
+12 2 1 0 0 1 0 0 1
+1 2 1
+5 1 1
-3 2 1
+2 1 0 1
+1 2 0 1 1 0 0 1
+5 3
+1 5 1 0 0 1 0 0 1
-1 2
233 1 1 0 1 0 0 1
-1 1 1 0 0 1 0 0 1
+1 3 2
+1 2
-2 1 1 0 1 0 0 1
+2 2
1793 2 1 0 1 0 0 1
+5 1 1
-1 1 0 1 1 0 0 1
+1 1
+24 1 0 1
cfi=(47)
cfn=(148)
calls=1 197 
* 6 3 0 1 0 0 1
* 1 0 1
fi=(48) ./elf/../sysdeps/generic/dl-debug.h
29 3 1
+1 2 1 1
fe=(2)
1828 2 1 1
+1 1 0 1
cfi=(46)
cfn=(152)
calls=1 116 
* 2 1 0 1 0 0 1
+1 1 0 0 1 0 0 1
+4 3 0 1
cfi=(49)
cfn=(154)
calls=1 28 
* 16 7 4 3 0 0 3
+5 3 2
+2 1
+2 2 1
+9 2 1
+16 4 0 1 1 0 0 1
cfi=(65)
cfn=(208)
calls=1 25 
* 9 1 1 1 0 0 1
* 2
+76 4 2
+16 3 1
85 1
1970 1
85 2 0 0 1 0 0 1
1970 2
85 1
1970 5 1 1
cfi=(66)
cfn=(210)
calls=1 159 
* 31159 6374 3128 161 182 193 159 181 193
92 1
1976 1 1
92 2
+9 2 0 1
1976 2 0 0 1 0 0 1
+1 5 2 1
-1 4
+1 12 6 6
-1 24
+4 4 3 1
+1 3 1 0 1 0 0 1
+1 1 0 1
+2 2
+1 4 1
-1 21
+1 18 6 0 1 0 0 1
+12 3 1 1
+1 2
+2 1
+2 3
+2 1 1
-4 1 0 1
+5 1 1
-1 2
+14 2 0 0 1 0 0 1
+1 2 0 1
+1 3 1
+11 2 0 0 1 0 0 1
+2 1
-2 1
+2 2
-2 1 0 1 0 0 1 0 0 1
+1 2
+1 1 0 0 1 0 0 1
-1 2 0 1
+1 1 0 1
cfi=(52)
cfn=(250)
calls=1 238 
* 20262 5818 1205 43 105 66 43 103 65
+10 2 1 1 0 1
+1 2
+3 2 1
862 1 1
fi=(275) ./elf/../sysdeps/unix/sysv/linux/dl-osinfo.h
64 2 1
fe=(2)
864 1 0 1 1 0 0 1
+6 1 1
+3 1 0 1
+7 1 0 1
-5 1 0 1
2052 3 1
2282 3 1
1778 2 2 0 1 1 0 1 1
+6 1 1 0 0 1 0 0 1
-6 2 0 1 0 0 1 0 0 1
+6 1
+2 3 2 0 1 0 0 1
fi=(30)
198 4 1 0 1 0 0 1
+2 1 1
+1 1 0 1
+2 1 0 1
-3 3 0 1
+3 1
fi=(3)
59 4 0 0 1 0 0 1
+3 4
+2 4
fi=(34) ./elf/../sysdeps/unix/sysv/linux/dl-vdso.h
-24 1 1 0 1 0 0 1
+1 2
fe=(2)
2331 1 1
1325 1
2342 1 1 0 1 0 0 1
-4 2 0 1
+10 1 1
-6 1 0 1
+6 1 0 1
+3 2
+8 1 1
fi=(30)
36 1 1 0 1 0 0 1
fe=(2)
2359 1 1
fi=(30)
37 3
+3 1 1
+13 9 1 0 0 1
-13 6 6
+9 12 6
-9 1 1
+9 35 7
+4 30 6
-16 21 0 0 1 0 0 1
+34 3 0 1
cfi=(77)
cfn=(270)
calls=1 252 
* 30 9 6 3 1 0 3 1
fe=(2)
2361 2
+54 3 1 0 1 0 0 1
+3 1 0 1 1 0 0 1
85 4 0 1
2422 1 1
+1 25 0 1 1 0 0 1
+2 14 14 0 0 4
+5 14 14 0 0 5
+2 14
+6 7 0 7
+2 21 0 0 1 0 0 1
+1 48 12 6 0 5
cfi=(78)
cfn=(272)
calls=6 194 
* 2107845 501435 182891 266 10652 1804 264 6879 1103
+4 18 9 0 0 3
+1 4
-23 2 0 0 1 0 0 1
+23 2 0 2
cfi=(47)
cfn=(412)
calls=2 1015 
* 56 18 12 2 3 2 2
-23 8 1 0 0 1
92 3
+1 1 1
2454 1 1
93 1 0 1
2454 1 0 0 1 0 0 1
+5 4 2
+2 1 0 1
+7 3 0 1
cfi=(47)
cfn=(486)
calls=1 528 
* 221 53 33 8 9 4 8 0 4
+3 2 1 0 1 0 0 1
fi=(3)
72 2 1 0 1 0 0 1
+10 3 1
+1 4 1 1
+1 4 1 1 1 0 0 1
+1 4 1 1
+2 4 1 1
+5 4 1 1
+1 4 1 1 1 0 0 1
+1 5 1 1
fi=(35)
-64 3 0 2 1 0 0 1
+3 1 0 1 1 0 0 1
+3 1 0 1
+3 1 0 1
fi=(34)
+16 2
fe=(2)
2434 1 0 1 1 0 0 1
+1 1 1
-3 2
+49 3 2 0 1 0 0 1
+2 4 1
+10 1 0 1
cfi=(148)
cfn=(488)
calls=1 561 
* 1026 244 73 15 75 6 15 8 4
+5 2 0 1
cfi=(7)
cfn=(496)
calls=1 76 
* 3083 909 376 8 29 0 8 10
+3 1 0 1
cfi=(152)
cfn=(504)
calls=1 30 
* 415 107 33 10 14 0 10 10
85 1
2507 1 0 1
+1 3 1
85 3 0 0 1 0 0 1
2508 2 0 1
cfi=(78)
cfn=(272)
calls=1 194 
* 5744 1614 597 1 71 3 0 19
92 3
+9 2 0 1
2516 3 1 1
cfi=(154)
cfn=(510)
calls=1 27 
* 1441 432 192 29 37 17 29 10 6
+7 1 0 1
cfi=(9)
cfn=(536)
calls=1 262 
* 2 1 0 1 0 0 1
+4 3 0 1 1 0 0 1
cfi=(49)
cfn=(538)
calls=1 40 
* 21 7 4 2 0 0 2
+5 2 0 1
cfi=(46)
cfn=(186)
calls=1 38 
* 7 2 0 1 1
+1 1 0 1
-1 1
+2 1 0 1
cfi=(46)
cfn=(152)
calls=1 116 
* 2 1
+1 1
+4 1 0 1
cfi=(68)
cfn=(540)
calls=1 537 
* 18 4 3 3 2 0 3
+5 8 7 0 0 2
1741 4 2 1 1 0 0 1
1995 2 0 1 1 0 0 1
+50 2 0 1 1 0 0 1
cfn=(258)
calls=1 756 
* 836 103 393 22 8 42 22 4 42
* 2
2726 4 2 0 1 0 0 1
+2 2 0 1
+1 1
+46 2 1 0 1 0 0 1
+2 1
+1 1
-1 1 0 1 1 0 0 1
+1 1 0 1
+1 1
85 1 0 0 1 0 0 1
1847 1 1
85 2
1847 1
85 1
1847 2 0 1
cfn=(156) handle_preload_list
calls=1 894 
* 3107 726 351 125 37 41 125 37 41
* 1
92 3 0 0 1 0 0 1
+9 3 0 1
1948 16 0 1 3 0 0 3
+1 1
-1 1
+4 3 0 1
+1 1 1
+1 2
+1 2
-7 2
fi=(30)
170 3 1 1 1 0 0 1
-39 2
fe=(2)

fn=(252)
696 3 0 1 1 0 0 1
+2 4 2 1 1 0 0 1
cfi=(75)
cfn=(254)
calls=1 361 
* 20234 5809 1196 40 105 66 40 103 65
* 2
+4 2 2

fn=(156)
894 10 0 7 1 0 1 1 0 1
+5 1 1
-5 2 0 2 0 0 1 0 0 1
+5 2
+6 1
-64 1
+54 3 0 0 1 0 0 1
+7 3 0 1
cfi=(50) ./string/../sysdeps/x86_64/strcspn.S
cfn=(158) strcspn
calls=1 25 
* 233 108 34 3 2 4 3 2 4
* 1
+1 3
+9 1
191 1 1 0 1 0 0 1
914 2 1
191 2
916 2 1
-80 1 1
+5 5
-10 1 0 1 1 0 0 1
+8 1 1
-4 1 0 1
+1 1 0 1
+1 1 0 1
+4 1 0 1
cob=(2)
cfi=(51)
cfn=(160)
calls=1 0 
* 2784 597 296 116 35 34 116 35 34
+1 3 1
+8 3 1
+67 1
-18 2 1
+21 9 7
-15 4 0 1 1 0 0 1
cfi=(29)
cfn=(80)
calls=1 212 
* 19 5 4 1 0 1 1 0 1
+1 2 0 1

fn=(170)
663 2 0 1 1 0 0 1
+2 1 1
-2 1
+2 1
+1 2 2 0 1 0 0 1
-1 2
+1 3 0 1
cfi=(31)
cfn=(172)
calls=1 2022 
* 2683 571 264 104 35 32 104 35 32
* 1 0 1
+2 2 2

fl=(50)
fn=(158)
25 1 0 0 1 0 0 1
+2 1
+7 1
+1 1 0 0 1 0 0 1
+2 1
+1 1
+1 1
+1 1
+1 33 0 32 0 0 4 0 0 4
+3 3
+7 1 1 0 0 1 0 0 1
+1 1
+1 1
+1 1 0 1
+2 1 1
+1 1
+1 1
+1 1 0 1
+2 1 1
+1 1
+1 1
+9 3 0 0 1 0 0 1
+12 1
+2 1 1
+1 1 1
+1 1
-4 12
+2 12 12
+1 12 12
+1 12
+2 13 13
+1 13 13
+1 13
+2 13 13
+1 13 13
+1 13
+2 13 13 0 0 1 0 0 1
+1 13 13
+1 13
+2 1
+1 1
+1 1
+2 1
+7 1
+4 1 1

ob=(5)
fl=(164)
fn=(2102)
0 11 3 4 2 2 0 1
cob=(2)
cfi=(51)
cfn=(2108)
calls=1 0 
0 121 28 12 1 0 0 1
0 10 1 1 1
cfn=(2114) 0x0000000000001070
calls=1 0 
0 5 1 0 1
0 5 4 1

fn=(2114)
0 5 1 0 1

fn=(562)
0 5 2 0 2 0 0 2

fn=(554)
0 12 1 0 3 0 0 3

ob=(7)
fl=(171)
fn=(714)
0 5
cob=(2)
cfi=(51)
cfn=(622)
calls=1 0 
0 77 15 15 0 0 1

fn=(886)
0 5 0 0 1 0 0 1
cob=(2)
cfi=(51)
cfn=(888)
calls=1 0 
0 2021 592 284 13 21 1 13 5

fn=(920)
0 13 1 5 1 0 1 1 0 1
cob=(2)
cfi=(51)
cfn=(870)
calls=1 0 
0 19 6 1
0 5 3 1 1 0 1 1 0 1

fn=(944)
0 15 1 7 2 0 1 2 0 1
cob=(2)
cfi=(51)
cfn=(858)
calls=1 0 
0 5 2
0 4 0 2
cob=(2)
cfi=(51)
cfn=(946)
calls=1 0 
0 1262 298 161 16 9 0 16 2
0 4 3

fn=(998)
0 84 1 0 2 0 0 2
cob=(2)
cfi=(51)
cfn=(1000)
calls=1 0 
0 612 116 28
0 24 1 0 1 0 0 1
cob=(2)
cfi=(51)
cfn=(1000)
calls=1 0 
0 392 76 20 0 1 0 0 1
0 7 1
cob=(2)
cfi=(51)
cfn=(1000)
calls=1 0 
0 502 96 24
0 9 1 0 1 0 0 1
cob=(2)
cfi=(51)
cfn=(1000)
calls=1 0 
0 202 42 13
0 3 1
cob=(2)
cfi=(51)
cfn=(1000)
calls=1 0 
0 257 52 15
0 3 1 0 1 0 0 1
cob=(2)
cfi=(51)
cfn=(1000)
calls=1 0 
0 969 313 150 11 15 0 8 5
0 3 1
cob=(2)
cfi=(51)
cfn=(1000)
calls=1 0 
0 557 106 26
0 3 1
cob=(2)
cfi=(51)
cfn=(1000)
calls=1 0 
0 192 38 13 0 1
0 3 1
cob=(2)
cfi=(51)
cfn=(1000)
calls=1 0 
0 337 66 18 0 1 0 0 1
0 7 3 0 2 0 0 2
cob=(2)
cfi=(51)
cfn=(1000)
calls=1 0 
0 147 32 11 1 0 0 1

fn=(1018)
0 13 1 5 2 0 1 2 0 1
cob=(2)
cfi=(51)
cfn=(870)
calls=1 0 
0 19 6 1
0 5 3 1

fn=(1062)
0 414 137 75 5 0 0 5

fn=(1182)
0 13 1 5 2 0 0 2
cob=(2)
cfi=(51)
cfn=(870)
calls=1 0 
0 19 6 1
0 2 0 2
cob=(2)
cfi=(51)
cfn=(858)
calls=1 0 
0 5 2
0 5 3 1

fn=(1208)
0 3 1 1 1 0 0 1

fn=(1222)
0 70 0 30 4 0 0 1
cob=(2)
cfi=(51)
cfn=(1224)
calls=10 0 
0 3114 1046 573 20 31 1 11 4
0 30 0 10
cob=(2)
cfi=(51)
cfn=(1242)
calls=10 0 
0 9083 2444 1087 47 78 0 18 16
0 130 30 50 3 0 0 1

fn=(1282)
0 50 10 20 2 2 0 1
cob=(2)
cfi=(51)
cfn=(910)
calls=10 0 
0 80 30
0 60 50

fn=(1288)
0 28 0 12 1 0 0 1
cob=(2)
cfi=(51)
cfn=(1224)
calls=4 0 
0 348 128 72
0 12 0 4
cob=(2)
cfi=(51)
cfn=(1290)
calls=4 0 
0 8449 2208 985 22 52 0 22 15
0 52 12 24 1 0 0 1

fn=(1352)
0 11532 0 0 3 0 0 1
cob=(2)
cfi=(51)
cfn=(1354)
calls=5766 0 
0 1151928 214902 173473 100 517 5034 12 1 726

fn=(1362)
0 4 2 0 1 0 0 1

fn=(1442)
0 720 30 37 10 6 3 10 3
cob=(2)
cfi=(51)
cfn=(1444)
calls=1 0 
0 873 308 143 7 13 2 4 6
0 12 6 1 1

fn=(1602)
0 60 3 39 5 2 0 2
cob=(2)
cfi=(51)
cfn=(836)
calls=3 0 
0 81 33 18 0 0 1
0 30 3 15 1 2 0 1
cob=(2)
cfi=(51)
cfn=(1604)
calls=3 0 
0 958 272 137 4 11 1 3 2
0 45 0 39 6 0 1 2
cob=(2)
cfi=(51)
cfn=(1610)
calls=3 0 
0 2097 645 331 32 33 1 13 1
0 12 0 3
cob=(2)
cfi=(51)
cfn=(1624)
calls=3 0 
0 1407 411 200 9 10 0 4
0 21 18 3

fn=(1642)
0 16 8 0 3

fn=(1658)
0 48 8 0 3 0 0 2
cob=(2)
cfi=(51)
cfn=(1660)
calls=8 0 
0 1503 384 183 10 11 0 4 1

fn=(1684)
0 124 16 44 6 0 0 2
cob=(2)
cfi=(51)
cfn=(1588)
calls=4 0 
0 665 136 114 2 3 11 2
0 36 4 4 4 0 0 1
cob=(2)
cfi=(51)
cfn=(1408)
calls=4 0 
0 54 16 8
0 40 8 4 3 0 0 1
cob=(2)
cfi=(51)
cfn=(1408)
calls=4 0 
0 70 16 8
0 32 8 4
cob=(2)
cfi=(51)
cfn=(1558)
calls=4 0 
0 380 120 60 2 1 1
0 56 40 8 2 0 0 1

fn=(1712)
0 21 0 12 1 0 0 1
cfn=(1714) 0x00000000000d0980
calls=3 0 
0 27 6 0 3 2 0 1 1
0 18 0 3
cob=(2)
cfi=(51)
cfn=(1702)
calls=3 0 
0 18 9
0 15 0 3
cob=(2)
cfi=(51)
cfn=(1720)
calls=3 0 
0 2790 739 594 113 42 14 39 6
0 27 12 6 1 0 0 1

fn=(1786) std::basic_filebuf<char, std::char_traits<char> >::overflow(int)
0 117 30 21 8 0 0 3
cob=(2)
cfi=(51)
cfn=(1922)
calls=3 0 
0 4729 1468 725 44 50 0 12 16
0 165 48 42 8 0 0 4

fn=(1798) std::num_put<char, std::ostreambuf_iterator<char, std::char_traits<char> > >::do_put(std::ostreambuf_iterator<char, std::char_traits<char> >, std::ios_base&, char, long) const
0 102 0 0 2 0 0 1
cob=(2)
cfi=(51)
cfn=(1800)
calls=34 0 
0 10641 2412 1540 22 14 0 11

fn=(1842)
0 1240 120 160 7 2 0 3 1

fn=(1844) 0x00000000000fb400
0 1040 80 640 9 0 2 2
cob=(2)
cfi=(51)
cfn=(970)
calls=40 0 
0 960 400 160 8 8
0 480 0 200 2 0 0 1
cob=(2)
cfi=(51)
cfn=(1850)
calls=40 0 
0 77978 15794 11159 443 63 42 150 20
0 120 0 40
cob=(2)
cfi=(51)
cfn=(970)
calls=40 0 
0 960 400 160 0 2
0 400 280 0 4 0 0 1

fn=(1954)
0 27 6 6 3 0 0 1
cob=(2)
cfi=(51)
cfn=(1956)
calls=3 0 
0 495 153 54 29 2 0 1
0 33 9 15

fn=(2130)
0 2 1 0 1 0 0 1

fn=(862)
0 21 7 0 1 0 0 1

fn=(908)
0 448 0 224 1 0 0 1
cob=(2)
cfi=(51)
cfn=(910)
calls=32 0 
0 1308 436 195 4 11 0 4 5
0 11680 3520 64 5 0 0 5

fn=(914)
0 1776 592 96 2 12 0 2 4

fn=(1030)
0 109 30 31 6 0 0 6

fn=(1036)
0 109 30 31 6 0 0 6

fn=(1048)
0 11 2 4 2 0 0 2
cob=(2)
cfi=(51)
cfn=(870)
calls=1 0 
0 19 6 1
0 138 4 25 12 0 0 12

fn=(1056) 0x00000000000dc6c0
0 23 4 11 2 1 2 2 0 2
cob=(2)
cfi=(51)
cfn=(1058)
calls=1 0 
0 1468 418 206 7 8 0 7 1
0 8 4 3 1 0 0 1
cob=(2)
cfi=(51)
cfn=(910)
calls=1 0 
0 17 6 2
0 7 2 4
cob=(2)
cfi=(51)
cfn=(870)
calls=1 0 
0 19 6 1
0 7 3 3 1 0 0 1
cob=(2)
cfi=(51)
cfn=(910)
calls=1 0 
0 17 6 2
0 12 1 5 1 0 1 1 0 1
cob=(2)
cfi=(51)
cfn=(1076)
calls=1 0 
0 1263 331 162 6 9 0 6 3
0 7 3 3 1 0 0 1
cob=(2)
cfi=(51)
cfn=(910)
calls=1 0 
0 17 6 2
0 13 3 5 1 1 0 1
cob=(2)
cfi=(51)
cfn=(1088)
calls=1 0 
0 1279 333 162 7 7 0 7 2
0 7 3 3
cob=(2)
cfi=(51)
cfn=(910)
calls=1 0 
0 17 6 2
0 12 5 5 1 0 0 1
cob=(2)
cfi=(51)
cfn=(910)
calls=1 0 
0 17 6 2
0 12 4 5 1 1 0 1
cob=(2)
cfi=(51)
cfn=(910)
calls=1 0 
0 17 6 2
0 12 4 5 2 0 0 2
cob=(2)
cfi=(51)
cfn=(910)
calls=1 0 
0 17 6 2
0 6 0 2
cob=(2)
cfi=(51)
cfn=(1112)
calls=1 0 
0 801 257 140 4 9 1 4 1 1
0 7 3 3 1 0 0 1
cob=(2)
cfi=(51)
cfn=(910)
calls=1 0 
0 17 6 2
0 16 5 7 1 0 1 1 0 1
cob=(2)
cfi=(51)
cfn=(1124)
calls=1 0 
0 1412 356 205 8 6 0 6
0 7 3 3 1 1 0 1
cob=(2)
cfi=(51)
cfn=(910)
calls=1 0 
0 17 6 2
0 7 2 4 0 1
cob=(2)
cfi=(51)
cfn=(870)
calls=1 0 
0 19 6 1
0 7 3 3 1 0 0 1
cob=(2)
cfi=(51)
cfn=(910)
calls=1 0 
0 17 6 2
0 13 2 5 1 0 1 1 0 1
cob=(2)
cfi=(51)
cfn=(1142)
calls=1 0 
0 1291 327 162 7 9 0 7 2
0 7 3 3 1 1 0 1
cob=(2)
cfi=(51)
cfn=(910)
calls=1 0 
0 17 6 2
0 13 3 5 1 0 0 1
cob=(2)
cfi=(51)
cfn=(1154)
calls=1 0 
0 1267 324 162 8 8 0 8
0 7 3 3
cob=(2)
cfi=(51)
cfn=(910)
calls=1 0 
0 17 6 2
0 12 5 5 1 1 0 1
cob=(2)
cfi=(51)
cfn=(910)
calls=1 0 
0 17 6 2
0 12 4 5 2 0 1 2 0 1
cob=(2)
cfi=(51)
cfn=(910)
calls=1 0 
0 17 6 2
0 12 4 5 1 0 0 1
cob=(2)
cfi=(51)
cfn=(910)
calls=1 0 
0 17 6 2
0 6 0 2
cob=(2)
cfi=(51)
cfn=(1178)
calls=1 0 
0 801 257 140 4 8 0 4 2
0 6 3 2 1 0 0 1
cob=(2)
cfi=(51)
cfn=(910)
calls=1 0 
0 17 6 2
0 4 2 2
cob=(2)
cfi=(51)
cfn=(910)
calls=1 0 
0 8 3
0 4 2 2
cob=(2)
cfi=(51)
cfn=(910)
calls=1 0 
0 8 3
0 4 2 2 1 0 0 1
cob=(2)
cfi=(51)
cfn=(910)
calls=1 0 
0 8 3
0 5 3 2
cob=(2)
cfi=(51)
cfn=(910)
calls=1 0 
0 8 3
0 4 2 2 1 0 0 1
cob=(2)
cfi=(51)
cfn=(910)
calls=1 0 
0 8 3
0 5 3 2
cob=(2)
cfi=(51)
cfn=(910)
calls=1 0 
0 8 3
0 10 8 1

fn=(1092)
0 113 38 31 5 0 0 5

fn=(1128)
0 350 74 74 6 0 0 6

fn=(1306)
0 20 4 8 1 0 0 1
cob=(2)
cfi=(51)
cfn=(910)
calls=4 0 
0 32 12
0 24 20 0 1 0 0 1

fn=(1522) __gnu_cxx::stdio_sync_filebuf<char, std::char_traits<char> >::xsputn(char const*, long)
0 12 2 0 4 0 0 2
cob=(2)
cfi=(51)
cfn=(1524)
calls=2 0 
0 1257 390 187 22 10 0 12 5

fn=(1556)
0 11532 0 0 1 0 0 1
cob=(2)
cfi=(51)
cfn=(1558)
calls=5766 0 
0 1039087 309333 126501 61 5242 72 30 2

fn=(1586)
0 84 21 24 9 0 0 3
cob=(2)
cfi=(51)
cfn=(1588)
calls=3 0 
0 1623 372 186 14 23 4 6
0 21 3 9
cob=(2)
cfi=(51)
cfn=(1408)
calls=3 0 
0 39 12 6 1 5
0 9 6

fn=(1614)
0 15 3 6
cob=(2)
cfi=(51)
cfn=(910)
calls=3 0 
0 24 9 0 0 2
0 36 18 3 3 4 0 1
cob=(2)
cfi=(51)
cfn=(1616)
calls=3 0 
0 974 328 191 26 20 1 10
0 15 6

fn=(1620)
0 210 48 66 6 8 1 2
cfn=(1622) __cxxabiv1::__si_class_type_info::__do_dyncast(long, __cxxabiv1::__class_type_info::__sub_kind, __cxxabiv1::__class_type_info const*, void const*, __cxxabiv1::__class_type_info const*, void const*, __cxxabiv1::__class_type_info::__dyncast_result&) const
calls=6 0 
0 222 66 54 12 0 0 4
0 120 66 0 4 0 0 2

fn=(1790)
0 374 102 0 2 0 0 1
cob=(2)
cfi=(51)
cfn=(1792)
calls=34 0 
0 14398 3791 2153 44 33 0 20

fn=(1962)
0 24 0 12 3 0 0 1
cob=(2)
cfi=(51)
cfn=(1702)
calls=6 0 
0 36 18
0 33 12 3
cob=(2)
cfi=(51)
cfn=(1964)
calls=3 0 
0 2168 665 390 83 21 0 28 6
0 18 6 3

fn=(2016)
0 39 15 12 3 0 0 1

fn=(2034)
0 13 4 2 2 1 0 2
cob=(2)
cfi=(51)
cfn=(1494)
calls=1 0 
0 136 53 23 13 12
0 2 1 1
cob=(2)
cfi=(51)
cfn=(1494)
calls=1 0 
0 2788 940 470 53 104 1 10 6
0 2 1 1 0 1
cob=(2)
cfi=(51)
cfn=(1494)
calls=1 0 
0 136 53 23 0 2
0 2 1 1 0 1
cob=(2)
cfi=(51)
cfn=(2054)
calls=1 0 
0 2134 602 285 11 23 0 10 4
0 2 1 1 0 1
cob=(2)
cfi=(51)
cfn=(2054)
calls=1 0 
0 393 148 64 1 5 0 1
0 2 1 1 1 1 0 1
cob=(2)
cfi=(51)
cfn=(2054)
calls=1 0 
0 136 53 23 0 2
0 2 1

fn=(2066) __gnu_cxx::stdio_sync_filebuf<wchar_t, std::char_traits<wchar_t> >::sync()
0 15 5 0 0 2
cob=(2)
cfi=(51)
cfn=(1502)
calls=5 0 
0 340 115 65

fn=(2140)
0 2 1

fn=(2152)
0 4 0 1 1 0 0 1
cob=(2)
cfi=(51)
cfn=(2146)
calls=1 0 
0 4 2

fn=(752)
0 50 25 12 3 12 0 3 2

fn=(804)
0 7 0 2 1 0 0 1
cob=(2)
cfi=(51)
cfn=(622)
calls=1 0 
0 77 15 15
0 4 0 1
cob=(2)
cfi=(51)
cfn=(622)
calls=1 0 
0 77 15 15 0 0 1 0 0 1
0 5 1 0 1 0 0 1
cob=(2)
cfi=(51)
cfn=(622)
calls=1 0 
0 77 15 15

fn=(842) 0x00000000000c2320
0 11 1 3 1 0 0 1
cob=(2)
cfi=(51)
cfn=(852)
calls=1 0 
0 77497 21138 9787 334 393 96 326 78 95
0 9 2 2
cob=(2)
cfi=(51)
cfn=(1204)
calls=1 0 
0 785 248 132 1 8 0 1 2
0 272 135 0 3 7 0 2 1

fn=(932)
0 113 38 31 4 1 0 4 1

fn=(938)
0 113 38 31 5 0 0 5

fn=(956)
0 13 1 5 2 0 1 2 0 1
cob=(2)
cfi=(51)
cfn=(870)
calls=1 0 
0 19 6 1
0 2 0 2
cob=(2)
cfi=(51)
cfn=(858)
calls=1 0 
0 5 2
0 5 3 1

fn=(1216)
0 638 11 264 11 2 32 3 0 20
cob=(2)
cfi=(51)
cfn=(836)
calls=11 0 
0 297 121 66 7 8 2 0 0 1

fn=(1240)
0 160 80 20 1 0 0 1

fn=(1300)
0 12 4 0 1 0 0 1

fn=(1418)
0 10 4 4

fn=(1500) __gnu_cxx::stdio_sync_filebuf<char, std::char_traits<char> >::sync()
0 27 9 0 3 2 0 1
cob=(2)
cfi=(51)
cfn=(1502)
calls=9 0 
0 1402 492 258 25 20 0 9 6

fn=(1580)
0 24 6 3 2 2 0 1
cob=(2)
cfi=(51)
cfn=(1582)
calls=3 0 
0 3177 741 356 27 70 24 9 3

fn=(1622)
0 222 66 54 12 0 0 4

fn=(1690)
0 68 16 28 2 0 0 1

fn=(1774)
0 1020 0 306 2 0 0 1
cob=(2)
cfi=(51)
cfn=(1676)
calls=102 0 
0 1648 308 0 2 6 0 1 3
0 408 0 102
cob=(2)
cfi=(51)
cfn=(1516)
calls=102 0 
0 20002 6496 3371 38 15 5 17
0 510 306 0 2 0 0 1

fn=(1776) std::basic_filebuf<char, std::char_traits<char> >::xsputn(char const*, long)
0 2912 728 910 2 2 0 1
cfn=(1778) std::codecvt<char, char, __mbstate_t>::do_always_noconv() const
calls=182 0 
0 546 182 0 1 0 0 1
0 4562 1459 0 5 0 0 3
cob=(2)
cfi=(51)
cfn=(1780)
calls=182 0 
0 11608 2819 1927 23 9 5 12

fn=(1806) 0x000000000012b240
0 592 74 370 2 2 0 1
cob=(2)
cfi=(51)
cfn=(910)
calls=74 0 
0 592 222 0 1
0 962 592 0 0 2

fn=(2058)
0 45 12 12 2 7 0 2
cob=(2)
cfi=(51)
cfn=(2060)
calls=3 0 
0 1245 360 170 5 10 0 5 2
0 21 18 3 0 3
cfn=(2066)
calls=3 0 
0 213 72 39 0 2
0 49 27 1 1 0 0 1
cob=(2)
cfi=(51)
cfn=(2036)
calls=1 0 
0 33 13 2
0 7 3 1 1 0 0 1
cfn=(2066)
calls=1 0 
0 71 24 13
0 2

fn=(2059)
0 15 4 4
cob=(2)
cfi=(51)
cfn=(2061)
calls=1 0 
0 25 9 5
0 7 6 1
cfn=(2066)
calls=1 0 
0 71 24 13
0 16 9

fn=(2136)
0 2 1 0 1 0 0 1

fn=(610)
0 9 0 4 1 0 1 1
cob=(2)
cfi=(51)
cfn=(612)
calls=1 0 
0 801 248 132 3 16 7 3 0 1
0 7 0 2 1 0 0 1
cob=(2)
cfi=(51)
cfn=(622)
calls=1 0 
0 1035 324 162 9 15 1 9 1
0 3 0 2
cob=(2)
cfi=(51)
cfn=(612)
calls=1 0 
0 7 3 1
0 9 2 1 1 0 0 1
cob=(2)
cfi=(51)
cfn=(622)
calls=1 0 
0 77 15 15 0 0 1

fn=(734)
0 34 17 8 2 8 0 2 1

fn=(778)
0 50 25 12 3 10 0 3 2

fn=(892)
0 5 0 2 2 0 0 2
cob=(2)
cfi=(51)
cfn=(894)
calls=1 0 
0 909 303 150 9 13 1 9 3
0 5 2 1

fn=(1080)
0 113 38 31 4 0 0 4

fn=(1276)
0 30 10

fn=(1390)
0 212 17 0 4 0 0 2
cob=(2)
cfi=(51)
cfn=(1354)
calls=9 0 
0 1266 244 177 13 14 3 6 0 1
0 24 0 8
cob=(2)
cfi=(51)
cfn=(1354)
calls=8 0 
0 1020 221 174 8 7 11 2

fn=(1452)
0 56 4 20 4 0 0 2
cob=(2)
cfi=(51)
cfn=(1454)
calls=4 0 
0 847 279 151 5 5 0 5 2
0 104 72 4 4 4 0 2
cfn=(1460) __gnu_cxx::stdio_sync_filebuf<char, std::char_traits<char> >::overflow(int)
calls=4 0 
0 1905 545 300 58 25 2 38 5 1
0 8

fn=(1498)
0 105 28 28 6 7 0 2
cob=(2)
cfi=(51)
cfn=(1454)
calls=7 0 
0 318 118 59 0 1
0 49 42 7 3 5 0 1
cfn=(1500)
calls=7 0 
0 1287 453 232 28 22 0 10 6
0 113 63 1 1 0 0 1
cob=(2)
cfi=(51)
cfn=(2036)
calls=1 0 
0 2428 805 408 52 96 1 9 5
0 7 3 1
cfn=(1500)
calls=1 0 
0 71 24 13
0 2

fn=(1499)
0 15 4 4
cob=(2)
cfi=(51)
cfn=(1455)
calls=1 0 
0 25 9 5
0 7 6 1
cfn=(1500)
calls=1 0 
0 71 24 13
0 16 9

fn=(1608)
0 12 3 6 1 0 0 1

fn=(1634)
0 24 8 0 3 0 0 1

fn=(1668)
0 64 24 0 3 0 0 1
cob=(2)
cfi=(51)
cfn=(1660)
calls=8 0 
0 360 96 56

fn=(1778)
0 564 188 0 1 0 0 1

fn=(2132)
0 2 1

fn=(2144)
0 4 0 1 2 0 0 1
cob=(2)
cfi=(51)
cfn=(2146)
calls=1 0 
0 814 249 131 4 10

fn=(2156) 0x00000000000aaf10
0 5 1 0 1

fn=(604)
0 12 1 0 2 0 0 2

fn=(706)
0 44 13 28 5 3 6 5 3 6

fn=(716)
0 34 17 8 2 9 0 2 1

fn=(840)
0 238 0 170 2 0 4 1 0 1
cfn=(842)
calls=34 0 
0 78574 21524 9924 339 408 96 330 81 95
0 340 204 34 6 1 1 2

fn=(856)
0 141 1 121 3 0 16 3 0 16
cob=(2)
cfi=(51)
cfn=(858)
calls=1 0 
0 887 258 131 3 12 0 3 2
0 7 1 2 0 1 0 0 1
cob=(2)
cfi=(51)
cfn=(864)
calls=1 0 
0 4849 1445 799 33 57 10 33 17 9
0 4 1 1 1 0 0 1
cob=(2)
cfi=(51)
cfn=(904)
calls=1 0 
0 2222 642 273 12 13 0 12 3
0 4 0 1
cob=(2)
cfi=(51)
cfn=(916)
calls=1 0 
0 891 266 138 4 5 2 4 1 2
0 4 1 1
cob=(2)
cfi=(51)
cfn=(904)
calls=1 0 
0 398 117 11 0 1
0 23 1 15 3 0 4 3 0 4
cob=(2)
cfi=(51)
cfn=(922)
calls=1 0 
0 1556 429 206 9 14 0 9 4
0 4 1 1
cob=(2)
cfi=(51)
cfn=(904)
calls=1 0 
0 398 117 11 0 1 0 0 1
0 8 2 3 1 1 0 1
cob=(2)
cfi=(51)
cfn=(904)
calls=1 0 
0 398 117 11 0 1 0 0 1
0 8 2 3 1 2 0 1
cob=(2)
cfi=(51)
cfn=(904)
calls=1 0 
0 398 117 11
0 5 1 3
cob=(2)
cfi=(51)
cfn=(870)
calls=1 0 
0 19 6 1
0 5 1 2 1 1 0 1
cob=(2)
cfi=(51)
cfn=(904)
calls=1 0 
0 398 117 11
0 28 1 19 3 1 4 3 0 4
cob=(2)
cfi=(51)
cfn=(928)
calls=1 0 
0 1335 340 162 6 11 0 6 2
0 4 1 1 1 0 0 1
cob=(2)
cfi=(51)
cfn=(904)
calls=1 0 
0 398 117 11
0 28 1 19 3 1 1 3 0 1
cob=(2)
cfi=(51)
cfn=(934)
calls=1 0 
0 1343 341 162 7 9 0 7 1
0 4 1 1 0 1
cob=(2)
cfi=(51)
cfn=(904)
calls=1 0 
0 398 117 11
0 8 2 3 1 0 0 1
cob=(2)
cfi=(51)
cfn=(904)
calls=1 0 
0 398 117 11
0 8 2 3 1 0 0 1
cob=(2)
cfi=(51)
cfn=(904)
calls=1 0 
0 398 117 11
0 35 0 28 4 0 6 4 0 6
cob=(2)
cfi=(51)
cfn=(940)
calls=1 0 
0 2271 577 301 21 18 1 20 3 1
0 4 1 1
cob=(2)
cfi=(51)
cfn=(904)
calls=1 0 
0 398 117 11
0 8 2 3 1 2 0 1
cob=(2)
cfi=(51)
cfn=(904)
calls=1 0 
0 398 117 11
0 8 2 3 0 2
cob=(2)
cfi=(51)
cfn=(904)
calls=1 0 
0 398 117 11
0 4 0 1 1 0 0 1
cob=(2)
cfi=(51)
cfn=(952)
calls=1 0 
0 849 263 140 4 6 1 4 1 1
0 4 1 1
cob=(2)
cfi=(51)
cfn=(904)
calls=1 0 
0 398 117 11
0 4 0 1
cob=(2)
cfi=(51)
cfn=(958)
calls=1 0 
0 29015 7614 4013 52 86 21 47 20 21
0 4 1 1 1 0 0 1
cob=(2)
cfi=(51)
cfn=(904)
calls=1 0 
0 398 117 11
0 4 0 1
cob=(2)
cfi=(51)
cfn=(1014)
calls=1 0 
0 891 266 138 4 6 1 4 2 1
0 4 1 1 0 1
cob=(2)
cfi=(51)
cfn=(904)
calls=1 0 
0 398 117 11
0 23 1 15 3 1 4 3 0 4
cob=(2)
cfi=(51)
cfn=(1020)
calls=1 0 
0 1468 363 205 7 10 3 7 1 3
0 4 1 1 0 1
cob=(2)
cfi=(51)
cfn=(904)
calls=1 0 
0 398 117 11 0 1 0 0 1
0 8 2 3 1 0 0 1
cob=(2)
cfi=(51)
cfn=(904)
calls=1 0 
0 398 117 11 0 1 0 0 1
0 8 2 3 1 0 0 1
cob=(2)
cfi=(51)
cfn=(904)
calls=1 0 
0 398 117 11
0 5 1 3
cob=(2)
cfi=(51)
cfn=(870)
calls=1 0 
0 19 6 1
0 16 3 5 2 1 0 2
cob=(2)
cfi=(51)
cfn=(904)
calls=1 0 
0 398 117 11
0 27 1 19 3 1 4 3 0 4
cob=(2)
cfi=(51)
cfn=(1026)
calls=1 0 
0 1355 335 162 8 9 0 8 1
0 4 1 1
cob=(2)
cfi=(51)
cfn=(904)
calls=1 0 
0 398 117 11
0 28 1 19 4 0 2 4 0 2
cob=(2)
cfi=(51)
cfn=(1032)
calls=1 0 
0 1323 331 162 8 9 0 8
0 4 1 1 0 1
cob=(2)
cfi=(51)
cfn=(904)
calls=1 0 
0 398 117 11
0 8 2 3 1 0 0 1
cob=(2)
cfi=(51)
cfn=(904)
calls=1 0 
0 398 117 11
0 8 2 3 1 1 1 1 0 1
cob=(2)
cfi=(51)
cfn=(904)
calls=1 0 
0 398 117 11
0 35 0 28 3 0 6 3 0 6
cob=(2)
cfi=(51)
cfn=(1038)
calls=1 0 
0 2303 581 301 20 16 0 20 3
0 4 1 1 1 0 0 1
cob=(2)
cfi=(51)
cfn=(904)
calls=1 0 
0 398 117 11
0 8 2 3 0 0 1 0 0 1
cob=(2)
cfi=(51)
cfn=(904)
calls=1 0 
0 398 117 11
0 8 2 3 1 2 0 1
cob=(2)
cfi=(51)
cfn=(904)
calls=1 0 
0 398 117 11
0 4 0 1 1 0 0 1
cob=(2)
cfi=(51)
cfn=(1050)
calls=1 0 
0 849 263 140 3 7 0 3
0 4 1 1 0 1
cob=(2)
cfi=(51)
cfn=(904)
calls=1 0 
0 398 117 11
0 8 2 3 1 0 1 1 0 1
cob=(2)
cfi=(51)
cfn=(904)
calls=1 0 
0 398 117 11 0 1
0 8 2 3
cob=(2)
cfi=(51)
cfn=(904)
calls=1 0 
0 398 117 11
0 8 2 3 1 0 0 1
cob=(2)
cfi=(51)
cfn=(904)
calls=1 0 
0 398 117 11
0 8 2 3 1 0 0 1
cob=(2)
cfi=(51)
cfn=(904)
calls=1 0 
0 398 117 11
0 9 3 4 1 0 0 1
cfn=(1056)
calls=1 0 
0 10234 2830 1495 76 71 7 74 11 7
0 3 2 1
cob=(2)
cfi=(51)
cfn=(910)
calls=1 0 
0 8 3
0 4 2 2
cob=(2)
cfi=(51)
cfn=(910)
calls=1 0 
0 8 3
0 4 2 2 1 0 0 1
cob=(2)
cfi=(51)
cfn=(910)
calls=1 0 
0 8 3
0 4 2 2
cob=(2)
cfi=(51)
cfn=(910)
calls=1 0 
0 8 3
0 5 2 2
cob=(2)
cfi=(51)
cfn=(910)
calls=1 0 
0 8 3
0 5 2 2 1 0 0 1
cob=(2)
cfi=(51)
cfn=(910)
calls=1 0 
0 8 3
0 4 2 2
cob=(2)
cfi=(51)
cfn=(910)
calls=1 0 
0 8 3
0 5 2 2
cob=(2)
cfi=(51)
cfn=(910)
calls=1 0 
0 8 3
0 13 9 1 1 1 0 1

fn=(874)
0 270 0 54 4 0 0 1
cob=(2)
cfi=(51)
cfn=(876)
calls=54 0 
0 3496 1089 457 31 44 1 24 15
0 216 108

fn=(926)
0 414 137 75 7 4 0 7 2

fn=(950)
0 11 2 4 2 0 0 2
cob=(2)
cfi=(51)
cfn=(870)
calls=1 0 
0 19 6 1
0 138 4 25 12 0 0 12

fn=(1258)
0 250 50 100 6 2 0 1
cob=(2)
cfi=(51)
cfn=(910)
calls=50 0 
0 400 150 0 1 4
0 300 250 0 3 4 0 1

fn=(1270)
0 50 10 20 2 2 0 1
cob=(2)
cfi=(51)
cfn=(910)
calls=10 0 
0 80 30 0 0 2
0 60 50

fn=(1294)
0 32 0 12 1 0 0 1
cob=(2)
cfi=(51)
cfn=(1296)
calls=4 0 
0 903 268 131 3 9 0 3 2
0 16 0 4
cob=(2)
cfi=(51)
cfn=(1302)
calls=4 0 
0 991 303 139 4 8 0 4 3
0 12 0 8 1 0 0 1
cob=(2)
cfi=(51)
cfn=(1308)
calls=4 0 
0 1271 314 131 3 7 0 3 2
0 16 0 4
cob=(2)
cfi=(51)
cfn=(1314)
calls=4 0 
0 1375 351 139 3 7 0 3 3
0 12 0 8
cob=(2)
cfi=(51)
cfn=(1320)
calls=4 0 
0 1287 316 131 2 8 0 2 2
0 16 0 4
cob=(2)
cfi=(51)
cfn=(1326)
calls=4 0 
0 1383 352 139 3 5 0 3 1
0 20 12 4

fn=(1394)
0 6 2 2 1 0 0 1

fn=(1398)
0 6 2 2

fn=(1434)
0 8 0 0 2 0 0 1
cfn=(1436) std::basic_ostream<char, std::char_traits<char> >& std::endl<char, std::char_traits<char> >(std::basic_ostream<char, std::char_traits<char> >&)
calls=4 0 
0 8173 2501 1295 126 98 7 83 26 1

fn=(1460)
0 28 4 0 1 0 0 1
cob=(2)
cfi=(51)
cfn=(1462)
calls=4 0 
0 1877 541 300 57 25 2 37 5 1

fn=(1628)
0 15 3 6 2 0 0 1
cob=(2)
cfi=(51)
cfn=(910)
calls=3 0 
0 24 9
0 33 18 3 3 0 0 1
cob=(2)
cfi=(51)
cfn=(1616)
calls=3 0 
0 282 93 60
0 12 6

fn=(1706)
0 84 42

fn=(1770)
0 12 6 0 2 0 0 1

fn=(1908)
0 15 0 6 3 0 0 1
cob=(2)
cfi=(51)
cfn=(1910)
calls=3 0 
0 12082 3575 1834 208 104 0 59 29
0 12 6

fn=(1146)
0 109 30 31 5 0 0 5

fn=(1252)
0 30 10 0 2 0 0 1

fn=(1318)
0 20 4 8 1 0 0 1
cob=(2)
cfi=(51)
cfn=(910)
calls=4 0 
0 32 12
0 24 20

fn=(1330)
0 20 4 8 1 0 0 1
cob=(2)
cfi=(51)
cfn=(910)
calls=4 0 
0 32 12
0 24 20

fn=(1358)
0 46264 0 11566 2 0 0 2
cob=(2)
cfi=(51)
cfn=(648)
calls=5783 0 
0 1072603 197781 162122 119 494 5048 18 0 727
0 23132 11566

fn=(1368)
0 6 2 0 1 0 0 1

fn=(1402)
0 6 4

fn=(1422)
0 36 18

fn=(1664)
0 408 60 54 6 0 0 2
cob=(2)
cfi=(51)
cfn=(1408)
calls=14 0 
0 194 56 28
0 174 74 44
cob=(2)
cfi=(51)
cfn=(1680)
calls=4 0 
0 2620 662 385 23 14 12 9 2
0 16 8 2

fn=(1694)
0 14 2 4 2 0 0 1
cob=(2)
cfi=(51)
cfn=(1696)
calls=2 0 
0 6870 1836 1086 105 88 16 54 14
0 16 6 0 0 2
cob=(2)
cfi=(51)
cfn=(1758)
calls=2 0 
0 1069 289 133 5 8 0 3 2

fn=(1754)
0 27 9 6 6 0 0 2
cob=(2)
cfi=(51)
cfn=(1756)
calls=3 0 
0 615 111 93 6 4 2 1
0 12 6 6

fn=(1784)
0 5857 1656 1095 6 0 0 4
cfn=(1786)
calls=3 0 
0 135 39 36 13 0 0 7
0 746 0 182
cob=(2)
cfi=(51)
cfn=(1408)
calls=182 0 
0 3123 665 301 2 0 4 1
0 364 0 182

fn=(1796)
0 578 34 272 9 0 0 2
cob=(2)
cfi=(51)
cfn=(1454)
calls=34 0 
0 850 306 170
0 650 294 31
cfn=(1798)
calls=31 0 
0 8549 1906 1286 4
0 27 9 3 2 4 0 1
cfn=(1798)
calls=3 0 
0 2194 506 254 20 14 0 12
0 719 457 6 7 4 0 3

fn=(1804)
0 680 34 340 6 0 0 2
cfn=(1806)
calls=34 0 
0 986 408 170 3 4 0 1
0 986 34 204 3 0 0 2
cfn=(1812) 0x000000000012e8f0
calls=34 0 
0 1502 117 83 3 2 0 3
0 952 238 102 4 0 0 2
cfn=(1776)
calls=34 0 
0 3536 918 510
0 544 306 0 2 0 0 1

fn=(1812)
0 1502 117 83 3 2 0 3

fn=(1836)
0 920 40 520 3 0 0 2
cfn=(1806)
calls=40 0 
0 1160 480 200
0 440 40 80 2 0 0 1
cob=(2)
cfi=(51)
cfn=(1838)
calls=40 0 
0 2308 432 291 11 9 2 5 2
0 520 40 120 3 0 0 1
cob=(2)
cfi=(51)
cfn=(870)
calls=40 0 
0 760 240 40 13 6
0 440 80 120 3 0 0 1
cfn=(1844)
calls=40 0 
0 81938 16954 12359 466 73 44 154 20
0 200 40 80 1 0 0 1
cob=(2)
cfi=(51)
cfn=(1254)
calls=40 0 
0 840 400 80 4
0 1240 160 120 6 0 0 3
cob=(2)
cfi=(51)
cfn=(1900)
calls=40 0 
0 1721 411 143 14 14 0 4 4
0 1080 360 120 6 0 0 2
cfn=(1776)
calls=40 0 
0 3972 1080 600
0 920 440 40 3 0 0 1
cob=(2)
cfi=(51)
cfn=(1408)
calls=40 0 
0 612 160 80
0 120 0 40 3 0 0 1

fn=(1914)
0 72 6 30 6 0 0 2
cob=(2)
cfi=(51)
cfn=(1702)
calls=6 0 
0 36 18
0 21 0 6
cob=(2)
cfi=(51)
cfn=(1916)
calls=3 0 
0 6108 1853 910 62 58 0 18 18
0 15 0 9 3 0 0 1
cob=(2)
cfi=(51)
cfn=(1950)
calls=3 0 
0 1724 466 206 35 9 0 4 2
0 42 6 24 3 0 0 1
cob=(2)
cfi=(51)
cfn=(1958)
calls=3 0 
0 3068 941 533 90 30 0 31 8
0 72 36 0 3 0 0 1

fn=(2004)
0 24 3 9 3 0 0 1
cob=(2)
cfi=(51)
cfn=(2006)
calls=3 0 
0 1009 285 140 9 10 0 4 1
0 6 0 3 3 0 0 1
cob=(2)
cfi=(51)
cfn=(2012)
calls=3 0 
0 943 276 143 6 6 0 3 1
0 21 6
cob=(2)
cfi=(51)
cfn=(1236)
calls=3 0 
0 30 15 3

fn=(2046)
0 8 0 2 1 0 0 1
cob=(2)
cfi=(51)
cfn=(2048)
calls=2 0 
0 927 324 144 3 44 0 3 2
0 6 2

fn=(2142)
0 2 1 0 1 0 0 1

fn=(618)
0 10 4 2 1 1 0 1

fn=(646)
0 9 0 5 1 0 1 1
cob=(2)
cfi=(51)
cfn=(648)
calls=1 0 
0 2671 490 484 76 25 48 76 8 46
0 8 1 4 1 0 0 1

fn=(708)
0 5 0 0 1 0 0 1
cob=(2)
cfi=(51)
cfn=(622)
calls=1 0 
0 77 15 15

fn=(834)
0 39 7 17 5 4 3 5 1
cob=(2)
cfi=(51)
cfn=(836)
calls=1 0 
0 79037 21636 10061 343 411 98 335 83 95
0 16 3 11 2 0 1 2
cob=(2)
cfi=(51)
cfn=(836)
calls=1 0 
0 27 11 6 1 1
0 14 2 11 1 0 2 1
cob=(2)
cfi=(51)
cfn=(836)
calls=1 0 
0 27 11 6
0 7 1 4 1 0 0 1
cob=(2)
cfi=(51)
cfn=(1212)
calls=1 0 
0 803 251 161 5 7 4 5 1
0 11 1 6 1 0 1 1
cob=(2)
cfi=(51)
cfn=(1218)
calls=1 0 
0 11603 3141 1485 35 79 0 33 20
0 4 1 1
cob=(2)
cfi=(51)
cfn=(1212)
calls=1 0 
0 87 13 30 0 0 4 0 0 3
0 15 1 8 2 0 0 2
cob=(2)
cfi=(51)
cfn=(1218)
calls=1 0 
0 223 76 44
0 5 1 1
cob=(2)
cfi=(51)
cfn=(1212)
calls=1 0 
0 87 13 30 0 0 4 0 0 4
0 11 1 6 1 0 1 1 0 1
cob=(2)
cfi=(51)
cfn=(1218)
calls=1 0 
0 223 76 44
0 4 1 2 1 0 0 1
cob=(2)
cfi=(51)
cfn=(1212)
calls=1 0 
0 87 13 30 0 0 4 0 0 4
0 11 2 6 1 0 0 1
cob=(2)
cfi=(51)
cfn=(1218)
calls=1 0 
0 223 76 44
0 23 4 12 2 2 1 2
cob=(2)
cfi=(51)
cfn=(836)
calls=1 0 
0 27 11 6
0 16 3 11 2 0 3 2
cob=(2)
cfi=(51)
cfn=(836)
calls=1 0 
0 27 11 6
0 14 2 11 2 0 1 2
cob=(2)
cfi=(51)
cfn=(836)
calls=1 0 
0 27 11 6
0 7 1 4 1 0 0 1
cob=(2)
cfi=(51)
cfn=(1212)
calls=1 0 
0 87 13 30 0 0 4 0 0 4
0 11 1 7 1 0 1 1 0 1
cob=(2)
cfi=(51)
cfn=(1284)
calls=1 0 
0 9351 2414 1093 26 57 0 26 17
0 4 1 1
cob=(2)
cfi=(51)
cfn=(1212)
calls=1 0 
0 87 13 30 0 0 4 0 0 4
0 15 1 9 2 0 0 2
cob=(2)
cfi=(51)
cfn=(1284)
calls=1 0 
0 223 76 45
0 5 1 1
cob=(2)
cfi=(51)
cfn=(1212)
calls=1 0 
0 87 13 30 0 0 4 0 0 2
0 11 1 7 1 0 1 1 0 1
cob=(2)
cfi=(51)
cfn=(1284)
calls=1 0 
0 223 76 45
0 4 1 2
cob=(2)
cfi=(51)
cfn=(1212)
calls=1 0 
0 87 13 30 0 0 4
0 11 2 7 2 0 0 2
cob=(2)
cfi=(51)
cfn=(1284)
calls=1 0 
0 223 76 45
0 15 9 4 0 1

fn=(962)
0 13 1 5 2 0 1 2 0 1
cob=(2)
cfi=(51)
cfn=(870)
calls=1 0 
0 19 6 1
0 7 2 2
cob=(2)
cfi=(51)
cfn=(964)
calls=1 0 
0 28250 7365 3874 48 79 20 43 19 20

fn=(1042)
0 15 1 7 2 0 0 2
cob=(2)
cfi=(51)
cfn=(858)
calls=1 0 
0 5 2
0 4 0 2
cob=(2)
cfi=(51)
cfn=(1044)
calls=1 0 
0 1286 301 161 16 10 0 16 3
0 4 3

fn=(1436)
0 57 19 11 4 5 0 2
cob=(2)
cfi=(51)
cfn=(1448)
calls=3 0 
0 795 234 111 21 8 1
0 2 0 1
cob=(2)
cfi=(51)
cfn=(1448)
calls=1 0 
0 2800 903 495 52 34 1 49 10 1
0 20 8
cob=(2)
cfi=(51)
cfn=(1494)
calls=4 0 
0 2041 735 364 28 23 0 15 6
0 2 0 1
cob=(2)
cfi=(51)
cfn=(1438)
calls=1 0 
0 2451 599 312 20 28 5 16 10
0 5 3 0 1 0 0 1

fn=(1562)
0 11566 0 0 1 0 0 1
cob=(2)
cfi=(51)
cfn=(1564)
calls=5783 0 
0 1016950 303834 126625 62 5185 51 29 1

fn=(1654)
0 120 16 40 6 0 0 2
cob=(2)
cfi=(51)
cfn=(1588)
calls=8 0 
0 949 198 130 10 5 1 2
0 184 72 24 4 0 0 2

fn=(1714)
0 27 6 0 3 2 0 1 1

fn=(1828)
0 680 40 320 6 0 0 2
cob=(2)
cfi=(51)
cfn=(1454)
calls=40 0 
0 1000 360 200
0 800 360 40 2 2 0 1
cfn=(1830) std::num_put<char, std::ostreambuf_iterator<char, std::char_traits<char> > >::do_put(std::ostreambuf_iterator<char, std::char_traits<char> >, std::ios_base&, char, double) const
calls=40 0 
0 100842 21723 15164 546 111 46 179 27
0 800 520 0 3 0 0 2

fn=(1920)
0 54 15 24 5 0 0 2
cfn=(1786)
calls=3 0 
0 4876 1507 752 47 50 0 12 16
0 27 12 3
cfn=(1778)
calls=3 0 
0 9 3
0 45 27 0 6 0 0 2

fn=(1926)
0 60 12 24 6 0 0 2
cfn=(1778)
calls=3 0 
0 9 3
0 18 0 3 3 0 0 1
cob=(2)
cfi=(51)
cfn=(1928)
calls=3 0 
0 3466 1132 567 29 41 0 6 13
0 39 27 0 3 0 0 1

fn=(1998)
0 6 0 0 3 0 0 1
cob=(2)
cfi=(51)
cfn=(1958)
calls=3 0 
0 51 18 6

fn=(2010)
0 33 15 9 4 0 0 2

fn=(2040)
0 6 0 2 1 0 0 1
cob=(2)
cfi=(51)
cfn=(2042)
calls=2 0 
0 1669 567 277 6 55 0 6 4
0 10 4 0 0 1

fn=(2138)
0 2 1 0 1 0 0 1

fn=(634)
0 3 0 1
cob=(2)
cfi=(51)
cfn=(636)
calls=1 0 
0 791 246 131 3 10 0 3 1
0 4 2 1 0 1 1

fn=(640)
0 3 1 0 1 0 0 1

fn=(644)
0 3 1 1 0 0 1

fn=(868)
0 15 1 6 1 0 1 1 0 1
cob=(2)
cfi=(51)
cfn=(870)
calls=1 0 
0 3983 1194 589 27 48 1 27 16
0 101 7 73 3 1 8 3 0 8

fn=(1024)
0 350 74 74 5 1 3 5 1 3

fn=(1228)
0 196 28 84 3 3 0 2 1
cob=(2)
cfi=(51)
cfn=(836)
calls=14 0 
0 378 154 84 0 0 1
0 42 0 14
cob=(2)
cfi=(51)
cfn=(1230)
calls=14 0 
0 1040 352 173 11 10 0 5 1
0 28 0 14
cob=(2)
cfi=(51)
cfn=(1236)
calls=14 0 
0 880 311 145 1 8 0 1
0 98 70 0 2 0 0 1

fn=(1234)
0 280 98 42 8 0 0 3

fn=(1246)
0 80 0 30 3 0 0 1
cob=(2)
cfi=(51)
cfn=(1248)
calls=10 0 
0 949 282 131 7 10 0 3 2
0 40 0 10
cob=(2)
cfi=(51)
cfn=(1254)
calls=10 0 
0 1117 363 151 8 18 0 2 2
0 30 0 20
cob=(2)
cfi=(51)
cfn=(1260)
calls=10 0 
0 1301 326 131 7 7 0 3 3
0 40 0 10
cob=(2)
cfi=(51)
cfn=(1266)
calls=10 0 
0 1485 409 151 6 13 0 3 1
0 30 0 20 4 0 0 1
cob=(2)
cfi=(51)
cfn=(1272)
calls=10 0 
0 1301 326 131 4 9 0 2 2
0 40 0 10
cob=(2)
cfi=(51)
cfn=(1278)
calls=10 0 
0 1485 409 151 4 11 0 1 3
0 50 30 10

fn=(1264)
0 30 10 0 2 0 0 1

fn=(1406)
0 14 0 0 1 0 0 1
cob=(2)
cfi=(51)
cfn=(1408)
calls=2 0 
0 1087 358 169 8 23 3 5 8

fn=(1458)
0 2929 780 781 2 1 0 2
cob=(2)
cfi=(51)
cfn=(1495)
calls=1 0 
0 136 53 23
0 1563 782 195 4 0 0 1

fn=(1459)
0 23 8 5

fn=(1520)
0 1980 110 990 2 0 0 2
cob=(2)
cfi=(51)
cfn=(1454)
calls=110 0 
0 2750 990 550 6
0 3630 2310 330 4 2 0 3
cfn=(1776)
calls=108 0 
0 12120 3190 1727 31 11 5 17
cfn=(1522)
calls=2 0 
0 1269 392 187 26 10 0 14 5
0 550 220

fn=(1674)
0 32 0 12
cob=(2)
cfi=(51)
cfn=(1676)
calls=4 0 
0 887 301 143 5 38 0 2 1
0 44 12 0 1 0 0 1
cob=(2)
cfi=(51)
cfn=(1660)
calls=4 0 
0 2744 694 405 23 14 12 9 2

fn=(1700)
0 36 0 15 3 0 0 1
cob=(2)
cfi=(51)
cfn=(1702)
calls=3 0 
0 907 276 136 3 10 0 2 1
0 21 0 3
cob=(2)
cfi=(51)
cfn=(1708)
calls=3 0 
0 3894 1039 749 119 54 14 42 9
0 6 0 3 3 0 0 1
cob=(2)
cfi=(51)
cfn=(1702)
calls=3 0 
0 18 9
0 12 0 3
cob=(2)
cfi=(51)
cfn=(1750)
calls=3 0 
0 1807 422 236 16 14 2 5 2
0 66 21 24 3 0 0 1

fn=(1762)
0 21 9 3 3 0 0 1

fn=(1830)
0 160 0 0 2 0 0 1
cob=(2)
cfi=(51)
cfn=(1832)
calls=40 0 
0 100682 21723 15164 544 111 46 178 27

fn=(1938)
0 9 3
cob=(2)
cfi=(51)
cfn=(1940)
calls=3 0 
0 843 297 141 8 13 0 1 4

fn=(2026)
0 6 0 2 1 0 0 1
cob=(2)
cfi=(51)
cfn=(1696)
calls=1 0 
0 1018 223 214 45
0 8 3
cob=(2)
cfi=(51)
cfn=(1758)
calls=1 0 
0 9 4 1 1

fn=(2122)
0 9 3 2 1 3 0 1
cob=(2)
cfi=(51)
cfn=(2128)
calls=1 0 
0 1151 349 181 13 10 0 7
0 1 0 1
cfn=(2156)
calls=1 0 
0 5 1 0 1
0 3 2 1

fn=(2134)
0 2 1

fn=(680)
0 78 7 36 4 1 4 4

fn=(710)
0 7 0 2 1 0 0 1
cob=(2)
cfi=(51)
cfn=(622)
calls=1 0 
0 77 15 15 0 0 1
0 5 1
cob=(2)
cfi=(51)
cfn=(622)
calls=1 0 
0 77 15 15

fn=(968)
0 10 1 5 1 0 0 1
cob=(2)
cfi=(51)
cfn=(970)
calls=1 0 
0 863 300 145 4 16 0 4 4
0 770 0 256 1 0 2 1 0 2
cob=(2)
cfi=(51)
cfn=(976)
calls=128 0 
0 4565 1319 658 7 13 0 5 3
0 260 0 2
cob=(2)
cfi=(51)
cfn=(982)
calls=1 0 
0 816 293 146 6 11 0 6 3
0 510 0 255
cob=(2)
cfi=(51)
cfn=(982)
calls=255 0 
0 13150 3959 1531 4 5 0 4
0 1086 0 272 1 0 16 1 0 16
cob=(2)
cfi=(51)
cfn=(994)
calls=8 0 
0 3493 895 371 21 25 0 18 8
0 72 0 16 0 0 2 0 0 2
cob=(2)
cfi=(51)
cfn=(994)
calls=4 0 
0 1736 326 78
0 23 4 4
cob=(2)
cfi=(51)
cfn=(970)
calls=1 0 
0 24 10 4 0 1
0 2 0 0 1 0 0 1

fn=(1054)
0 13 1 5 1 0 0 1
cob=(2)
cfi=(51)
cfn=(870)
calls=1 0 
0 19 6 1
0 2 0 2
cob=(2)
cfi=(51)
cfn=(858)
calls=1 0 
0 5 2
0 5 3 1

fn=(1116)
0 13 1 5 2 1 1 2 0 1
cob=(2)
cfi=(51)
cfn=(870)
calls=1 0 
0 19 6 1
0 2 0 2
cob=(2)
cfi=(51)
cfn=(858)
calls=1 0 
0 5 2
0 5 3 1

fn=(1158)
0 109 30 31 6 0 0 6

fn=(1312)
0 12 4 0 1 0 0 1

fn=(1324)
0 12 4

fn=(1372)
0 6 2 2 1 0 0 1

fn=(1514)
0 32 16 0 5 0 0 1
cob=(2)
cfi=(51)
cfn=(1516)
calls=8 0 
0 3720 1126 544 33 20 0 21 9

fn=(1596)
0 33 0 18 1 0 1 1
cob=(2)
cfi=(51)
cfn=(1212)
calls=3 0 
0 261 39 90 17 12 2
0 36 0 21 3 0 1 1
cob=(2)
cfi=(51)
cfn=(1218)
calls=3 0 
0 669 228 132 43 40 1
0 24 3 9 3 2 0 1
cob=(2)
cfi=(51)
cfn=(1598)
calls=3 0 
0 5672 1657 916 60 70 14 27 5
0 9 0 3
cob=(2)
cfi=(51)
cfn=(1218)
calls=3 0 
0 669 228 132
0 18 18

fn=(1646)
0 48 8 24 2 0 1 1

fn=(1650)
0 24 16 0 2 0 0 1

fn=(1766)
0 111 17 0 11 0 0 2
cob=(2)
cfi=(51)
cfn=(1558)
calls=13 0 
0 1235 390 195 2 1 1
0 4 4

fn=(1822)
0 80 0 0 3 0 0 1
cob=(2)
cfi=(51)
cfn=(1824)
calls=40 0 
0 104973 23289 15855 560 122 46 186 28

fn=(1932)
0 30 0 15 6 0 0 2
cob=(2)
cfi=(51)
cfn=(1934)
calls=3 0 
0 1662 552 272 11 21 0 1 5
0 15 0 3
cob=(2)
cfi=(51)
cfn=(1946)
calls=3 0 
0 860 306 146 6 9 0 0 5
0 33 15 0 2 0 0 1

fn=(1992)
0 45 6 12 5 0 0 2
cob=(2)
cfi=(51)
cfn=(1910)
calls=3 0 
0 99 33 15 3 0 0 1
0 6 0 3
cob=(2)
cfi=(51)
cfn=(1994)
calls=3 0 
0 843 267 137 7 9 0 3 1
0 15 3 6 3 0 0 1
cob=(2)
cfi=(51)
cfn=(1236)
calls=3 0 
0 30 15 3
0 24 6 6 0 2
cob=(2)
cfi=(51)
cfn=(2000)
calls=3 0 
0 2763 827 429 25 22 0 11 3

fn=(2064)
0 49 12 13 2 1 0 2
cob=(2)
cfi=(51)
cfn=(2055)
calls=1 0 
0 136 53 23
0 27 14 3 1 0 0 1

fn=(2065)
0 23 8 5

fn=(2150)
0 4 2

totals: 1200453208 484537941 105221595 3880 2674149 80700 2589 7764 9970
